{
  "type": "FeatureCollection",
  "name": "43000_熊本県",
  "features": [
    {
      "type": "Feature",
      "geometry": {
        "type": "Point",
        "coordinates": [
          130.933561,
          32.237951
        ]
      },
      "properties": {
        "NO": "1",
        "共通ID": "E4351400001111",
        "施設・場所名": "岡原小学校体育館",
        "住所": "熊本県あさぎり町岡原北1313",
        "指定緊急避難場所との住所同一": "",
        "その他市町村長が必要と認める事項": "",
        "受入対象者": "",
        "備考": ""
      }
    },
    {
      "type": "Feature",
      "geometry": {
        "type": "Point",
        "coordinates": [
          130.931887,
          32.23959
        ]
      },
      "properties": {
        "NO": "2",
        "共通ID": "E4351400002112",
        "施設・場所名": "もみじ館（予備：岡原保健センター）",
        "住所": "熊本県あさぎり町岡原北904",
        "指定緊急避難場所との住所同一": "",
        "その他市町村長が必要と認める事項": "",
        "受入対象者": "",
        "備考": ""
      }
    },
    {
      "type": "Feature",
      "geometry": {
        "type": "Point",
        "coordinates": [
          130.929311,
          32.240124
        ]
      },
      "properties": {
        "NO": "3",
        "共通ID": "E4351400003121",
        "施設・場所名": "ふれあい福祉センター",
        "住所": "熊本県あさぎり町岡原北929",
        "指定緊急避難場所との住所同一": "",
        "その他市町村長が必要と認める事項": "",
        "受入対象者": "",
        "備考": ""
      }
    },
    {
      "type": "Feature",
      "geometry": {
        "type": "Point",
        "coordinates": [
          130.909708,
          32.221566
        ]
      },
      "properties": {
        "NO": "4",
        "共通ID": "E4351400004111",
        "施設・場所名": "上総合運動公園体育館（予備：武道場）",
        "住所": "熊本県あさぎり町上東128-2",
        "指定緊急避難場所との住所同一": "",
        "その他市町村長が必要と認める事項": "",
        "受入対象者": "",
        "備考": ""
      }
    },
    {
      "type": "Feature",
      "geometry": {
        "type": "Point",
        "coordinates": [
          130.895509,
          32.232361
        ]
      },
      "properties": {
        "NO": "5",
        "共通ID": "E4351400009111",
        "施設・場所名": "南稜高校体育館",
        "住所": "熊本県あさぎり町上北310",
        "指定緊急避難場所との住所同一": "",
        "その他市町村長が必要と認める事項": "",
        "受入対象者": "",
        "備考": ""
      }
    },
    {
      "type": "Feature",
      "geometry": {
        "type": "Point",
        "coordinates": [
          130.877483,
          32.250474
        ]
      },
      "properties": {
        "NO": "6",
        "共通ID": "E4351400011111",
        "施設・場所名": "深田高山総合運動公園体育館（予備：定住促進センター）",
        "住所": "熊本県あさぎり町深田東1404",
        "指定緊急避難場所との住所同一": "",
        "その他市町村長が必要と認める事項": "",
        "受入対象者": "",
        "備考": ""
      }
    },
    {
      "type": "Feature",
      "geometry": {
        "type": "Point",
        "coordinates": [
          130.875254,
          32.24468
        ]
      },
      "properties": {
        "NO": "7",
        "共通ID": "E4351400013111",
        "施設・場所名": "深田小学校体育館",
        "住所": "熊本県あさぎり町深田東787",
        "指定緊急避難場所との住所同一": "",
        "その他市町村長が必要と認める事項": "",
        "受入対象者": "",
        "備考": ""
      }
    },
    {
      "type": "Feature",
      "geometry": {
        "type": "Point",
        "coordinates": [
          130.900365,
          32.266571
        ]
      },
      "properties": {
        "NO": "8",
        "共通ID": "E4351400014111",
        "施設・場所名": "須恵文化ホール（予備：研修室・会議室）",
        "住所": "熊本県あさぎり町須恵1227",
        "指定緊急避難場所との住所同一": "",
        "その他市町村長が必要と認める事項": "",
        "受入対象者": "",
        "備考": ""
      }
    },
    {
      "type": "Feature",
      "geometry": {
        "type": "Point",
        "coordinates": [
          130.900509,
          32.265961
        ]
      },
      "properties": {
        "NO": "9",
        "共通ID": "E4351400015111",
        "施設・場所名": "須恵小学校体育館",
        "住所": "熊本県あさぎり町須恵1230",
        "指定緊急避難場所との住所同一": "",
        "その他市町村長が必要と認める事項": "",
        "受入対象者": "",
        "備考": ""
      }
    },
    {
      "type": "Feature",
      "geometry": {
        "type": "Point",
        "coordinates": [
          130.896114,
          32.235215
        ]
      },
      "properties": {
        "NO": "10",
        "共通ID": "E4351400018111",
        "施設・場所名": "免田小学校体育館",
        "住所": "熊本県あさぎり町免田東1719",
        "指定緊急避難場所との住所同一": "",
        "その他市町村長が必要と認める事項": "",
        "受入対象者": "",
        "備考": ""
      }
    },
    {
      "type": "Feature",
      "geometry": {
        "type": "Point",
        "coordinates": [
          130.898965,
          32.234893
        ]
      },
      "properties": {
        "NO": "11",
        "共通ID": "E4351400019111",
        "施設・場所名": "免田地区体育館（予備：武道場）",
        "住所": "熊本県あさぎり町免田東1774",
        "指定緊急避難場所との住所同一": "",
        "その他市町村長が必要と認める事項": "",
        "受入対象者": "",
        "備考": ""
      }
    },
    {
      "type": "Feature",
      "geometry": {
        "type": "Point",
        "coordinates": [
          130.993893,
          32.886209
        ]
      },
      "properties": {
        "NO": "12",
        "共通ID": "E4343300055111",
        "施設・場所名": "（旧）長陽西部小学校体育館",
        "住所": "熊本県阿蘇郡南阿蘇村河陽4964",
        "指定緊急避難場所との住所同一": "",
        "その他市町村長が必要と認める事項": "",
        "受入対象者": "",
        "備考": ""
      }
    },
    {
      "type": "Feature",
      "geometry": {
        "type": "Point",
        "coordinates": [
          131.15126,
          33.029646
        ]
      },
      "properties": {
        "NO": "13",
        "共通ID": "E4321400001111",
        "施設・場所名": "荻の草公民館",
        "住所": "熊本県阿蘇市一の宮町荻の草438",
        "指定緊急避難場所との住所同一": "1",
        "その他市町村長が必要と認める事項": null,
        "受入対象者": null,
        "備考": ""
      }
    },
    {
      "type": "Feature",
      "geometry": {
        "type": "Point",
        "coordinates": [
          131.125423,
          32.937754
        ]
      },
      "properties": {
        "NO": "14",
        "共通ID": "E4321400002111",
        "施設・場所名": "一の宮農業構造改善センター",
        "住所": "熊本県阿蘇市一の宮町宮地1288",
        "指定緊急避難場所との住所同一": "1",
        "その他市町村長が必要と認める事項": null,
        "受入対象者": null,
        "備考": ""
      }
    },
    {
      "type": "Feature",
      "geometry": {
        "type": "Point",
        "coordinates": [
          131.123373,
          32.950866
        ]
      },
      "properties": {
        "NO": "15",
        "共通ID": "E4321400003111",
        "施設・場所名": "一の宮中学校体育館",
        "住所": "熊本県阿蘇市一の宮町宮地1669-2",
        "指定緊急避難場所との住所同一": "1",
        "その他市町村長が必要と認める事項": null,
        "受入対象者": null,
        "備考": ""
      }
    },
    {
      "type": "Feature",
      "geometry": {
        "type": "Point",
        "coordinates": [
          131.121981,
          32.949405
        ]
      },
      "properties": {
        "NO": "16",
        "共通ID": "E4321400004111",
        "施設・場所名": "一の宮小学校体育館",
        "住所": "熊本県阿蘇市一の宮町宮地1680",
        "指定緊急避難場所との住所同一": "1",
        "その他市町村長が必要と認める事項": null,
        "受入対象者": null,
        "備考": ""
      }
    },
    {
      "type": "Feature",
      "geometry": {
        "type": "Point",
        "coordinates": [
          131.115569,
          32.939126
        ]
      },
      "properties": {
        "NO": "17",
        "共通ID": "E4321400005111",
        "施設・場所名": "一の宮体育館",
        "住所": "熊本県阿蘇市一の宮町宮地2318-1",
        "指定緊急避難場所との住所同一": "1",
        "その他市町村長が必要と認める事項": null,
        "受入対象者": null,
        "備考": ""
      }
    },
    {
      "type": "Feature",
      "geometry": {
        "type": "Point",
        "coordinates": [
          131.099924,
          32.953143
        ]
      },
      "properties": {
        "NO": "18",
        "共通ID": "E4321400006111",
        "施設・場所名": "阿蘇中央高校阿蘇清峰校舎体育館",
        "住所": "熊本県阿蘇市一の宮町宮地4131",
        "指定緊急避難場所との住所同一": "1",
        "その他市町村長が必要と認める事項": null,
        "受入対象者": null,
        "備考": ""
      }
    },
    {
      "type": "Feature",
      "geometry": {
        "type": "Point",
        "coordinates": [
          131.051049,
          32.976041
        ]
      },
      "properties": {
        "NO": "19",
        "共通ID": "E4321400009111",
        "施設・場所名": "国立阿蘇青少年交流の家",
        "住所": "熊本県阿蘇市一の宮町宮地6029-1",
        "指定緊急避難場所との住所同一": "1",
        "その他市町村長が必要と認める事項": null,
        "受入対象者": null,
        "備考": ""
      }
    },
    {
      "type": "Feature",
      "geometry": {
        "type": "Point",
        "coordinates": [
          131.131149,
          32.93691
        ]
      },
      "properties": {
        "NO": "20",
        "共通ID": "E4321400010111",
        "施設・場所名": "坂梨体育館",
        "住所": "熊本県阿蘇市一の宮町坂梨3028",
        "指定緊急避難場所との住所同一": "1",
        "その他市町村長が必要と認める事項": null,
        "受入対象者": null,
        "備考": ""
      }
    },
    {
      "type": "Feature",
      "geometry": {
        "type": "Point",
        "coordinates": [
          131.137695,
          32.937261
        ]
      },
      "properties": {
        "NO": "21",
        "共通ID": "E4321400011111",
        "施設・場所名": "坂梨公民館",
        "住所": "熊本県阿蘇市一の宮町坂梨846-1",
        "指定緊急避難場所との住所同一": "1",
        "その他市町村長が必要と認める事項": null,
        "受入対象者": null,
        "備考": ""
      }
    },
    {
      "type": "Feature",
      "geometry": {
        "type": "Point",
        "coordinates": [
          131.11159,
          32.964277
        ]
      },
      "properties": {
        "NO": "22",
        "共通ID": "E4321400012111",
        "施設・場所名": "中通体育館",
        "住所": "熊本県阿蘇市一の宮町中通1521",
        "指定緊急避難場所との住所同一": "1",
        "その他市町村長が必要と認める事項": null,
        "受入対象者": null,
        "備考": ""
      }
    },
    {
      "type": "Feature",
      "geometry": {
        "type": "Point",
        "coordinates": [
          131.113299,
          32.96379
        ]
      },
      "properties": {
        "NO": "23",
        "共通ID": "E4321400013111",
        "施設・場所名": "中通公民館",
        "住所": "熊本県阿蘇市一の宮町中通1646-4",
        "指定緊急避難場所との住所同一": "1",
        "その他市町村長が必要と認める事項": null,
        "受入対象者": null,
        "備考": ""
      }
    },
    {
      "type": "Feature",
      "geometry": {
        "type": "Point",
        "coordinates": [
          131.128874,
          32.970176
        ]
      },
      "properties": {
        "NO": "24",
        "共通ID": "E4321400014111",
        "施設・場所名": "古城体育館",
        "住所": "熊本県阿蘇市一の宮町中通2177",
        "指定緊急避難場所との住所同一": "1",
        "その他市町村長が必要と認める事項": null,
        "受入対象者": null,
        "備考": ""
      }
    },
    {
      "type": "Feature",
      "geometry": {
        "type": "Point",
        "coordinates": [
          131.024988,
          32.937479
        ]
      },
      "properties": {
        "NO": "25",
        "共通ID": "E4321400015111",
        "施設・場所名": "永草公民館",
        "住所": "熊本県阿蘇市永草2685",
        "指定緊急避難場所との住所同一": "1",
        "その他市町村長が必要と認める事項": null,
        "受入対象者": null,
        "備考": ""
      }
    },
    {
      "type": "Feature",
      "geometry": {
        "type": "Point",
        "coordinates": [
          131.040974,
          32.94018
        ]
      },
      "properties": {
        "NO": "26",
        "共通ID": "E4321400016111",
        "施設・場所名": "乙姫体育館",
        "住所": "熊本県阿蘇市乙姫1612",
        "指定緊急避難場所との住所同一": "1",
        "その他市町村長が必要と認める事項": null,
        "受入対象者": null,
        "備考": ""
      }
    },
    {
      "type": "Feature",
      "geometry": {
        "type": "Point",
        "coordinates": [
          131.080171,
          32.930095
        ]
      },
      "properties": {
        "NO": "27",
        "共通ID": "E4321400052111",
        "施設・場所名": "阿蘇郡市医師会",
        "住所": "熊本県阿蘇市黒川1178",
        "指定緊急避難場所との住所同一": "1",
        "その他市町村長が必要と認める事項": "",
        "受入対象者": "",
        "備考": ""
      }
    },
    {
      "type": "Feature",
      "geometry": {
        "type": "Point",
        "coordinates": [
          131.072075,
          32.97024
        ]
      },
      "properties": {
        "NO": "28",
        "共通ID": "E4321400021111",
        "施設・場所名": "今町公民館",
        "住所": "熊本県阿蘇市今町52-1",
        "指定緊急避難場所との住所同一": "1",
        "その他市町村長が必要と認める事項": null,
        "受入対象者": null,
        "備考": ""
      }
    },
    {
      "type": "Feature",
      "geometry": {
        "type": "Point",
        "coordinates": [
          131.100525,
          32.973881
        ]
      },
      "properties": {
        "NO": "29",
        "共通ID": "E4321400022111",
        "施設・場所名": "鷲の石公民館",
        "住所": "熊本県阿蘇市山田1632-3",
        "指定緊急避難場所との住所同一": "1",
        "その他市町村長が必要と認める事項": null,
        "受入対象者": null,
        "備考": ""
      }
    },
    {
      "type": "Feature",
      "geometry": {
        "type": "Point",
        "coordinates": [
          131.009005,
          32.946049
        ]
      },
      "properties": {
        "NO": "30",
        "共通ID": "E4321400023111",
        "施設・場所名": "旧ＪＡ阿蘇尾ケ石支所",
        "住所": "熊本県阿蘇市狩尾1456-1",
        "指定緊急避難場所との住所同一": "1",
        "その他市町村長が必要と認める事項": null,
        "受入対象者": null,
        "備考": ""
      }
    },
    {
      "type": "Feature",
      "geometry": {
        "type": "Point",
        "coordinates": [
          131.035472,
          32.956657
        ]
      },
      "properties": {
        "NO": "31",
        "共通ID": "E4321400024111",
        "施設・場所名": "狩尾１区公民館",
        "住所": "熊本県阿蘇市狩尾503-4",
        "指定緊急避難場所との住所同一": "1",
        "その他市町村長が必要と認める事項": null,
        "受入対象者": null,
        "備考": ""
      }
    },
    {
      "type": "Feature",
      "geometry": {
        "type": "Point",
        "coordinates": [
          131.019001,
          32.952255
        ]
      },
      "properties": {
        "NO": "32",
        "共通ID": "E4321400025111",
        "施設・場所名": "尾ケ石東部体育館",
        "住所": "熊本県阿蘇市狩尾675",
        "指定緊急避難場所との住所同一": "1",
        "その他市町村長が必要と認める事項": null,
        "受入対象者": null,
        "備考": ""
      }
    },
    {
      "type": "Feature",
      "geometry": {
        "type": "Point",
        "coordinates": [
          131.019441,
          32.951618
        ]
      },
      "properties": {
        "NO": "33",
        "共通ID": "E4321400026111",
        "施設・場所名": "狩尾２区公民館",
        "住所": "熊本県阿蘇市狩尾682-5",
        "指定緊急避難場所との住所同一": "1",
        "その他市町村長が必要と認める事項": null,
        "受入対象者": null,
        "備考": ""
      }
    },
    {
      "type": "Feature",
      "geometry": {
        "type": "Point",
        "coordinates": [
          131.089168,
          32.96996
        ]
      },
      "properties": {
        "NO": "34",
        "共通ID": "E4321400027111",
        "施設・場所名": "山田体育館",
        "住所": "熊本県阿蘇市小野田567-2",
        "指定緊急避難場所との住所同一": "1",
        "その他市町村長が必要と認める事項": null,
        "受入対象者": null,
        "備考": ""
      }
    },
    {
      "type": "Feature",
      "geometry": {
        "type": "Point",
        "coordinates": [
          130.975973,
          33.007824
        ]
      },
      "properties": {
        "NO": "35",
        "共通ID": "E4321400030111",
        "施設・場所名": "旧深葉分校（校舎）",
        "住所": "熊本県阿蘇市西湯浦1464-87",
        "指定緊急避難場所との住所同一": "1",
        "その他市町村長が必要と認める事項": null,
        "受入対象者": null,
        "備考": ""
      }
    },
    {
      "type": "Feature",
      "geometry": {
        "type": "Point",
        "coordinates": [
          130.995528,
          32.917735
        ]
      },
      "properties": {
        "NO": "36",
        "共通ID": "E4321400031111",
        "施設・場所名": "赤水公民館",
        "住所": "熊本県阿蘇市赤水920-16",
        "指定緊急避難場所との住所同一": "1",
        "その他市町村長が必要と認める事項": null,
        "受入対象者": null,
        "備考": ""
      }
    },
    {
      "type": "Feature",
      "geometry": {
        "type": "Point",
        "coordinates": [
          131.005212,
          32.933975
        ]
      },
      "properties": {
        "NO": "37",
        "共通ID": "E4321400032111",
        "施設・場所名": "跡ケ瀬公民館",
        "住所": "熊本県阿蘇市跡ケ瀬165-4",
        "指定緊急避難場所との住所同一": "1",
        "その他市町村長が必要と認める事項": "",
        "受入対象者": "",
        "備考": ""
      }
    },
    {
      "type": "Feature",
      "geometry": {
        "type": "Point",
        "coordinates": [
          131.001526,
          32.927342
        ]
      },
      "properties": {
        "NO": "38",
        "共通ID": "E4321400033111",
        "施設・場所名": "阿蘇西小学校体育館",
        "住所": "熊本県阿蘇市的石1494",
        "指定緊急避難場所との住所同一": "1",
        "その他市町村長が必要と認める事項": null,
        "受入対象者": null,
        "備考": ""
      }
    },
    {
      "type": "Feature",
      "geometry": {
        "type": "Point",
        "coordinates": [
          131.039857,
          32.976753
        ]
      },
      "properties": {
        "NO": "39",
        "共通ID": "E4321400036111",
        "施設・場所名": "阿蘇体育館（武道場含む）",
        "住所": "熊本県阿蘇市内牧267",
        "指定緊急避難場所との住所同一": "1",
        "その他市町村長が必要と認める事項": null,
        "受入対象者": null,
        "備考": ""
      }
    },
    {
      "type": "Feature",
      "geometry": {
        "type": "Point",
        "coordinates": [
          131.037404,
          32.968051
        ]
      },
      "properties": {
        "NO": "40",
        "共通ID": "E4321400037111",
        "施設・場所名": "阿蘇中学校体育館",
        "住所": "熊本県阿蘇市内牧609",
        "指定緊急避難場所との住所同一": "1",
        "その他市町村長が必要と認める事項": null,
        "受入対象者": null,
        "備考": ""
      }
    },
    {
      "type": "Feature",
      "geometry": {
        "type": "Point",
        "coordinates": [
          131.0427,
          32.970303
        ]
      },
      "properties": {
        "NO": "41",
        "共通ID": "E4321400038111",
        "施設・場所名": "農村環境改善センター",
        "住所": "熊本県阿蘇市内牧976-2",
        "指定緊急避難場所との住所同一": "1",
        "その他市町村長が必要と認める事項": null,
        "受入対象者": null,
        "備考": ""
      }
    },
    {
      "type": "Feature",
      "geometry": {
        "type": "Point",
        "coordinates": [
          131.19726,
          32.959886
        ]
      },
      "properties": {
        "NO": "42",
        "共通ID": "E4321400041111",
        "施設・場所名": "道の駅「波野」神楽苑",
        "住所": "熊本県阿蘇市波野大字小地野1602",
        "指定緊急避難場所との住所同一": "1",
        "その他市町村長が必要と認める事項": null,
        "受入対象者": null,
        "備考": ""
      }
    },
    {
      "type": "Feature",
      "geometry": {
        "type": "Point",
        "coordinates": [
          131.218939,
          32.956444
        ]
      },
      "properties": {
        "NO": "43",
        "共通ID": "E4321400042111",
        "施設・場所名": "やすらぎ交流館",
        "住所": "熊本県阿蘇市波野大字小地野663-1",
        "指定緊急避難場所との住所同一": "1",
        "その他市町村長が必要と認める事項": null,
        "受入対象者": null,
        "備考": ""
      }
    },
    {
      "type": "Feature",
      "geometry": {
        "type": "Point",
        "coordinates": [
          131.179846,
          32.916142
        ]
      },
      "properties": {
        "NO": "44",
        "共通ID": "E4321400043111",
        "施設・場所名": "郷土芸能伝承館",
        "住所": "熊本県阿蘇市波野大字波野1502-4",
        "指定緊急避難場所との住所同一": "1",
        "その他市町村長が必要と認める事項": null,
        "受入対象者": null,
        "備考": ""
      }
    },
    {
      "type": "Feature",
      "geometry": {
        "type": "Point",
        "coordinates": [
          131.231057,
          32.933314
        ]
      },
      "properties": {
        "NO": "45",
        "共通ID": "E4321400044111",
        "施設・場所名": "波野保健福祉センター",
        "住所": "熊本県阿蘇市波野大字波野2703",
        "指定緊急避難場所との住所同一": "1",
        "その他市町村長が必要と認める事項": null,
        "受入対象者": null,
        "備考": ""
      }
    },
    {
      "type": "Feature",
      "geometry": {
        "type": "Point",
        "coordinates": [
          131.230583,
          32.932915
        ]
      },
      "properties": {
        "NO": "46",
        "共通ID": "E4321400045111",
        "施設・場所名": "波野体育館",
        "住所": "熊本県阿蘇市波野大字波野2709-1",
        "指定緊急避難場所との住所同一": "1",
        "その他市町村長が必要と認める事項": "",
        "受入対象者": "",
        "備考": ""
      }
    },
    {
      "type": "Feature",
      "geometry": {
        "type": "Point",
        "coordinates": [
          131.201136,
          32.940383
        ]
      },
      "properties": {
        "NO": "47",
        "共通ID": "E4321400046111",
        "施設・場所名": "波野小学校体育館",
        "住所": "熊本県阿蘇市波野大字波野3742-1",
        "指定緊急避難場所との住所同一": "1",
        "その他市町村長が必要と認める事項": null,
        "受入対象者": null,
        "備考": ""
      }
    },
    {
      "type": "Feature",
      "geometry": {
        "type": "Point",
        "coordinates": [
          131.200703,
          32.940328
        ]
      },
      "properties": {
        "NO": "48",
        "共通ID": "E4321400047111",
        "施設・場所名": "波野中学校体育館",
        "住所": "熊本県阿蘇市波野大字波野3748",
        "指定緊急避難場所との住所同一": "1",
        "その他市町村長が必要と認める事項": null,
        "受入対象者": null,
        "備考": ""
      }
    },
    {
      "type": "Feature",
      "geometry": {
        "type": "Point",
        "coordinates": [
          131.179444,
          32.908273
        ]
      },
      "properties": {
        "NO": "49",
        "共通ID": "E4321400048111",
        "施設・場所名": "農村婦人の家",
        "住所": "熊本県阿蘇市波野大字波野872-5",
        "指定緊急避難場所との住所同一": "1",
        "その他市町村長が必要と認める事項": null,
        "受入対象者": null,
        "備考": ""
      }
    },
    {
      "type": "Feature",
      "geometry": {
        "type": "Point",
        "coordinates": [
          131.095238,
          32.949991
        ]
      },
      "properties": {
        "NO": "50",
        "共通ID": "E4321400049111",
        "施設・場所名": "阿蘇市コミュニティセンター",
        "住所": "熊本県阿蘇市役犬原324-1",
        "指定緊急避難場所との住所同一": "1",
        "その他市町村長が必要と認める事項": null,
        "受入対象者": null,
        "備考": ""
      }
    },
    {
      "type": "Feature",
      "geometry": {
        "type": "Point",
        "coordinates": [
          130.521914,
          32.395117
        ]
      },
      "properties": {
        "NO": "51",
        "共通ID": "E4348200001111",
        "施設・場所名": "下井牟田地区ふれあいセンター",
        "住所": "熊本県芦北町井牟田1234",
        "指定緊急避難場所との住所同一": "1",
        "その他市町村長が必要と認める事項": null,
        "受入対象者": null,
        "備考": ""
      }
    },
    {
      "type": "Feature",
      "geometry": {
        "type": "Point",
        "coordinates": [
          130.517623,
          32.391487
        ]
      },
      "properties": {
        "NO": "52",
        "共通ID": "E4348200002111",
        "施設・場所名": "上田浦地区社会教育センター",
        "住所": "熊本県芦北町井牟田1800",
        "指定緊急避難場所との住所同一": "1",
        "その他市町村長が必要と認める事項": null,
        "受入対象者": null,
        "備考": ""
      }
    },
    {
      "type": "Feature",
      "geometry": {
        "type": "Point",
        "coordinates": [
          130.526693,
          32.399131
        ]
      },
      "properties": {
        "NO": "53",
        "共通ID": "E4348200003111",
        "施設・場所名": "上井牟田地区ふれあいセンター",
        "住所": "熊本県芦北町井牟田601-1",
        "指定緊急避難場所との住所同一": "1",
        "その他市町村長が必要と認める事項": null,
        "受入対象者": null,
        "備考": ""
      }
    },
    {
      "type": "Feature",
      "geometry": {
        "type": "Point",
        "coordinates": [
          130.484948,
          32.329791
        ]
      },
      "properties": {
        "NO": "54",
        "共通ID": "E4348200004111",
        "施設・場所名": "海浦地区公民館",
        "住所": "熊本県芦北町海浦1196-1",
        "指定緊急避難場所との住所同一": "1",
        "その他市町村長が必要と認める事項": null,
        "受入対象者": null,
        "備考": ""
      }
    },
    {
      "type": "Feature",
      "geometry": {
        "type": "Point",
        "coordinates": [
          130.482073,
          32.327149
        ]
      },
      "properties": {
        "NO": "55",
        "共通ID": "E4348200005111",
        "施設・場所名": "旧芦北幼稚園",
        "住所": "熊本県芦北町海浦1315",
        "指定緊急避難場所との住所同一": "1",
        "その他市町村長が必要と認める事項": "",
        "受入対象者": "",
        "備考": ""
      }
    },
    {
      "type": "Feature",
      "geometry": {
        "type": "Point",
        "coordinates": [
          130.502273,
          32.347271
        ]
      },
      "properties": {
        "NO": "56",
        "共通ID": "E4348200006111",
        "施設・場所名": "小田浦福祉センター",
        "住所": "熊本県芦北町小田浦1610-25",
        "指定緊急避難場所との住所同一": "1",
        "その他市町村長が必要と認める事項": null,
        "受入対象者": null,
        "備考": ""
      }
    },
    {
      "type": "Feature",
      "geometry": {
        "type": "Point",
        "coordinates": [
          130.500402,
          32.346903
        ]
      },
      "properties": {
        "NO": "57",
        "共通ID": "E4348200007111",
        "施設・場所名": "小田浦地区生涯学習センター（校舎）",
        "住所": "熊本県芦北町小田浦3339",
        "指定緊急避難場所との住所同一": "1",
        "その他市町村長が必要と認める事項": null,
        "受入対象者": null,
        "備考": ""
      }
    },
    {
      "type": "Feature",
      "geometry": {
        "type": "Point",
        "coordinates": [
          130.506166,
          32.350015
        ]
      },
      "properties": {
        "NO": "58",
        "共通ID": "E4348200008111",
        "施設・場所名": "宮浦地区ふれあいセンター",
        "住所": "熊本県芦北町小田浦781-2",
        "指定緊急避難場所との住所同一": "1",
        "その他市町村長が必要と認める事項": null,
        "受入対象者": null,
        "備考": ""
      }
    },
    {
      "type": "Feature",
      "geometry": {
        "type": "Point",
        "coordinates": [
          130.475644,
          32.287126
        ]
      },
      "properties": {
        "NO": "59",
        "共通ID": "E4348200009111",
        "施設・場所名": "女島活力推進センターゆめもやい",
        "住所": "熊本県芦北町大字770-14",
        "指定緊急避難場所との住所同一": "1",
        "その他市町村長が必要と認める事項": null,
        "受入対象者": null,
        "備考": ""
      }
    },
    {
      "type": "Feature",
      "geometry": {
        "type": "Point",
        "coordinates": [
          130.50707,
          32.307254
        ]
      },
      "properties": {
        "NO": "60",
        "共通ID": "E4348200011111",
        "施設・場所名": "県立芦北高等学校",
        "住所": "熊本県芦北町大字乙千屋20-2",
        "指定緊急避難場所との住所同一": "1",
        "その他市町村長が必要と認める事項": null,
        "受入対象者": null,
        "備考": ""
      }
    },
    {
      "type": "Feature",
      "geometry": {
        "type": "Point",
        "coordinates": [
          130.50037,
          32.301085
        ]
      },
      "properties": {
        "NO": "61",
        "共通ID": "E4348200012111",
        "施設・場所名": "芦北町地域資源活用総合交流促進施設",
        "住所": "熊本県芦北町大字花岡1705-1",
        "指定緊急避難場所との住所同一": "1",
        "その他市町村長が必要と認める事項": null,
        "受入対象者": null,
        "備考": ""
      }
    },
    {
      "type": "Feature",
      "geometry": {
        "type": "Point",
        "coordinates": [
          130.500471,
          32.301695
        ]
      },
      "properties": {
        "NO": "62",
        "共通ID": "E4348200012112",
        "施設・場所名": "芦北町民総合センター",
        "住所": "熊本県芦北町大字花岡1705-1",
        "指定緊急避難場所との住所同一": "1",
        "その他市町村長が必要と認める事項": null,
        "受入対象者": null,
        "備考": ""
      }
    },
    {
      "type": "Feature",
      "geometry": {
        "type": "Point",
        "coordinates": [
          130.505829,
          32.299272
        ]
      },
      "properties": {
        "NO": "63",
        "共通ID": "E4348200013111",
        "施設・場所名": "佐敷中学校（校舎、体育館）",
        "住所": "熊本県芦北町大字花岡496-2",
        "指定緊急避難場所との住所同一": "1",
        "その他市町村長が必要と認める事項": null,
        "受入対象者": null,
        "備考": ""
      }
    },
    {
      "type": "Feature",
      "geometry": {
        "type": "Point",
        "coordinates": [
          130.529868,
          32.249376
        ]
      },
      "properties": {
        "NO": "64",
        "共通ID": "E4348200014111",
        "施設・場所名": "丸米地区生涯学習センター（体育館）",
        "住所": "熊本県芦北町大字丸山305-2",
        "指定緊急避難場所との住所同一": "1",
        "その他市町村長が必要と認める事項": null,
        "受入対象者": null,
        "備考": ""
      }
    },
    {
      "type": "Feature",
      "geometry": {
        "type": "Point",
        "coordinates": [
          130.595086,
          32.332314
        ]
      },
      "properties": {
        "NO": "65",
        "共通ID": "E4348200015111",
        "施設・場所名": "吉尾体育館",
        "住所": "熊本県芦北町大字吉尾51",
        "指定緊急避難場所との住所同一": "1",
        "その他市町村長が必要と認める事項": "",
        "受入対象者": "",
        "備考": ""
      }
    },
    {
      "type": "Feature",
      "geometry": {
        "type": "Point",
        "coordinates": [
          130.584443,
          32.328752
        ]
      },
      "properties": {
        "NO": "66",
        "共通ID": "E4348200016111",
        "施設・場所名": "吉尾出張所",
        "住所": "熊本県芦北町大字吉尾523-2",
        "指定緊急避難場所との住所同一": "1",
        "その他市町村長が必要と認める事項": null,
        "受入対象者": null,
        "備考": ""
      }
    },
    {
      "type": "Feature",
      "geometry": {
        "type": "Point",
        "coordinates": [
          130.478385,
          32.301672
        ]
      },
      "properties": {
        "NO": "67",
        "共通ID": "E4348200017111",
        "施設・場所名": "旧計石小学校（校舎、体育館）",
        "住所": "熊本県芦北町大字計石2963",
        "指定緊急避難場所との住所同一": "1",
        "その他市町村長が必要と認める事項": "",
        "受入対象者": "",
        "備考": ""
      }
    },
    {
      "type": "Feature",
      "geometry": {
        "type": "Point",
        "coordinates": [
          130.509641,
          32.216296
        ]
      },
      "properties": {
        "NO": "68",
        "共通ID": "E4348200018111",
        "施設・場所名": "古石地区生涯学習センターみどりの里",
        "住所": "熊本県芦北町大字古石391-2",
        "指定緊急避難場所との住所同一": "1",
        "その他市町村長が必要と認める事項": null,
        "受入対象者": null,
        "備考": ""
      }
    },
    {
      "type": "Feature",
      "geometry": {
        "type": "Point",
        "coordinates": [
          130.56462,
          32.264091
        ]
      },
      "properties": {
        "NO": "69",
        "共通ID": "E4348200020111",
        "施設・場所名": "大野小学校（校舎、体育館）",
        "住所": "熊本県芦北町大字市野瀬1119",
        "指定緊急避難場所との住所同一": "1",
        "その他市町村長が必要と認める事項": null,
        "受入対象者": null,
        "備考": ""
      }
    },
    {
      "type": "Feature",
      "geometry": {
        "type": "Point",
        "coordinates": [
          130.579943,
          32.346956
        ]
      },
      "properties": {
        "NO": "70",
        "共通ID": "E4348200022111",
        "施設・場所名": "大岩公民館",
        "住所": "熊本県芦北町大字大岩4495",
        "指定緊急避難場所との住所同一": "1",
        "その他市町村長が必要と認める事項": null,
        "受入対象者": null,
        "備考": ""
      }
    },
    {
      "type": "Feature",
      "geometry": {
        "type": "Point",
        "coordinates": [
          130.513912,
          32.245805
        ]
      },
      "properties": {
        "NO": "71",
        "共通ID": "E4348200023111",
        "施設・場所名": "内野小学校（校舎、体育館）",
        "住所": "熊本県芦北町大字大川内602",
        "指定緊急避難場所との住所同一": "1",
        "その他市町村長が必要と認める事項": null,
        "受入対象者": null,
        "備考": ""
      }
    },
    {
      "type": "Feature",
      "geometry": {
        "type": "Point",
        "coordinates": [
          130.551092,
          32.321882
        ]
      },
      "properties": {
        "NO": "72",
        "共通ID": "E4348200024111",
        "施設・場所名": "大尼田地区生涯学習センター（校舎、体育館）",
        "住所": "熊本県芦北町大字大尼田1645",
        "指定緊急避難場所との住所同一": "1",
        "その他市町村長が必要と認める事項": null,
        "受入対象者": null,
        "備考": ""
      }
    },
    {
      "type": "Feature",
      "geometry": {
        "type": "Point",
        "coordinates": [
          130.563235,
          32.260413
        ]
      },
      "properties": {
        "NO": "73",
        "共通ID": "E4348200025111",
        "施設・場所名": "大野地区構造改善センター",
        "住所": "熊本県芦北町大字大野51-8",
        "指定緊急避難場所との住所同一": "1",
        "その他市町村長が必要と認める事項": null,
        "受入対象者": null,
        "備考": ""
      }
    },
    {
      "type": "Feature",
      "geometry": {
        "type": "Point",
        "coordinates": [
          130.469481,
          32.319648
        ]
      },
      "properties": {
        "NO": "74",
        "共通ID": "E4348200026111",
        "施設・場所名": "県立あしきた青少年の家",
        "住所": "熊本県芦北町大字鶴木山",
        "指定緊急避難場所との住所同一": "1",
        "その他市町村長が必要と認める事項": null,
        "受入対象者": null,
        "備考": ""
      }
    },
    {
      "type": "Feature",
      "geometry": {
        "type": "Point",
        "coordinates": [
          130.582952,
          32.291067
        ]
      },
      "properties": {
        "NO": "75",
        "共通ID": "E4348200028111",
        "施設・場所名": "町立公民館大野分館",
        "住所": "熊本県芦北町大字天月1344-2",
        "指定緊急避難場所との住所同一": "1",
        "その他市町村長が必要と認める事項": null,
        "受入対象者": null,
        "備考": ""
      }
    },
    {
      "type": "Feature",
      "geometry": {
        "type": "Point",
        "coordinates": [
          130.498556,
          32.269579
        ]
      },
      "properties": {
        "NO": "76",
        "共通ID": "E4348200031111",
        "施設・場所名": "湯浦小学校（校舎、体育館）",
        "住所": "熊本県芦北町大字湯浦1396",
        "指定緊急避難場所との住所同一": "1",
        "その他市町村長が必要と認める事項": null,
        "受入対象者": null,
        "備考": ""
      }
    },
    {
      "type": "Feature",
      "geometry": {
        "type": "Point",
        "coordinates": [
          130.499615,
          32.271827
        ]
      },
      "properties": {
        "NO": "77",
        "共通ID": "E4348200032111",
        "施設・場所名": "きずなの里",
        "住所": "熊本県芦北町大字湯浦1439-1",
        "指定緊急避難場所との住所同一": "1",
        "その他市町村長が必要と認める事項": null,
        "受入対象者": null,
        "備考": ""
      }
    },
    {
      "type": "Feature",
      "geometry": {
        "type": "Point",
        "coordinates": [
          130.500458,
          32.272686
        ]
      },
      "properties": {
        "NO": "78",
        "共通ID": "E4348200033111",
        "施設・場所名": "芦北町多目的研修センター",
        "住所": "熊本県芦北町大字湯浦208",
        "指定緊急避難場所との住所同一": "1",
        "その他市町村長が必要と認める事項": null,
        "受入対象者": null,
        "備考": ""
      }
    },
    {
      "type": "Feature",
      "geometry": {
        "type": "Point",
        "coordinates": [
          130.500707,
          32.272692
        ]
      },
      "properties": {
        "NO": "79",
        "共通ID": "E4348200034111",
        "施設・場所名": "芦北福祉センター",
        "住所": "熊本県芦北町大字湯浦213",
        "指定緊急避難場所との住所同一": "1",
        "その他市町村長が必要と認める事項": null,
        "受入対象者": null,
        "備考": ""
      }
    },
    {
      "type": "Feature",
      "geometry": {
        "type": "Point",
        "coordinates": [
          130.501752,
          32.267707
        ]
      },
      "properties": {
        "NO": "80",
        "共通ID": "E4348200035111",
        "施設・場所名": "湯浦中学校（校舎、体育館）",
        "住所": "熊本県芦北町大字湯浦369",
        "指定緊急避難場所との住所同一": "1",
        "その他市町村長が必要と認める事項": null,
        "受入対象者": null,
        "備考": ""
      }
    },
    {
      "type": "Feature",
      "geometry": {
        "type": "Point",
        "coordinates": [
          130.501704,
          32.307397
        ]
      },
      "properties": {
        "NO": "81",
        "共通ID": "E4348200036111",
        "施設・場所名": "佐敷小学校（校舎、体育館）",
        "住所": "熊本県芦北町大字道川内31",
        "指定緊急避難場所との住所同一": "1",
        "その他市町村長が必要と認める事項": null,
        "受入対象者": null,
        "備考": ""
      }
    },
    {
      "type": "Feature",
      "geometry": {
        "type": "Point",
        "coordinates": [
          130.512484,
          32.262793
        ]
      },
      "properties": {
        "NO": "82",
        "共通ID": "E4348200038111",
        "施設・場所名": "内野福祉センター",
        "住所": "熊本県芦北町大字豊岡55-1",
        "指定緊急避難場所との住所同一": "1",
        "その他市町村長が必要と認める事項": null,
        "受入対象者": null,
        "備考": ""
      }
    },
    {
      "type": "Feature",
      "geometry": {
        "type": "Point",
        "coordinates": [
          130.513446,
          32.361948
        ]
      },
      "properties": {
        "NO": "83",
        "共通ID": "E4348200039111",
        "施設・場所名": "田浦中学校（校舎、体育館）",
        "住所": "熊本県芦北町田浦760",
        "指定緊急避難場所との住所同一": "1",
        "その他市町村長が必要と認める事項": null,
        "受入対象者": null,
        "備考": ""
      }
    },
    {
      "type": "Feature",
      "geometry": {
        "type": "Point",
        "coordinates": [
          130.511988,
          32.361835
        ]
      },
      "properties": {
        "NO": "84",
        "共通ID": "E4348200040111",
        "施設・場所名": "田浦小学校（校舎、体育館）",
        "住所": "熊本県芦北町田浦840",
        "指定緊急避難場所との住所同一": "1",
        "その他市町村長が必要と認める事項": null,
        "受入対象者": null,
        "備考": ""
      }
    },
    {
      "type": "Feature",
      "geometry": {
        "type": "Point",
        "coordinates": [
          130.508704,
          32.364217
        ]
      },
      "properties": {
        "NO": "85",
        "共通ID": "E4348200042111",
        "施設・場所名": "芦北町地域活性化センター",
        "住所": "熊本県芦北町田浦町653",
        "指定緊急避難場所との住所同一": "1",
        "その他市町村長が必要と認める事項": null,
        "受入対象者": null,
        "備考": ""
      }
    },
    {
      "type": "Feature",
      "geometry": {
        "type": "Point",
        "coordinates": [
          130.529012,
          32.623574
        ]
      },
      "properties": {
        "NO": "86",
        "共通ID": "E4321300001111",
        "施設・場所名": "宇城市立青海小学校体育館",
        "住所": "熊本県宇城市三角町郡浦88",
        "指定緊急避難場所との住所同一": "1",
        "その他市町村長が必要と認める事項": null,
        "受入対象者": null,
        "備考": ""
      }
    },
    {
      "type": "Feature",
      "geometry": {
        "type": "Point",
        "coordinates": [
          130.494036,
          32.601028
        ]
      },
      "properties": {
        "NO": "87",
        "共通ID": "E4321300002111",
        "施設・場所名": "宇城市農村環境改善センター",
        "住所": "熊本県宇城市三角町戸馳2861",
        "指定緊急避難場所との住所同一": "1",
        "その他市町村長が必要と認める事項": null,
        "受入対象者": null,
        "備考": ""
      }
    },
    {
      "type": "Feature",
      "geometry": {
        "type": "Point",
        "coordinates": [
          130.492094,
          32.598855
        ]
      },
      "properties": {
        "NO": "88",
        "共通ID": "E4321300003111",
        "施設・場所名": "宇城市戸馳地区生涯学習センター体育館",
        "住所": "熊本県宇城市三角町戸馳5151",
        "指定緊急避難場所との住所同一": "1",
        "その他市町村長が必要と認める事項": null,
        "受入対象者": null,
        "備考": ""
      }
    },
    {
      "type": "Feature",
      "geometry": {
        "type": "Point",
        "coordinates": [
          130.468192,
          32.610957
        ]
      },
      "properties": {
        "NO": "89",
        "共通ID": "E4321300004111",
        "施設・場所名": "宇城市立三角小学校体育館",
        "住所": "熊本県宇城市三角町三角浦574-1",
        "指定緊急避難場所との住所同一": "1",
        "その他市町村長が必要と認める事項": null,
        "受入対象者": null,
        "備考": ""
      }
    },
    {
      "type": "Feature",
      "geometry": {
        "type": "Point",
        "coordinates": [
          130.52076,
          32.62558
        ]
      },
      "properties": {
        "NO": "90",
        "共通ID": "E4321300005111",
        "施設・場所名": "宇城市郡浦地区市民館",
        "住所": "熊本県宇城市三角町中村1165",
        "指定緊急避難場所との住所同一": "1",
        "その他市町村長が必要と認める事項": null,
        "受入対象者": null,
        "備考": ""
      }
    },
    {
      "type": "Feature",
      "geometry": {
        "type": "Point",
        "coordinates": [
          130.488323,
          32.619181
        ]
      },
      "properties": {
        "NO": "91",
        "共通ID": "E4321300006111",
        "施設・場所名": "宇城市三角東地区生涯学習センター体育館",
        "住所": "熊本県宇城市三角町波多1756",
        "指定緊急避難場所との住所同一": "1",
        "その他市町村長が必要と認める事項": null,
        "受入対象者": null,
        "備考": ""
      }
    },
    {
      "type": "Feature",
      "geometry": {
        "type": "Point",
        "coordinates": [
          130.478616,
          32.613167
        ]
      },
      "properties": {
        "NO": "92",
        "共通ID": "E4321300007121",
        "施設・場所名": "宇城市三角防災拠点センター",
        "住所": "熊本県宇城市三角町波多619-1",
        "指定緊急避難場所との住所同一": "1",
        "その他市町村長が必要と認める事項": null,
        "受入対象者": "要配慮者",
        "備考": ""
      }
    },
    {
      "type": "Feature",
      "geometry": {
        "type": "Point",
        "coordinates": [
          130.704186,
          32.592538
        ]
      },
      "properties": {
        "NO": "93",
        "共通ID": "E4321300010111",
        "施設・場所名": "宇城市小川防災拠点センター",
        "住所": "熊本県宇城市小川町江頭100",
        "指定緊急避難場所との住所同一": "1",
        "その他市町村長が必要と認める事項": null,
        "受入対象者": null,
        "備考": ""
      }
    },
    {
      "type": "Feature",
      "geometry": {
        "type": "Point",
        "coordinates": [
          130.704498,
          32.593071
        ]
      },
      "properties": {
        "NO": "94",
        "共通ID": "E4321300011111",
        "施設・場所名": "小川総合文化センター・ラポート",
        "住所": "熊本県宇城市小川町江頭80",
        "指定緊急避難場所との住所同一": "1",
        "その他市町村長が必要と認める事項": null,
        "受入対象者": null,
        "備考": ""
      }
    },
    {
      "type": "Feature",
      "geometry": {
        "type": "Point",
        "coordinates": [
          130.689715,
          32.599299
        ]
      },
      "properties": {
        "NO": "95",
        "共通ID": "E4321300012111",
        "施設・場所名": "宇城市立河江小学校体育館",
        "住所": "熊本県宇城市小川町新田1675-1",
        "指定緊急避難場所との住所同一": "1",
        "その他市町村長が必要と認める事項": null,
        "受入対象者": null,
        "備考": ""
      }
    },
    {
      "type": "Feature",
      "geometry": {
        "type": "Point",
        "coordinates": [
          130.710802,
          32.581457
        ]
      },
      "properties": {
        "NO": "96",
        "共通ID": "E4321300013111",
        "施設・場所名": "宇城市立小川小学校体育館",
        "住所": "熊本県宇城市小川町西北小川1",
        "指定緊急避難場所との住所同一": "1",
        "その他市町村長が必要と認める事項": null,
        "受入対象者": null,
        "備考": ""
      }
    },
    {
      "type": "Feature",
      "geometry": {
        "type": "Point",
        "coordinates": [
          130.742612,
          32.581537
        ]
      },
      "properties": {
        "NO": "97",
        "共通ID": "E4321300014111",
        "施設・場所名": "海東地区農村コミュニティ施設",
        "住所": "熊本県宇城市小川町南海東2047-1",
        "指定緊急避難場所との住所同一": "1",
        "その他市町村長が必要と認める事項": null,
        "受入対象者": null,
        "備考": ""
      }
    },
    {
      "type": "Feature",
      "geometry": {
        "type": "Point",
        "coordinates": [
          130.744784,
          32.583439
        ]
      },
      "properties": {
        "NO": "98",
        "共通ID": "E4321300015111",
        "施設・場所名": "宇城市立海東小学校体育館",
        "住所": "熊本県宇城市小川町南海東2050",
        "指定緊急避難場所との住所同一": "1",
        "その他市町村長が必要と認める事項": null,
        "受入対象者": null,
        "備考": ""
      }
    },
    {
      "type": "Feature",
      "geometry": {
        "type": "Point",
        "coordinates": [
          130.718763,
          32.607218
        ]
      },
      "properties": {
        "NO": "99",
        "共通ID": "E4321300016111",
        "施設・場所名": "宇城市立小野部田小学校体育館",
        "住所": "熊本県宇城市小川町南小野1402",
        "指定緊急避難場所との住所同一": "1",
        "その他市町村長が必要と認める事項": null,
        "受入対象者": null,
        "備考": ""
      }
    },
    {
      "type": "Feature",
      "geometry": {
        "type": "Point",
        "coordinates": [
          130.693736,
          32.598717
        ]
      },
      "properties": {
        "NO": "100",
        "共通ID": "E4321300017111",
        "施設・場所名": "宇城市立河江地区コミュニティセンター",
        "住所": "熊本県宇城市小川町南新田476",
        "指定緊急避難場所との住所同一": "1",
        "その他市町村長が必要と認める事項": null,
        "受入対象者": null,
        "備考": ""
      }
    },
    {
      "type": "Feature",
      "geometry": {
        "type": "Point",
        "coordinates": [
          130.714836,
          32.590202
        ]
      },
      "properties": {
        "NO": "101",
        "共通ID": "E4321300018111",
        "施設・場所名": "宇城市立小川中学校体育館",
        "住所": "熊本県宇城市小川町南部田287-2",
        "指定緊急避難場所との住所同一": "1",
        "その他市町村長が必要と認める事項": null,
        "受入対象者": null,
        "備考": ""
      }
    },
    {
      "type": "Feature",
      "geometry": {
        "type": "Point",
        "coordinates": [
          130.697691,
          32.604858
        ]
      },
      "properties": {
        "NO": "102",
        "共通ID": "E4321300019111",
        "施設・場所名": "小川工業高等学校",
        "住所": "熊本県宇城市小川町北新田770",
        "指定緊急避難場所との住所同一": "1",
        "その他市町村長が必要と認める事項": null,
        "受入対象者": null,
        "備考": ""
      }
    },
    {
      "type": "Feature",
      "geometry": {
        "type": "Point",
        "coordinates": [
          130.685865,
          32.647648
        ]
      },
      "properties": {
        "NO": "103",
        "共通ID": "E4321300020111",
        "施設・場所名": "松橋高等学校",
        "住所": "熊本県宇城市松橋町久具300",
        "指定緊急避難場所との住所同一": "1",
        "その他市町村長が必要と認める事項": null,
        "受入対象者": null,
        "備考": ""
      }
    },
    {
      "type": "Feature",
      "geometry": {
        "type": "Point",
        "coordinates": [
          130.702127,
          32.65776
        ]
      },
      "properties": {
        "NO": "104",
        "共通ID": "E4321300021111",
        "施設・場所名": "宇城市立当尾小学校体育館",
        "住所": "熊本県宇城市松橋町曲野1856",
        "指定緊急避難場所との住所同一": "1",
        "その他市町村長が必要と認める事項": null,
        "受入対象者": null,
        "備考": ""
      }
    },
    {
      "type": "Feature",
      "geometry": {
        "type": "Point",
        "coordinates": [
          130.68596,
          32.6569
        ]
      },
      "properties": {
        "NO": "105",
        "共通ID": "E4321300022111",
        "施設・場所名": "宇城市立松橋小学校体育館",
        "住所": "熊本県宇城市松橋町松橋1666",
        "指定緊急避難場所との住所同一": "1",
        "その他市町村長が必要と認める事項": null,
        "受入対象者": null,
        "備考": ""
      }
    },
    {
      "type": "Feature",
      "geometry": {
        "type": "Point",
        "coordinates": [
          130.67912,
          32.647345
        ]
      },
      "properties": {
        "NO": "106",
        "共通ID": "E4321300023121",
        "施設・場所名": "松橋西支援学校",
        "住所": "熊本県宇城市松橋町松橋308-1",
        "指定緊急避難場所との住所同一": "1",
        "その他市町村長が必要と認める事項": null,
        "受入対象者": "要配慮者",
        "備考": ""
      }
    },
    {
      "type": "Feature",
      "geometry": {
        "type": "Point",
        "coordinates": [
          130.681745,
          32.650474
        ]
      },
      "properties": {
        "NO": "107",
        "共通ID": "E4321300026111",
        "施設・場所名": "宇城市立松橋中学校体育館",
        "住所": "熊本県宇城市松橋町松橋522-1",
        "指定緊急避難場所との住所同一": "1",
        "その他市町村長が必要と認める事項": null,
        "受入対象者": null,
        "備考": ""
      }
    },
    {
      "type": "Feature",
      "geometry": {
        "type": "Point",
        "coordinates": [
          130.678418,
          32.651551
        ]
      },
      "properties": {
        "NO": "108",
        "共通ID": "E4321300027111",
        "施設・場所名": "インダストリアル研修館",
        "住所": "熊本県宇城市松橋町松橋564",
        "指定緊急避難場所との住所同一": "1",
        "その他市町村長が必要と認める事項": null,
        "受入対象者": null,
        "備考": ""
      }
    },
    {
      "type": "Feature",
      "geometry": {
        "type": "Point",
        "coordinates": [
          130.678948,
          32.651496
        ]
      },
      "properties": {
        "NO": "109",
        "共通ID": "E4321300028121",
        "施設・場所名": "宇城市松橋西防災拠点センター",
        "住所": "熊本県宇城市松橋町松橋564-2",
        "指定緊急避難場所との住所同一": "1",
        "その他市町村長が必要と認める事項": null,
        "受入対象者": "要配慮者",
        "備考": ""
      }
    },
    {
      "type": "Feature",
      "geometry": {
        "type": "Point",
        "coordinates": [
          130.684118,
          32.64684
        ]
      },
      "properties": {
        "NO": "110",
        "共通ID": "E4321300031111",
        "施設・場所名": "宇城市松橋総合体育文化センター（ウイング松橋）",
        "住所": "熊本県宇城市松橋町大野85",
        "指定緊急避難場所との住所同一": "1",
        "その他市町村長が必要と認める事項": null,
        "受入対象者": null,
        "備考": ""
      }
    },
    {
      "type": "Feature",
      "geometry": {
        "type": "Point",
        "coordinates": [
          130.682144,
          32.623386
        ]
      },
      "properties": {
        "NO": "111",
        "共通ID": "E4321300032121",
        "施設・場所名": "松橋支援学校",
        "住所": "熊本県宇城市松橋町南豊崎252",
        "指定緊急避難場所との住所同一": "1",
        "その他市町村長が必要と認める事項": null,
        "受入対象者": "要配慮者",
        "備考": ""
      }
    },
    {
      "type": "Feature",
      "geometry": {
        "type": "Point",
        "coordinates": [
          130.679587,
          32.624862
        ]
      },
      "properties": {
        "NO": "112",
        "共通ID": "E4321300033111",
        "施設・場所名": "宇城市立豊川小学校体育館",
        "住所": "熊本県宇城市松橋町南豊崎582",
        "指定緊急避難場所との住所同一": "1",
        "その他市町村長が必要と認める事項": null,
        "受入対象者": null,
        "備考": ""
      }
    },
    {
      "type": "Feature",
      "geometry": {
        "type": "Point",
        "coordinates": [
          130.700735,
          32.634482
        ]
      },
      "properties": {
        "NO": "113",
        "共通ID": "E4321300034111",
        "施設・場所名": "宇城市立豊福小学校体育館",
        "住所": "熊本県宇城市松橋町豊福1604",
        "指定緊急避難場所との住所同一": "1",
        "その他市町村長が必要と認める事項": null,
        "受入対象者": null,
        "備考": ""
      }
    },
    {
      "type": "Feature",
      "geometry": {
        "type": "Point",
        "coordinates": [
          130.702563,
          32.642917
        ]
      },
      "properties": {
        "NO": "114",
        "共通ID": "E4321300035121",
        "施設・場所名": "宇城市松橋東防災拠点センター",
        "住所": "熊本県宇城市松橋町豊福1786",
        "指定緊急避難場所との住所同一": "1",
        "その他市町村長が必要と認める事項": null,
        "受入対象者": "要配慮者",
        "備考": ""
      }
    },
    {
      "type": "Feature",
      "geometry": {
        "type": "Point",
        "coordinates": [
          130.70305,
          32.642337
        ]
      },
      "properties": {
        "NO": "115",
        "共通ID": "E4321300035111",
        "施設・場所名": "松橋勤労身体障害者教養文化体育施設",
        "住所": "熊本県宇城市松橋町豊福1786",
        "指定緊急避難場所との住所同一": "1",
        "その他市町村長が必要と認める事項": null,
        "受入対象者": null,
        "備考": ""
      }
    },
    {
      "type": "Feature",
      "geometry": {
        "type": "Point",
        "coordinates": [
          130.701651,
          32.64279
        ]
      },
      "properties": {
        "NO": "116",
        "共通ID": "E4321300035112",
        "施設・場所名": "松橋老人福祉センター",
        "住所": "熊本県宇城市松橋町豊福1786",
        "指定緊急避難場所との住所同一": "1",
        "その他市町村長が必要と認める事項": null,
        "受入対象者": null,
        "備考": ""
      }
    },
    {
      "type": "Feature",
      "geometry": {
        "type": "Point",
        "coordinates": [
          130.700077,
          32.644439
        ]
      },
      "properties": {
        "NO": "117",
        "共通ID": "E4321300036121",
        "施設・場所名": "松橋東支援学校",
        "住所": "熊本県宇城市松橋町豊福2910",
        "指定緊急避難場所との住所同一": "1",
        "その他市町村長が必要と認める事項": null,
        "受入対象者": "要配慮者",
        "備考": ""
      }
    },
    {
      "type": "Feature",
      "geometry": {
        "type": "Point",
        "coordinates": [
          130.662448,
          32.644928
        ]
      },
      "properties": {
        "NO": "118",
        "共通ID": "E4321300037111",
        "施設・場所名": "不知火小学校体育館",
        "住所": "熊本県宇城市不知火町高良1952",
        "指定緊急避難場所との住所同一": "1",
        "その他市町村長が必要と認める事項": null,
        "受入対象者": null,
        "備考": ""
      }
    },
    {
      "type": "Feature",
      "geometry": {
        "type": "Point",
        "coordinates": [
          130.668192,
          32.646306
        ]
      },
      "properties": {
        "NO": "119",
        "共通ID": "E4321300039121",
        "施設・場所名": "宇城市不知火防災拠点センター",
        "住所": "熊本県宇城市不知火町高良2273-1",
        "指定緊急避難場所との住所同一": "1",
        "その他市町村長が必要と認める事項": null,
        "受入対象者": "要配慮者",
        "備考": ""
      }
    },
    {
      "type": "Feature",
      "geometry": {
        "type": "Point",
        "coordinates": [
          130.668637,
          32.645665
        ]
      },
      "properties": {
        "NO": "120",
        "共通ID": "E4321300039113",
        "施設・場所名": "武道館",
        "住所": "熊本県宇城市不知火町高良2273-1",
        "指定緊急避難場所との住所同一": "1",
        "その他市町村長が必要と認める事項": null,
        "受入対象者": null,
        "備考": ""
      }
    },
    {
      "type": "Feature",
      "geometry": {
        "type": "Point",
        "coordinates": [
          130.667904,
          32.646722
        ]
      },
      "properties": {
        "NO": "121",
        "共通ID": "E4321300039112",
        "施設・場所名": "宇城市不知火支所",
        "住所": "熊本県宇城市不知火町高良2273-1",
        "指定緊急避難場所との住所同一": "1",
        "その他市町村長が必要と認める事項": null,
        "受入対象者": null,
        "備考": ""
      }
    },
    {
      "type": "Feature",
      "geometry": {
        "type": "Point",
        "coordinates": [
          130.668538,
          32.645966
        ]
      },
      "properties": {
        "NO": "122",
        "共通ID": "E4321300039111",
        "施設・場所名": "宇城市立不知火体育館",
        "住所": "熊本県宇城市不知火町高良2273-1",
        "指定緊急避難場所との住所同一": "1",
        "その他市町村長が必要と認める事項": null,
        "受入対象者": null,
        "備考": ""
      }
    },
    {
      "type": "Feature",
      "geometry": {
        "type": "Point",
        "coordinates": [
          130.604503,
          32.633744
        ]
      },
      "properties": {
        "NO": "123",
        "共通ID": "E4321300041111",
        "施設・場所名": "宇城市立松合小学校体育館",
        "住所": "熊本県宇城市不知火町松合1578",
        "指定緊急避難場所との住所同一": "1",
        "その他市町村長が必要と認める事項": null,
        "受入対象者": null,
        "備考": ""
      }
    },
    {
      "type": "Feature",
      "geometry": {
        "type": "Point",
        "coordinates": [
          130.608016,
          32.630606
        ]
      },
      "properties": {
        "NO": "124",
        "共通ID": "E4321300050111",
        "施設・場所名": "宇城市松合地区市民館",
        "住所": "熊本県宇城市不知火町松合168",
        "指定緊急避難場所との住所同一": "",
        "その他市町村長が必要と認める事項": "",
        "受入対象者": "",
        "備考": ""
      }
    },
    {
      "type": "Feature",
      "geometry": {
        "type": "Point",
        "coordinates": [
          130.607719,
          32.63063
        ]
      },
      "properties": {
        "NO": "125",
        "共通ID": "E4321300042111",
        "施設・場所名": "宇城市立松合体育館",
        "住所": "熊本県宇城市不知火町松合168-1",
        "指定緊急避難場所との住所同一": "1",
        "その他市町村長が必要と認める事項": null,
        "受入対象者": null,
        "備考": ""
      }
    },
    {
      "type": "Feature",
      "geometry": {
        "type": "Point",
        "coordinates": [
          130.656776,
          32.646738
        ]
      },
      "properties": {
        "NO": "126",
        "共通ID": "E4321300044111",
        "施設・場所名": "宇城市立不知火中学校体育館",
        "住所": "熊本県宇城市不知火町長崎45",
        "指定緊急避難場所との住所同一": "1",
        "その他市町村長が必要と認める事項": null,
        "受入対象者": null,
        "備考": ""
      }
    },
    {
      "type": "Feature",
      "geometry": {
        "type": "Point",
        "coordinates": [
          130.753663,
          32.634934
        ]
      },
      "properties": {
        "NO": "127",
        "共通ID": "E4321300045111",
        "施設・場所名": "宇城市農業者トレーニングセンター",
        "住所": "熊本県宇城市豊野町糸石3029",
        "指定緊急避難場所との住所同一": "1",
        "その他市町村長が必要と認める事項": null,
        "受入対象者": null,
        "備考": ""
      }
    },
    {
      "type": "Feature",
      "geometry": {
        "type": "Point",
        "coordinates": [
          130.750995,
          32.63583
        ]
      },
      "properties": {
        "NO": "128",
        "共通ID": "E4321300046121",
        "施設・場所名": "宇城市豊野防災拠点センター",
        "住所": "熊本県宇城市豊野町糸石3140-3",
        "指定緊急避難場所との住所同一": "1",
        "その他市町村長が必要と認める事項": null,
        "受入対象者": "要配慮者",
        "備考": ""
      }
    },
    {
      "type": "Feature",
      "geometry": {
        "type": "Point",
        "coordinates": [
          130.749568,
          32.636967
        ]
      },
      "properties": {
        "NO": "129",
        "共通ID": "E4321300048111",
        "施設・場所名": "宇城市立豊野小・中学校体育館",
        "住所": "熊本県宇城市豊野町糸石3536",
        "指定緊急避難場所との住所同一": "1",
        "その他市町村長が必要と認める事項": null,
        "受入対象者": null,
        "備考": ""
      }
    },
    {
      "type": "Feature",
      "geometry": {
        "type": "Point",
        "coordinates": [
          130.768713,
          32.644052
        ]
      },
      "properties": {
        "NO": "130",
        "共通ID": "E4321300049111",
        "施設・場所名": "宇城市豊野町コミュニティセンター",
        "住所": "熊本県宇城市豊野町巣林309-1",
        "指定緊急避難場所との住所同一": "1",
        "その他市町村長が必要と認める事項": null,
        "受入対象者": null,
        "備考": ""
      }
    },
    {
      "type": "Feature",
      "geometry": {
        "type": "Point",
        "coordinates": [
          130.665217,
          32.688052
        ]
      },
      "properties": {
        "NO": "131",
        "共通ID": "E4321100002121",
        "施設・場所名": "あさひコート",
        "住所": "熊本県宇土市旭町106",
        "指定緊急避難場所との住所同一": "",
        "その他市町村長が必要と認める事項": null,
        "受入対象者": "要配慮者",
        "備考": ""
      }
    },
    {
      "type": "Feature",
      "geometry": {
        "type": "Point",
        "coordinates": [
          130.664457,
          32.683667
        ]
      },
      "properties": {
        "NO": "132",
        "共通ID": "E4321100004111",
        "施設・場所名": "市武道館",
        "住所": "熊本県宇土市旭町500",
        "指定緊急避難場所との住所同一": "",
        "その他市町村長が必要と認める事項": null,
        "受入対象者": null,
        "備考": ""
      }
    },
    {
      "type": "Feature",
      "geometry": {
        "type": "Point",
        "coordinates": [
          130.664516,
          32.684215
        ]
      },
      "properties": {
        "NO": "133",
        "共通ID": "E4321100005111",
        "施設・場所名": "ｅｃｏｗｉｎ宇土アリーナ（宇土市民体育館）",
        "住所": "熊本県宇土市旭町504",
        "指定緊急避難場所との住所同一": "",
        "その他市町村長が必要と認める事項": null,
        "受入対象者": null,
        "備考": ""
      }
    },
    {
      "type": "Feature",
      "geometry": {
        "type": "Point",
        "coordinates": [
          130.657462,
          32.685893
        ]
      },
      "properties": {
        "NO": "134",
        "共通ID": "E4321100006111",
        "施設・場所名": "宇土市立図書館",
        "住所": "熊本県宇土市浦田町131-1",
        "指定緊急避難場所との住所同一": "",
        "その他市町村長が必要と認める事項": null,
        "受入対象者": null,
        "備考": ""
      }
    },
    {
      "type": "Feature",
      "geometry": {
        "type": "Point",
        "coordinates": [
          130.658787,
          32.687565
        ]
      },
      "properties": {
        "NO": "135",
        "共通ID": "E4321100007111",
        "施設・場所名": "市福祉センター",
        "住所": "熊本県宇土市浦田町44",
        "指定緊急避難場所との住所同一": "",
        "その他市町村長が必要と認める事項": null,
        "受入対象者": null,
        "備考": ""
      }
    },
    {
      "type": "Feature",
      "geometry": {
        "type": "Point",
        "coordinates": [
          130.659132,
          32.687169
        ]
      },
      "properties": {
        "NO": "136",
        "共通ID": "E4321100008111",
        "施設・場所名": "市役所別館",
        "住所": "熊本県宇土市浦田町51",
        "指定緊急避難場所との住所同一": "",
        "その他市町村長が必要と認める事項": null,
        "受入対象者": null,
        "備考": ""
      }
    },
    {
      "type": "Feature",
      "geometry": {
        "type": "Point",
        "coordinates": [
          130.550456,
          32.67083
        ]
      },
      "properties": {
        "NO": "137",
        "共通ID": "E4321100010111",
        "施設・場所名": "網田中学校体育館",
        "住所": "熊本県宇土市下網田町1120",
        "指定緊急避難場所との住所同一": "1",
        "その他市町村長が必要と認める事項": "",
        "受入対象者": "",
        "備考": ""
      }
    },
    {
      "type": "Feature",
      "geometry": {
        "type": "Point",
        "coordinates": [
          130.553814,
          32.666233
        ]
      },
      "properties": {
        "NO": "138",
        "共通ID": "E4321100011111",
        "施設・場所名": "網田小学校体育館",
        "住所": "熊本県宇土市下網田町1842",
        "指定緊急避難場所との住所同一": "1",
        "その他市町村長が必要と認める事項": "",
        "受入対象者": "",
        "備考": ""
      }
    },
    {
      "type": "Feature",
      "geometry": {
        "type": "Point",
        "coordinates": [
          130.550636,
          32.668084
        ]
      },
      "properties": {
        "NO": "139",
        "共通ID": "E4321100012111",
        "施設・場所名": "網田地区農業者トレーニングセンター",
        "住所": "熊本県宇土市下網田町1903",
        "指定緊急避難場所との住所同一": "",
        "その他市町村長が必要と認める事項": null,
        "受入対象者": null,
        "備考": ""
      }
    },
    {
      "type": "Feature",
      "geometry": {
        "type": "Point",
        "coordinates": [
          130.551331,
          32.668573
        ]
      },
      "properties": {
        "NO": "140",
        "共通ID": "E4321100013111",
        "施設・場所名": "西部老人福祉センター",
        "住所": "熊本県宇土市下網田町1942-1",
        "指定緊急避難場所との住所同一": "",
        "その他市町村長が必要と認める事項": null,
        "受入対象者": null,
        "備考": ""
      }
    },
    {
      "type": "Feature",
      "geometry": {
        "type": "Point",
        "coordinates": [
          130.522736,
          32.662273
        ]
      },
      "properties": {
        "NO": "141",
        "共通ID": "E4321100014111",
        "施設・場所名": "宇土マリーナ会議室",
        "住所": "熊本県宇土市下網田町3084-1",
        "指定緊急避難場所との住所同一": "",
        "その他市町村長が必要と認める事項": "",
        "受入対象者": "",
        "備考": ""
      }
    },
    {
      "type": "Feature",
      "geometry": {
        "type": "Point",
        "coordinates": [
          130.556858,
          32.670222
        ]
      },
      "properties": {
        "NO": "142",
        "共通ID": "E4321100016111",
        "施設・場所名": "網田公民館",
        "住所": "熊本県宇土市下網田町566-1",
        "指定緊急避難場所との住所同一": "",
        "その他市町村長が必要と認める事項": null,
        "受入対象者": null,
        "備考": ""
      }
    },
    {
      "type": "Feature",
      "geometry": {
        "type": "Point",
        "coordinates": [
          130.694326,
          32.677037
        ]
      },
      "properties": {
        "NO": "143",
        "共通ID": "E4321100019111",
        "施設・場所名": "宇土市スポーツセンター",
        "住所": "熊本県宇土市花園町523-2",
        "指定緊急避難場所との住所同一": "1",
        "その他市町村長が必要と認める事項": "",
        "受入対象者": "",
        "備考": ""
      }
    },
    {
      "type": "Feature",
      "geometry": {
        "type": "Point",
        "coordinates": [
          130.654889,
          32.680817
        ]
      },
      "properties": {
        "NO": "144",
        "共通ID": "E4321100022111",
        "施設・場所名": "宇土高校体育館",
        "住所": "熊本県宇土市古城町63",
        "指定緊急避難場所との住所同一": "1",
        "その他市町村長が必要と認める事項": "",
        "受入対象者": "",
        "備考": ""
      }
    },
    {
      "type": "Feature",
      "geometry": {
        "type": "Point",
        "coordinates": [
          130.683374,
          32.675597
        ]
      },
      "properties": {
        "NO": "145",
        "共通ID": "E4321100023111",
        "施設・場所名": "花園小学校体育館",
        "住所": "熊本県宇土市古保里町695",
        "指定緊急避難場所との住所同一": "1",
        "その他市町村長が必要と認める事項": "",
        "受入対象者": "",
        "備考": ""
      }
    },
    {
      "type": "Feature",
      "geometry": {
        "type": "Point",
        "coordinates": [
          130.683304,
          32.676378
        ]
      },
      "properties": {
        "NO": "146",
        "共通ID": "E4321100024111",
        "施設・場所名": "花園コミュニティセンター",
        "住所": "熊本県宇土市古保里町977",
        "指定緊急避難場所との住所同一": "",
        "その他市町村長が必要と認める事項": null,
        "受入対象者": null,
        "備考": ""
      }
    },
    {
      "type": "Feature",
      "geometry": {
        "type": "Point",
        "coordinates": [
          130.683243,
          32.677162
        ]
      },
      "properties": {
        "NO": "147",
        "共通ID": "E4321100024112",
        "施設・場所名": "花っ子学童クラブ",
        "住所": "熊本県宇土市古保里町977",
        "指定緊急避難場所との住所同一": "",
        "その他市町村長が必要と認める事項": "",
        "受入対象者": "",
        "備考": ""
      }
    },
    {
      "type": "Feature",
      "geometry": {
        "type": "Point",
        "coordinates": [
          130.65293,
          32.683849
        ]
      },
      "properties": {
        "NO": "148",
        "共通ID": "E4321100027111",
        "施設・場所名": "宇土小学校体育館",
        "住所": "熊本県宇土市高柳町104-1",
        "指定緊急避難場所との住所同一": "1",
        "その他市町村長が必要と認める事項": "",
        "受入対象者": "",
        "備考": ""
      }
    },
    {
      "type": "Feature",
      "geometry": {
        "type": "Point",
        "coordinates": [
          130.610022,
          32.700769
        ]
      },
      "properties": {
        "NO": "149",
        "共通ID": "E4321100029111",
        "施設・場所名": "住吉中学校体育館",
        "住所": "熊本県宇土市笹原町1700",
        "指定緊急避難場所との住所同一": "1",
        "その他市町村長が必要と認める事項": "",
        "受入対象者": "",
        "備考": ""
      }
    },
    {
      "type": "Feature",
      "geometry": {
        "type": "Point",
        "coordinates": [
          130.597776,
          32.70195
        ]
      },
      "properties": {
        "NO": "150",
        "共通ID": "E4321100032111",
        "施設・場所名": "ＪＲ住吉駅前駐輪場",
        "住所": "熊本県宇土市住吉町836-4",
        "指定緊急避難場所との住所同一": "",
        "その他市町村長が必要と認める事項": "",
        "受入対象者": "",
        "備考": ""
      }
    },
    {
      "type": "Feature",
      "geometry": {
        "type": "Point",
        "coordinates": [
          130.59848,
          32.703026
        ]
      },
      "properties": {
        "NO": "151",
        "共通ID": "E4321100033111",
        "施設・場所名": "住吉漁協会議室",
        "住所": "熊本県宇土市住吉町875",
        "指定緊急避難場所との住所同一": "",
        "その他市町村長が必要と認める事項": null,
        "受入対象者": null,
        "備考": ""
      }
    },
    {
      "type": "Feature",
      "geometry": {
        "type": "Point",
        "coordinates": [
          130.671758,
          32.668526
        ]
      },
      "properties": {
        "NO": "152",
        "共通ID": "E4321100035121",
        "施設・場所名": "照古苑ひまわりホーム",
        "住所": "熊本県宇土市松山町1988",
        "指定緊急避難場所との住所同一": "",
        "その他市町村長が必要と認める事項": null,
        "受入対象者": "要配慮者",
        "備考": ""
      }
    },
    {
      "type": "Feature",
      "geometry": {
        "type": "Point",
        "coordinates": [
          130.552995,
          32.68003
        ]
      },
      "properties": {
        "NO": "153",
        "共通ID": "E4321100037121",
        "施設・場所名": "景雅苑",
        "住所": "熊本県宇土市上網田町3676",
        "指定緊急避難場所との住所同一": "",
        "その他市町村長が必要と認める事項": null,
        "受入対象者": "要配慮者",
        "備考": ""
      }
    },
    {
      "type": "Feature",
      "geometry": {
        "type": "Point",
        "coordinates": [
          130.661253,
          32.684003
        ]
      },
      "properties": {
        "NO": "154",
        "共通ID": "E4321100040111",
        "施設・場所名": "市民会館",
        "住所": "熊本県宇土市新小路町123",
        "指定緊急避難場所との住所同一": "",
        "その他市町村長が必要と認める事項": null,
        "受入対象者": null,
        "備考": ""
      }
    },
    {
      "type": "Feature",
      "geometry": {
        "type": "Point",
        "coordinates": [
          130.662812,
          32.683567
        ]
      },
      "properties": {
        "NO": "155",
        "共通ID": "E4321100041111",
        "施設・場所名": "老人福祉センター",
        "住所": "熊本県宇土市新小路町138-2",
        "指定緊急避難場所との住所同一": "",
        "その他市町村長が必要と認める事項": null,
        "受入対象者": null,
        "備考": ""
      }
    },
    {
      "type": "Feature",
      "geometry": {
        "type": "Point",
        "coordinates": [
          130.662128,
          32.683268
        ]
      },
      "properties": {
        "NO": "156",
        "共通ID": "E4321100042111",
        "施設・場所名": "鶴城中学校体育館",
        "住所": "熊本県宇土市新小路町151",
        "指定緊急避難場所との住所同一": "1",
        "その他市町村長が必要と認める事項": "",
        "受入対象者": "",
        "備考": ""
      }
    },
    {
      "type": "Feature",
      "geometry": {
        "type": "Point",
        "coordinates": [
          130.663643,
          32.686449
        ]
      },
      "properties": {
        "NO": "157",
        "共通ID": "E4321100043121",
        "施設・場所名": "ケアコートうと本町",
        "住所": "熊本県宇土市新小路町2",
        "指定緊急避難場所との住所同一": "",
        "その他市町村長が必要と認める事項": null,
        "受入対象者": "要配慮者",
        "備考": ""
      }
    },
    {
      "type": "Feature",
      "geometry": {
        "type": "Point",
        "coordinates": [
          130.661771,
          32.684446
        ]
      },
      "properties": {
        "NO": "158",
        "共通ID": "E4321100044111",
        "施設・場所名": "中央公民館",
        "住所": "熊本県宇土市新小路町96-1",
        "指定緊急避難場所との住所同一": "",
        "その他市町村長が必要と認める事項": null,
        "受入対象者": null,
        "備考": ""
      }
    },
    {
      "type": "Feature",
      "geometry": {
        "type": "Point",
        "coordinates": [
          130.645375,
          32.676073
        ]
      },
      "properties": {
        "NO": "159",
        "共通ID": "E4321100046111",
        "施設・場所名": "轟地区農業者トレーニングセンター",
        "住所": "熊本県宇土市石橋町1",
        "指定緊急避難場所との住所同一": "",
        "その他市町村長が必要と認める事項": null,
        "受入対象者": null,
        "備考": ""
      }
    },
    {
      "type": "Feature",
      "geometry": {
        "type": "Point",
        "coordinates": [
          130.644851,
          32.676495
        ]
      },
      "properties": {
        "NO": "160",
        "共通ID": "E4321100048111",
        "施設・場所名": "轟公民館",
        "住所": "熊本県宇土市石橋町10-2",
        "指定緊急避難場所との住所同一": "",
        "その他市町村長が必要と認める事項": null,
        "受入対象者": null,
        "備考": ""
      }
    },
    {
      "type": "Feature",
      "geometry": {
        "type": "Point",
        "coordinates": [
          130.646706,
          32.706206
        ]
      },
      "properties": {
        "NO": "161",
        "共通ID": "E4321100052111",
        "施設・場所名": "走潟地区体育館",
        "住所": "熊本県宇土市走潟町619-5",
        "指定緊急避難場所との住所同一": "",
        "その他市町村長が必要と認める事項": null,
        "受入対象者": null,
        "備考": ""
      }
    },
    {
      "type": "Feature",
      "geometry": {
        "type": "Point",
        "coordinates": [
          130.648709,
          32.705217
        ]
      },
      "properties": {
        "NO": "162",
        "共通ID": "E4321100053111",
        "施設・場所名": "走潟小学校体育館",
        "住所": "熊本県宇土市走潟町743",
        "指定緊急避難場所との住所同一": "1",
        "その他市町村長が必要と認める事項": "",
        "受入対象者": "",
        "備考": ""
      }
    },
    {
      "type": "Feature",
      "geometry": {
        "type": "Point",
        "coordinates": [
          130.647017,
          32.704136
        ]
      },
      "properties": {
        "NO": "163",
        "共通ID": "E4321100054111",
        "施設・場所名": "走潟公民館",
        "住所": "熊本県宇土市走潟町822",
        "指定緊急避難場所との住所同一": "",
        "その他市町村長が必要と認める事項": null,
        "受入対象者": null,
        "備考": ""
      }
    },
    {
      "type": "Feature",
      "geometry": {
        "type": "Point",
        "coordinates": [
          130.660888,
          32.694876
        ]
      },
      "properties": {
        "NO": "164",
        "共通ID": "E4321100055111",
        "施設・場所名": "宇土東小学校体育館",
        "住所": "熊本県宇土市築籠町46",
        "指定緊急避難場所との住所同一": "1",
        "その他市町村長が必要と認める事項": "",
        "受入対象者": "",
        "備考": ""
      }
    },
    {
      "type": "Feature",
      "geometry": {
        "type": "Point",
        "coordinates": [
          130.565012,
          32.693039
        ]
      },
      "properties": {
        "NO": "165",
        "共通ID": "E4321100057111",
        "施設・場所名": "長浜福祉館",
        "住所": "熊本県宇土市長浜町411-2",
        "指定緊急避難場所との住所同一": "",
        "その他市町村長が必要と認める事項": null,
        "受入対象者": null,
        "備考": ""
      }
    },
    {
      "type": "Feature",
      "geometry": {
        "type": "Point",
        "coordinates": [
          130.543416,
          32.667376
        ]
      },
      "properties": {
        "NO": "166",
        "共通ID": "E4321100072111",
        "施設・場所名": "網田漁業協同組合",
        "住所": "熊本県宇土市長浜町508-5",
        "指定緊急避難場所との住所同一": "",
        "その他市町村長が必要と認める事項": "",
        "受入対象者": "",
        "備考": ""
      }
    },
    {
      "type": "Feature",
      "geometry": {
        "type": "Point",
        "coordinates": [
          130.662204,
          32.679048
        ]
      },
      "properties": {
        "NO": "167",
        "共通ID": "E4321100059111",
        "施設・場所名": "創価学会宇土文化会館",
        "住所": "熊本県宇土市南段原町130-1",
        "指定緊急避難場所との住所同一": "",
        "その他市町村長が必要と認める事項": null,
        "受入対象者": null,
        "備考": ""
      }
    },
    {
      "type": "Feature",
      "geometry": {
        "type": "Point",
        "coordinates": [
          130.663195,
          32.679968
        ]
      },
      "properties": {
        "NO": "168",
        "共通ID": "E4321100060121",
        "施設・場所名": "照古苑",
        "住所": "熊本県宇土市南段原町161-2",
        "指定緊急避難場所との住所同一": "",
        "その他市町村長が必要と認める事項": null,
        "受入対象者": "要配慮者",
        "備考": ""
      }
    },
    {
      "type": "Feature",
      "geometry": {
        "type": "Point",
        "coordinates": [
          130.662452,
          32.679847
        ]
      },
      "properties": {
        "NO": "169",
        "共通ID": "E4321100061121",
        "施設・場所名": "宇土市保健センター",
        "住所": "熊本県宇土市南段原町164-3",
        "指定緊急避難場所との住所同一": "",
        "その他市町村長が必要と認める事項": null,
        "受入対象者": "要配慮者",
        "備考": ""
      }
    },
    {
      "type": "Feature",
      "geometry": {
        "type": "Point",
        "coordinates": [
          130.595742,
          32.675776
        ]
      },
      "properties": {
        "NO": "170",
        "共通ID": "E4321100062111",
        "施設・場所名": "網津公民館網引分館",
        "住所": "熊本県宇土市網引町790-1",
        "指定緊急避難場所との住所同一": "",
        "その他市町村長が必要と認める事項": null,
        "受入対象者": null,
        "備考": ""
      }
    },
    {
      "type": "Feature",
      "geometry": {
        "type": "Point",
        "coordinates": [
          130.600871,
          32.696676
        ]
      },
      "properties": {
        "NO": "171",
        "共通ID": "E4321100065111",
        "施設・場所名": "網津防災センター",
        "住所": "熊本県宇土市網津町1991-1",
        "指定緊急避難場所との住所同一": "",
        "その他市町村長が必要と認める事項": null,
        "受入対象者": null,
        "備考": ""
      }
    },
    {
      "type": "Feature",
      "geometry": {
        "type": "Point",
        "coordinates": [
          130.599293,
          32.696034
        ]
      },
      "properties": {
        "NO": "172",
        "共通ID": "E4321100066111",
        "施設・場所名": "網津地区多目的研修会施設",
        "住所": "熊本県宇土市網津町2026-2",
        "指定緊急避難場所との住所同一": "",
        "その他市町村長が必要と認める事項": null,
        "受入対象者": null,
        "備考": ""
      }
    },
    {
      "type": "Feature",
      "geometry": {
        "type": "Point",
        "coordinates": [
          130.599387,
          32.697079
        ]
      },
      "properties": {
        "NO": "173",
        "共通ID": "E4321100067111",
        "施設・場所名": "網津小学校体育館",
        "住所": "熊本県宇土市網津町2082-3",
        "指定緊急避難場所との住所同一": "1",
        "その他市町村長が必要と認める事項": "",
        "受入対象者": "",
        "備考": ""
      }
    },
    {
      "type": "Feature",
      "geometry": {
        "type": "Point",
        "coordinates": [
          130.598309,
          32.689157
        ]
      },
      "properties": {
        "NO": "174",
        "共通ID": "E4321100068111",
        "施設・場所名": "あじさいの湯",
        "住所": "熊本県宇土市網津町2283",
        "指定緊急避難場所との住所同一": "",
        "その他市町村長が必要と認める事項": null,
        "受入対象者": null,
        "備考": ""
      }
    },
    {
      "type": "Feature",
      "geometry": {
        "type": "Point",
        "coordinates": [
          130.631849,
          32.693034
        ]
      },
      "properties": {
        "NO": "175",
        "共通ID": "E4321100069111",
        "施設・場所名": "緑川地区農業者トレーニングセンター",
        "住所": "熊本県宇土市野鶴町207-3",
        "指定緊急避難場所との住所同一": "",
        "その他市町村長が必要と認める事項": null,
        "受入対象者": null,
        "備考": ""
      }
    },
    {
      "type": "Feature",
      "geometry": {
        "type": "Point",
        "coordinates": [
          130.630474,
          32.693195
        ]
      },
      "properties": {
        "NO": "176",
        "共通ID": "E4321100070111",
        "施設・場所名": "緑川小学校体育館",
        "住所": "熊本県宇土市野鶴町246",
        "指定緊急避難場所との住所同一": "1",
        "その他市町村長が必要と認める事項": "",
        "受入対象者": "",
        "備考": ""
      }
    },
    {
      "type": "Feature",
      "geometry": {
        "type": "Point",
        "coordinates": [
          130.63007,
          32.694112
        ]
      },
      "properties": {
        "NO": "177",
        "共通ID": "E4321100071111",
        "施設・場所名": "緑川公民館",
        "住所": "熊本県宇土市野鶴町294-1",
        "指定緊急避難場所との住所同一": "",
        "その他市町村長が必要と認める事項": null,
        "受入対象者": null,
        "備考": ""
      }
    },
    {
      "type": "Feature",
      "geometry": {
        "type": "Point",
        "coordinates": [
          130.810195,
          32.795828
        ]
      },
      "properties": {
        "NO": "178",
        "共通ID": "E4344300008121",
        "施設・場所名": "特別養護老人ホーム　ひろやす荘",
        "住所": "熊本県益城町安永1080",
        "指定緊急避難場所との住所同一": "",
        "その他市町村長が必要と認める事項": null,
        "受入対象者": "町が特定した在宅の身体障がい者、要介護者のうち、一般的な避難所では生活に支障をきたすもの",
        "備考": ""
      }
    },
    {
      "type": "Feature",
      "geometry": {
        "type": "Point",
        "coordinates": [
          130.809251,
          32.808455
        ]
      },
      "properties": {
        "NO": "179",
        "共通ID": "E4344300015121",
        "施設・場所名": "介護老人保健施設　平成唯仁館",
        "住所": "熊本県益城町宮園1139-1",
        "指定緊急避難場所との住所同一": "",
        "その他市町村長が必要と認める事項": null,
        "受入対象者": "町が特定した在宅の身体障がい者、要介護者のうち、一般的な避難所では生活に支障をきたすもの",
        "備考": ""
      }
    },
    {
      "type": "Feature",
      "geometry": {
        "type": "Point",
        "coordinates": [
          130.815438,
          32.794368
        ]
      },
      "properties": {
        "NO": "180",
        "共通ID": "E4344300017121",
        "施設・場所名": "ほっとふぁみりい",
        "住所": "熊本県益城町宮園664-1",
        "指定緊急避難場所との住所同一": "",
        "その他市町村長が必要と認める事項": null,
        "受入対象者": "町が特定した在宅の身体障がい者、要介護者のうち、一般的な避難所では生活に支障をきたすもの",
        "備考": ""
      }
    },
    {
      "type": "Feature",
      "geometry": {
        "type": "Point",
        "coordinates": [
          130.780142,
          32.80076
        ]
      },
      "properties": {
        "NO": "181",
        "共通ID": "E4344300018121",
        "施設・場所名": "一般社団法人　ウエルビー　通所介護事業所　くらら",
        "住所": "熊本県益城町古閑12-17",
        "指定緊急避難場所との住所同一": "",
        "その他市町村長が必要と認める事項": "",
        "受入対象者": "町が特定した在宅の身体障がい者、要介護者のうち、一般的な避難所では生活に支障をきたすもの",
        "備考": ""
      }
    },
    {
      "type": "Feature",
      "geometry": {
        "type": "Point",
        "coordinates": [
          130.783685,
          32.801729
        ]
      },
      "properties": {
        "NO": "182",
        "共通ID": "E4344300020111",
        "施設・場所名": "広安愛児園",
        "住所": "熊本県益城町古閑73",
        "指定緊急避難場所との住所同一": "1",
        "その他市町村長が必要と認める事項": "",
        "受入対象者": "",
        "備考": ""
      }
    },
    {
      "type": "Feature",
      "geometry": {
        "type": "Point",
        "coordinates": [
          130.787996,
          32.77965
        ]
      },
      "properties": {
        "NO": "183",
        "共通ID": "E4344300025121",
        "施設・場所名": "障害者支援施設　熊東園",
        "住所": "熊本県益城町広崎786-1",
        "指定緊急避難場所との住所同一": "",
        "その他市町村長が必要と認める事項": null,
        "受入対象者": "町が特定した在宅の身体障がい者、要介護者のうち、一般的な避難所では生活に支障をきたすもの",
        "備考": ""
      }
    },
    {
      "type": "Feature",
      "geometry": {
        "type": "Point",
        "coordinates": [
          130.831474,
          32.789318
        ]
      },
      "properties": {
        "NO": "184",
        "共通ID": "E4344300031111",
        "施設・場所名": "益城町立木山中学校",
        "住所": "熊本県益城町寺迫1090",
        "指定緊急避難場所との住所同一": "1",
        "その他市町村長が必要と認める事項": null,
        "受入対象者": null,
        "備考": ""
      }
    },
    {
      "type": "Feature",
      "geometry": {
        "type": "Point",
        "coordinates": [
          130.831162,
          32.791258
        ]
      },
      "properties": {
        "NO": "185",
        "共通ID": "E4344300032111",
        "施設・場所名": "益城町立益城中央小学校",
        "住所": "熊本県益城町寺迫1142",
        "指定緊急避難場所との住所同一": "1",
        "その他市町村長が必要と認める事項": null,
        "受入対象者": null,
        "備考": ""
      }
    },
    {
      "type": "Feature",
      "geometry": {
        "type": "Point",
        "coordinates": [
          130.803578,
          32.752555
        ]
      },
      "properties": {
        "NO": "186",
        "共通ID": "E4344300034121",
        "施設・場所名": "サービス付高齢者向け住宅おいけ",
        "住所": "熊本県益城町小池2638-1",
        "指定緊急避難場所との住所同一": "",
        "その他市町村長が必要と認める事項": null,
        "受入対象者": "町が特定した在宅の身体障がい者、要介護者のうち、一般的な避難所では生活に支障をきたすもの",
        "備考": ""
      }
    },
    {
      "type": "Feature",
      "geometry": {
        "type": "Point",
        "coordinates": [
          130.852245,
          32.802493
        ]
      },
      "properties": {
        "NO": "187",
        "共通ID": "E4344300035111",
        "施設・場所名": "益城町立第３保育所",
        "住所": "熊本県益城町上陳361",
        "指定緊急避難場所との住所同一": "1",
        "その他市町村長が必要と認める事項": null,
        "受入対象者": null,
        "備考": ""
      }
    },
    {
      "type": "Feature",
      "geometry": {
        "type": "Point",
        "coordinates": [
          130.852413,
          32.802594
        ]
      },
      "properties": {
        "NO": "188",
        "共通ID": "E4344300036111",
        "施設・場所名": "益城町公民館津森分館",
        "住所": "熊本県益城町上陳363-1",
        "指定緊急避難場所との住所同一": "1",
        "その他市町村長が必要と認める事項": null,
        "受入対象者": null,
        "備考": ""
      }
    },
    {
      "type": "Feature",
      "geometry": {
        "type": "Point",
        "coordinates": [
          130.853616,
          32.802818
        ]
      },
      "properties": {
        "NO": "189",
        "共通ID": "E4344300037111",
        "施設・場所名": "益城町立津森小学校",
        "住所": "熊本県益城町上陳369",
        "指定緊急避難場所との住所同一": "1",
        "その他市町村長が必要と認める事項": null,
        "受入対象者": null,
        "備考": ""
      }
    },
    {
      "type": "Feature",
      "geometry": {
        "type": "Point",
        "coordinates": [
          130.800657,
          32.787755
        ]
      },
      "properties": {
        "NO": "190",
        "共通ID": "E4344300042121",
        "施設・場所名": "特別養護老人ホーム　花へんろ",
        "住所": "熊本県益城町惣領1670",
        "指定緊急避難場所との住所同一": "",
        "その他市町村長が必要と認める事項": null,
        "受入対象者": "町が特定した在宅の身体障がい者、要介護者のうち、一般的な避難所では生活に支障をきたすもの",
        "備考": ""
      }
    },
    {
      "type": "Feature",
      "geometry": {
        "type": "Point",
        "coordinates": [
          130.800233,
          32.778784
        ]
      },
      "properties": {
        "NO": "191",
        "共通ID": "E4344300043111",
        "施設・場所名": "益城町立益城中学校",
        "住所": "熊本県益城町惣領903",
        "指定緊急避難場所との住所同一": "1",
        "その他市町村長が必要と認める事項": null,
        "受入対象者": null,
        "備考": ""
      }
    },
    {
      "type": "Feature",
      "geometry": {
        "type": "Point",
        "coordinates": [
          130.812103,
          32.758932
        ]
      },
      "properties": {
        "NO": "192",
        "共通ID": "E4344300046111",
        "施設・場所名": "益城町立第２保育所",
        "住所": "熊本県益城町砥川125-1",
        "指定緊急避難場所との住所同一": "1",
        "その他市町村長が必要と認める事項": null,
        "受入対象者": null,
        "備考": ""
      }
    },
    {
      "type": "Feature",
      "geometry": {
        "type": "Point",
        "coordinates": [
          130.810987,
          32.759293
        ]
      },
      "properties": {
        "NO": "193",
        "共通ID": "E4344300047111",
        "施設・場所名": "益城町立飯野小学校",
        "住所": "熊本県益城町砥川137",
        "指定緊急避難場所との住所同一": "1",
        "その他市町村長が必要と認める事項": null,
        "受入対象者": null,
        "備考": ""
      }
    },
    {
      "type": "Feature",
      "geometry": {
        "type": "Point",
        "coordinates": [
          130.81488,
          32.761412
        ]
      },
      "properties": {
        "NO": "194",
        "共通ID": "E4344300048111",
        "施設・場所名": "益城町公民館飯野分館",
        "住所": "熊本県益城町砥川1735-1",
        "指定緊急避難場所との住所同一": "1",
        "その他市町村長が必要と認める事項": null,
        "受入対象者": null,
        "備考": ""
      }
    },
    {
      "type": "Feature",
      "geometry": {
        "type": "Point",
        "coordinates": [
          130.802896,
          32.78827
        ]
      },
      "properties": {
        "NO": "195",
        "共通ID": "E4344300051121",
        "施設・場所名": "小規模多機能ホーム　あんず",
        "住所": "熊本県益城町馬水17-3",
        "指定緊急避難場所との住所同一": "",
        "その他市町村長が必要と認める事項": null,
        "受入対象者": "町が特定した在宅の身体障がい者、要介護者のうち、一般的な避難所では生活に支障をきたすもの",
        "備考": ""
      }
    },
    {
      "type": "Feature",
      "geometry": {
        "type": "Point",
        "coordinates": [
          130.802241,
          32.786814
        ]
      },
      "properties": {
        "NO": "196",
        "共通ID": "E4344300052111",
        "施設・場所名": "益城町立広安小学校",
        "住所": "熊本県益城町馬水35",
        "指定緊急避難場所との住所同一": "1",
        "その他市町村長が必要と認める事項": null,
        "受入対象者": null,
        "備考": ""
      }
    },
    {
      "type": "Feature",
      "geometry": {
        "type": "Point",
        "coordinates": [
          130.832203,
          32.783634
        ]
      },
      "properties": {
        "NO": "197",
        "共通ID": "E4344300057111",
        "施設・場所名": "益城町公民館福田分館",
        "住所": "熊本県益城町福原1974",
        "指定緊急避難場所との住所同一": "1",
        "その他市町村長が必要と認める事項": null,
        "受入対象者": null,
        "備考": ""
      }
    },
    {
      "type": "Feature",
      "geometry": {
        "type": "Point",
        "coordinates": [
          130.831953,
          32.782858
        ]
      },
      "properties": {
        "NO": "198",
        "共通ID": "E4344300058121",
        "施設・場所名": "特別養護老人ホーム　いこいの里",
        "住所": "熊本県益城町福原1988-1",
        "指定緊急避難場所との住所同一": "",
        "その他市町村長が必要と認める事項": null,
        "受入対象者": "町が特定した在宅の身体障がい者、要介護者のうち、一般的な避難所では生活に支障をきたすもの",
        "備考": ""
      }
    },
    {
      "type": "Feature",
      "geometry": {
        "type": "Point",
        "coordinates": [
          130.829975,
          32.78417
        ]
      },
      "properties": {
        "NO": "199",
        "共通ID": "E4344300061111",
        "施設・場所名": "益城町立第５保育所",
        "住所": "熊本県益城町福原529-2",
        "指定緊急避難場所との住所同一": "1",
        "その他市町村長が必要と認める事項": null,
        "受入対象者": null,
        "備考": ""
      }
    },
    {
      "type": "Feature",
      "geometry": {
        "type": "Point",
        "coordinates": [
          130.794068,
          32.791138
        ]
      },
      "properties": {
        "NO": "200",
        "共通ID": "E4344300062111",
        "施設・場所名": "益城町立広安西小学校",
        "住所": "熊本県益城町福富1001",
        "指定緊急避難場所との住所同一": "1",
        "その他市町村長が必要と認める事項": null,
        "受入対象者": null,
        "備考": ""
      }
    },
    {
      "type": "Feature",
      "geometry": {
        "type": "Point",
        "coordinates": [
          130.797149,
          32.780697
        ]
      },
      "properties": {
        "NO": "201",
        "共通ID": "E4344300064111",
        "施設・場所名": "益城町立第１保育所",
        "住所": "熊本県益城町福富651",
        "指定緊急避難場所との住所同一": "1",
        "その他市町村長が必要と認める事項": null,
        "受入対象者": null,
        "備考": ""
      }
    },
    {
      "type": "Feature",
      "geometry": {
        "type": "Point",
        "coordinates": [
          130.823003,
          32.786339
        ]
      },
      "properties": {
        "NO": "202",
        "共通ID": "E4344300067111",
        "施設・場所名": "益城町交流情報センター",
        "住所": "熊本県益城町木山236",
        "指定緊急避難場所との住所同一": "1",
        "その他市町村長が必要と認める事項": null,
        "受入対象者": null,
        "備考": ""
      }
    },
    {
      "type": "Feature",
      "geometry": {
        "type": "Point",
        "coordinates": [
          130.821726,
          32.786014
        ]
      },
      "properties": {
        "NO": "203",
        "共通ID": "E4344300067112",
        "施設・場所名": "益城町総合体育館",
        "住所": "熊本県益城町木山236",
        "指定緊急避難場所との住所同一": "1",
        "その他市町村長が必要と認める事項": "",
        "受入対象者": "",
        "備考": ""
      }
    },
    {
      "type": "Feature",
      "geometry": {
        "type": "Point",
        "coordinates": [
          130.820179,
          32.789394
        ]
      },
      "properties": {
        "NO": "204",
        "共通ID": "E4344300068111",
        "施設・場所名": "益城町文化会館",
        "住所": "熊本県益城町木山381-1",
        "指定緊急避難場所との住所同一": "1",
        "その他市町村長が必要と認める事項": "",
        "受入対象者": "",
        "備考": ""
      }
    },
    {
      "type": "Feature",
      "geometry": {
        "type": "Point",
        "coordinates": [
          130.816394,
          32.800417
        ]
      },
      "properties": {
        "NO": "205",
        "共通ID": "E4344300070111",
        "施設・場所名": "益城町立益城幼稚園",
        "住所": "熊本県益城町木山589",
        "指定緊急避難場所との住所同一": "1",
        "その他市町村長が必要と認める事項": null,
        "受入対象者": null,
        "備考": ""
      }
    },
    {
      "type": "Feature",
      "geometry": {
        "type": "Point",
        "coordinates": [
          130.817733,
          32.799507
        ]
      },
      "properties": {
        "NO": "206",
        "共通ID": "E4344300077111",
        "施設・場所名": "益城町地域共生センター",
        "住所": "熊本県益城町木山592",
        "指定緊急避難場所との住所同一": "1",
        "その他市町村長が必要と認める事項": "",
        "受入対象者": "",
        "備考": ""
      }
    },
    {
      "type": "Feature",
      "geometry": {
        "type": "Point",
        "coordinates": [
          130.741804,
          32.742832
        ]
      },
      "properties": {
        "NO": "207",
        "共通ID": "E4344200003111",
        "施設・場所名": "嘉島西小学校",
        "住所": "熊本県嘉島町上島1919-2",
        "指定緊急避難場所との住所同一": "1",
        "その他市町村長が必要と認める事項": null,
        "受入対象者": null,
        "備考": ""
      }
    },
    {
      "type": "Feature",
      "geometry": {
        "type": "Point",
        "coordinates": [
          130.758518,
          32.740033
        ]
      },
      "properties": {
        "NO": "208",
        "共通ID": "E4344200004111",
        "施設・場所名": "嘉島町民会館",
        "住所": "熊本県嘉島町上島545",
        "指定緊急避難場所との住所同一": "1",
        "その他市町村長が必要と認める事項": null,
        "受入対象者": null,
        "備考": ""
      }
    },
    {
      "type": "Feature",
      "geometry": {
        "type": "Point",
        "coordinates": [
          130.7584,
          32.739825
        ]
      },
      "properties": {
        "NO": "209",
        "共通ID": "E4344200004121",
        "施設・場所名": "嘉島町保健センター",
        "住所": "熊本県嘉島町上島545",
        "指定緊急避難場所との住所同一": "1",
        "その他市町村長が必要と認める事項": null,
        "受入対象者": "要配慮者",
        "備考": ""
      }
    },
    {
      "type": "Feature",
      "geometry": {
        "type": "Point",
        "coordinates": [
          130.7584,
          32.739825
        ]
      },
      "properties": {
        "NO": "210",
        "共通ID": "E4344200004112",
        "施設・場所名": "嘉島町保健センター",
        "住所": "熊本県嘉島町上島545",
        "指定緊急避難場所との住所同一": "1",
        "その他市町村長が必要と認める事項": null,
        "受入対象者": null,
        "備考": ""
      }
    },
    {
      "type": "Feature",
      "geometry": {
        "type": "Point",
        "coordinates": [
          130.758462,
          32.740792
        ]
      },
      "properties": {
        "NO": "211",
        "共通ID": "E4344200005111",
        "施設・場所名": "嘉島町子育て支援センター",
        "住所": "熊本県嘉島町上島551",
        "指定緊急避難場所との住所同一": "1",
        "その他市町村長が必要と認める事項": null,
        "受入対象者": null,
        "備考": ""
      }
    },
    {
      "type": "Feature",
      "geometry": {
        "type": "Point",
        "coordinates": [
          130.757228,
          32.742617
        ]
      },
      "properties": {
        "NO": "212",
        "共通ID": "E4344200006111",
        "施設・場所名": "嘉島中学校",
        "住所": "熊本県嘉島町上島887",
        "指定緊急避難場所との住所同一": "1",
        "その他市町村長が必要と認める事項": null,
        "受入対象者": null,
        "備考": ""
      }
    },
    {
      "type": "Feature",
      "geometry": {
        "type": "Point",
        "coordinates": [
          130.756217,
          32.741351
        ]
      },
      "properties": {
        "NO": "213",
        "共通ID": "E4344200007111",
        "施設・場所名": "嘉島町民体育館",
        "住所": "熊本県嘉島町上島926",
        "指定緊急避難場所との住所同一": "1",
        "その他市町村長が必要と認める事項": null,
        "受入対象者": null,
        "備考": ""
      }
    },
    {
      "type": "Feature",
      "geometry": {
        "type": "Point",
        "coordinates": [
          130.767474,
          32.749028
        ]
      },
      "properties": {
        "NO": "214",
        "共通ID": "E4344200008112",
        "施設・場所名": "嘉島東小学校",
        "住所": "熊本県嘉島町上六嘉2063",
        "指定緊急避難場所との住所同一": "1",
        "その他市町村長が必要と認める事項": null,
        "受入対象者": null,
        "備考": ""
      }
    },
    {
      "type": "Feature",
      "geometry": {
        "type": "Point",
        "coordinates": [
          130.767041,
          32.748366
        ]
      },
      "properties": {
        "NO": "215",
        "共通ID": "E4344200008111",
        "施設・場所名": "嘉島町ふれあいセンター",
        "住所": "熊本県嘉島町上六嘉2063",
        "指定緊急避難場所との住所同一": "1",
        "その他市町村長が必要と認める事項": null,
        "受入対象者": null,
        "備考": ""
      }
    },
    {
      "type": "Feature",
      "geometry": {
        "type": "Point",
        "coordinates": [
          130.764121,
          32.735488
        ]
      },
      "properties": {
        "NO": "216",
        "共通ID": "E4344200009111",
        "施設・場所名": "嘉島町文化センター",
        "住所": "熊本県嘉島町上六嘉917",
        "指定緊急避難場所との住所同一": "1",
        "その他市町村長が必要と認める事項": null,
        "受入対象者": null,
        "備考": ""
      }
    },
    {
      "type": "Feature",
      "geometry": {
        "type": "Point",
        "coordinates": [
          130.742983,
          32.743947
        ]
      },
      "properties": {
        "NO": "217",
        "共通ID": "E4344200011111",
        "施設・場所名": "嘉島町公民館近隣公園分館",
        "住所": "熊本県嘉島町鯰2820",
        "指定緊急避難場所との住所同一": "1",
        "その他市町村長が必要と認める事項": null,
        "受入対象者": null,
        "備考": ""
      }
    },
    {
      "type": "Feature",
      "geometry": {
        "type": "Point",
        "coordinates": [
          130.832677,
          32.934725
        ]
      },
      "properties": {
        "NO": "218",
        "共通ID": "E4321000001121",
        "施設・場所名": "あさひが丘荘",
        "住所": "熊本県菊池市旭志伊坂449-1",
        "指定緊急避難場所との住所同一": "",
        "その他市町村長が必要と認める事項": null,
        "受入対象者": "要配慮者",
        "備考": ""
      }
    },
    {
      "type": "Feature",
      "geometry": {
        "type": "Point",
        "coordinates": [
          130.858386,
          32.946022
        ]
      },
      "properties": {
        "NO": "219",
        "共通ID": "E4321000002111",
        "施設・場所名": "旭志体育館",
        "住所": "熊本県菊池市旭志小原189",
        "指定緊急避難場所との住所同一": "1",
        "その他市町村長が必要と認める事項": "",
        "受入対象者": "",
        "備考": ""
      }
    },
    {
      "type": "Feature",
      "geometry": {
        "type": "Point",
        "coordinates": [
          130.85631,
          32.94591
        ]
      },
      "properties": {
        "NO": "220",
        "共通ID": "E4321000003111",
        "施設・場所名": "旭志中学校体育館",
        "住所": "熊本県菊池市旭志小原224",
        "指定緊急避難場所との住所同一": "1",
        "その他市町村長が必要と認める事項": null,
        "受入対象者": null,
        "備考": ""
      }
    },
    {
      "type": "Feature",
      "geometry": {
        "type": "Point",
        "coordinates": [
          130.849411,
          32.943788
        ]
      },
      "properties": {
        "NO": "221",
        "共通ID": "E4321000006111",
        "施設・場所名": "旭志小学校体育館",
        "住所": "熊本県菊池市旭志新明2790",
        "指定緊急避難場所との住所同一": "1",
        "その他市町村長が必要と認める事項": "",
        "受入対象者": "",
        "備考": ""
      }
    },
    {
      "type": "Feature",
      "geometry": {
        "type": "Point",
        "coordinates": [
          130.81918,
          32.992141
        ]
      },
      "properties": {
        "NO": "222",
        "共通ID": "E4321000009111",
        "施設・場所名": "菊池北中学校体育館",
        "住所": "熊本県菊池市隈府1515",
        "指定緊急避難場所との住所同一": "1",
        "その他市町村長が必要と認める事項": null,
        "受入対象者": null,
        "備考": ""
      }
    },
    {
      "type": "Feature",
      "geometry": {
        "type": "Point",
        "coordinates": [
          130.816047,
          32.992494
        ]
      },
      "properties": {
        "NO": "223",
        "共通ID": "E4321000010111",
        "施設・場所名": "菊池北小学校体育館",
        "住所": "熊本県菊池市隈府1530-1",
        "指定緊急避難場所との住所同一": "1",
        "その他市町村長が必要と認める事項": null,
        "受入対象者": null,
        "備考": ""
      }
    },
    {
      "type": "Feature",
      "geometry": {
        "type": "Point",
        "coordinates": [
          130.805576,
          32.981553
        ]
      },
      "properties": {
        "NO": "224",
        "共通ID": "E4321000011111",
        "施設・場所名": "菊池老人福祉センター",
        "住所": "熊本県菊池市隈府432-1",
        "指定緊急避難場所との住所同一": "1",
        "その他市町村長が必要と認める事項": "",
        "受入対象者": "",
        "備考": ""
      }
    },
    {
      "type": "Feature",
      "geometry": {
        "type": "Point",
        "coordinates": [
          130.810631,
          32.979418
        ]
      },
      "properties": {
        "NO": "225",
        "共通ID": "E4321000012111",
        "施設・場所名": "隈府小学校体育館",
        "住所": "熊本県菊池市隈府792",
        "指定緊急避難場所との住所同一": "1",
        "その他市町村長が必要と認める事項": null,
        "受入対象者": null,
        "備考": ""
      }
    },
    {
      "type": "Feature",
      "geometry": {
        "type": "Point",
        "coordinates": [
          130.811064,
          32.978102
        ]
      },
      "properties": {
        "NO": "226",
        "共通ID": "E4321000013111",
        "施設・場所名": "菊池南中学校体育館",
        "住所": "熊本県菊池市隈府833",
        "指定緊急避難場所との住所同一": "1",
        "その他市町村長が必要と認める事項": "",
        "受入対象者": "",
        "備考": ""
      }
    },
    {
      "type": "Feature",
      "geometry": {
        "type": "Point",
        "coordinates": [
          130.814527,
          32.978941
        ]
      },
      "properties": {
        "NO": "227",
        "共通ID": "E4321000071111",
        "施設・場所名": "菊池市生涯学習センター（中央公民館）",
        "住所": "熊本県菊池市隈府872-1",
        "指定緊急避難場所との住所同一": "1",
        "その他市町村長が必要と認める事項": "",
        "受入対象者": "",
        "備考": ""
      }
    },
    {
      "type": "Feature",
      "geometry": {
        "type": "Point",
        "coordinates": [
          130.812773,
          32.980475
        ]
      },
      "properties": {
        "NO": "228",
        "共通ID": "E4321000015111",
        "施設・場所名": "菊池市福祉会館",
        "住所": "熊本県菊池市隈府888",
        "指定緊急避難場所との住所同一": "1",
        "その他市町村長が必要と認める事項": null,
        "受入対象者": null,
        "備考": ""
      }
    },
    {
      "type": "Feature",
      "geometry": {
        "type": "Point",
        "coordinates": [
          130.811848,
          32.979799
        ]
      },
      "properties": {
        "NO": "229",
        "共通ID": "E4321000016111",
        "施設・場所名": "菊池南中学校武道場",
        "住所": "熊本県菊池市隈府900-1",
        "指定緊急避難場所との住所同一": "1",
        "その他市町村長が必要と認める事項": "",
        "受入対象者": "",
        "備考": ""
      }
    },
    {
      "type": "Feature",
      "geometry": {
        "type": "Point",
        "coordinates": [
          130.797587,
          32.992183
        ]
      },
      "properties": {
        "NO": "230",
        "共通ID": "E4321000017111",
        "施設・場所名": "菊池市ふれあい交流センター",
        "住所": "熊本県菊池市袈裟尾445-12",
        "指定緊急避難場所との住所同一": "1",
        "その他市町村長が必要と認める事項": "",
        "受入対象者": "",
        "備考": ""
      }
    },
    {
      "type": "Feature",
      "geometry": {
        "type": "Point",
        "coordinates": [
          130.872165,
          33.00219
        ]
      },
      "properties": {
        "NO": "231",
        "共通ID": "E4321000072111",
        "施設・場所名": "水源支館",
        "住所": "熊本県菊池市原1596-1",
        "指定緊急避難場所との住所同一": "1",
        "その他市町村長が必要と認める事項": "",
        "受入対象者": "",
        "備考": ""
      }
    },
    {
      "type": "Feature",
      "geometry": {
        "type": "Point",
        "coordinates": [
          130.872459,
          33.001985
        ]
      },
      "properties": {
        "NO": "232",
        "共通ID": "E4321000018111",
        "施設・場所名": "きくちふるさと水源交流館",
        "住所": "熊本県菊池市原1600",
        "指定緊急避難場所との住所同一": "1",
        "その他市町村長が必要と認める事項": null,
        "受入対象者": null,
        "備考": ""
      }
    },
    {
      "type": "Feature",
      "geometry": {
        "type": "Point",
        "coordinates": [
          130.897747,
          33.013598
        ]
      },
      "properties": {
        "NO": "233",
        "共通ID": "E4321000020111",
        "施設・場所名": "水迫里山の家",
        "住所": "熊本県菊池市原2931-1",
        "指定緊急避難場所との住所同一": "1",
        "その他市町村長が必要と認める事項": "",
        "受入対象者": "",
        "備考": ""
      }
    },
    {
      "type": "Feature",
      "geometry": {
        "type": "Point",
        "coordinates": [
          130.81502,
          32.970822
        ]
      },
      "properties": {
        "NO": "234",
        "共通ID": "E4321000021121",
        "施設・場所名": "つまごめ荘",
        "住所": "熊本県菊池市今58",
        "指定緊急避難場所との住所同一": "",
        "その他市町村長が必要と認める事項": null,
        "受入対象者": "要配慮者",
        "備考": ""
      }
    },
    {
      "type": "Feature",
      "geometry": {
        "type": "Point",
        "coordinates": [
          130.768264,
          32.955099
        ]
      },
      "properties": {
        "NO": "235",
        "共通ID": "E4321000022121",
        "施設・場所名": "清泉",
        "住所": "熊本県菊池市七城町亀尾2429",
        "指定緊急避難場所との住所同一": "",
        "その他市町村長が必要と認める事項": null,
        "受入対象者": "要配慮者",
        "備考": ""
      }
    },
    {
      "type": "Feature",
      "geometry": {
        "type": "Point",
        "coordinates": [
          130.762879,
          32.969416
        ]
      },
      "properties": {
        "NO": "236",
        "共通ID": "E4321000023111",
        "施設・場所名": "七城小学校体育館",
        "住所": "熊本県菊池市七城町甲佐町33",
        "指定緊急避難場所との住所同一": "1",
        "その他市町村長が必要と認める事項": null,
        "受入対象者": null,
        "備考": ""
      }
    },
    {
      "type": "Feature",
      "geometry": {
        "type": "Point",
        "coordinates": [
          130.763823,
          32.969794
        ]
      },
      "properties": {
        "NO": "237",
        "共通ID": "E4321000024111",
        "施設・場所名": "七城中学校体育館",
        "住所": "熊本県菊池市七城町甲佐町66",
        "指定緊急避難場所との住所同一": "1",
        "その他市町村長が必要と認める事項": null,
        "受入対象者": null,
        "備考": ""
      }
    },
    {
      "type": "Feature",
      "geometry": {
        "type": "Point",
        "coordinates": [
          130.764231,
          32.969504
        ]
      },
      "properties": {
        "NO": "238",
        "共通ID": "E4321000073111",
        "施設・場所名": "七城公民館",
        "住所": "熊本県菊池市七城町甲佐町74-1",
        "指定緊急避難場所との住所同一": "1",
        "その他市町村長が必要と認める事項": "",
        "受入対象者": "",
        "備考": ""
      }
    },
    {
      "type": "Feature",
      "geometry": {
        "type": "Point",
        "coordinates": [
          130.767649,
          32.983358
        ]
      },
      "properties": {
        "NO": "239",
        "共通ID": "E4321000027111",
        "施設・場所名": "七城老人福祉センター",
        "住所": "熊本県菊池市七城町流川394-1",
        "指定緊急避難場所との住所同一": "1",
        "その他市町村長が必要と認める事項": null,
        "受入対象者": null,
        "備考": ""
      }
    },
    {
      "type": "Feature",
      "geometry": {
        "type": "Point",
        "coordinates": [
          130.765984,
          32.984427
        ]
      },
      "properties": {
        "NO": "240",
        "共通ID": "E4321000028121",
        "施設・場所名": "居屋敷の里",
        "住所": "熊本県菊池市七城町流川421",
        "指定緊急避難場所との住所同一": "",
        "その他市町村長が必要と認める事項": null,
        "受入対象者": "要配慮者",
        "備考": ""
      }
    },
    {
      "type": "Feature",
      "geometry": {
        "type": "Point",
        "coordinates": [
          130.889583,
          33.023739
        ]
      },
      "properties": {
        "NO": "241",
        "共通ID": "E4321000031121",
        "施設・場所名": "わらび",
        "住所": "熊本県菊池市重味2380-7",
        "指定緊急避難場所との住所同一": "",
        "その他市町村長が必要と認める事項": null,
        "受入対象者": "要配慮者",
        "備考": ""
      }
    },
    {
      "type": "Feature",
      "geometry": {
        "type": "Point",
        "coordinates": [
          130.854324,
          33.013203
        ]
      },
      "properties": {
        "NO": "242",
        "共通ID": "E4321000032111",
        "施設・場所名": "迫龍ふれあいセンター",
        "住所": "熊本県菊池市重味3296",
        "指定緊急避難場所との住所同一": "1",
        "その他市町村長が必要と認める事項": null,
        "受入対象者": null,
        "備考": ""
      }
    },
    {
      "type": "Feature",
      "geometry": {
        "type": "Point",
        "coordinates": [
          130.795055,
          32.954245
        ]
      },
      "properties": {
        "NO": "243",
        "共通ID": "E4321000033111",
        "施設・場所名": "花房小学校体育館",
        "住所": "熊本県菊池市出田2516",
        "指定緊急避難場所との住所同一": "1",
        "その他市町村長が必要と認める事項": null,
        "受入対象者": null,
        "備考": ""
      }
    },
    {
      "type": "Feature",
      "geometry": {
        "type": "Point",
        "coordinates": [
          130.795505,
          32.954112
        ]
      },
      "properties": {
        "NO": "244",
        "共通ID": "E4321000074111",
        "施設・場所名": "花房支館",
        "住所": "熊本県菊池市出田2532-1",
        "指定緊急避難場所との住所同一": "1",
        "その他市町村長が必要と認める事項": "",
        "受入対象者": "",
        "備考": ""
      }
    },
    {
      "type": "Feature",
      "geometry": {
        "type": "Point",
        "coordinates": [
          130.785721,
          32.970526
        ]
      },
      "properties": {
        "NO": "245",
        "共通ID": "E4321000035112",
        "施設・場所名": "西部市民センター",
        "住所": "熊本県菊池市西寺1371-1",
        "指定緊急避難場所との住所同一": "",
        "その他市町村長が必要と認める事項": "",
        "受入対象者": "",
        "備考": ""
      }
    },
    {
      "type": "Feature",
      "geometry": {
        "type": "Point",
        "coordinates": [
          130.789618,
          32.968706
        ]
      },
      "properties": {
        "NO": "246",
        "共通ID": "E4321000036111",
        "施設・場所名": "菊之池小学校体育館",
        "住所": "熊本県菊池市西寺1928",
        "指定緊急避難場所との住所同一": "1",
        "その他市町村長が必要と認める事項": null,
        "受入対象者": null,
        "備考": ""
      }
    },
    {
      "type": "Feature",
      "geometry": {
        "type": "Point",
        "coordinates": [
          130.809867,
          32.966273
        ]
      },
      "properties": {
        "NO": "247",
        "共通ID": "E4321000037111",
        "施設・場所名": "戸崎支館",
        "住所": "熊本県菊池市赤星1163",
        "指定緊急避難場所との住所同一": "1",
        "その他市町村長が必要と認める事項": null,
        "受入対象者": null,
        "備考": ""
      }
    },
    {
      "type": "Feature",
      "geometry": {
        "type": "Point",
        "coordinates": [
          130.810357,
          32.966957
        ]
      },
      "properties": {
        "NO": "248",
        "共通ID": "E4321000038111",
        "施設・場所名": "戸崎小学校体育館",
        "住所": "熊本県菊池市赤星1164",
        "指定緊急避難場所との住所同一": "1",
        "その他市町村長が必要と認める事項": null,
        "受入対象者": null,
        "備考": ""
      }
    },
    {
      "type": "Feature",
      "geometry": {
        "type": "Point",
        "coordinates": [
          130.830176,
          32.997843
        ]
      },
      "properties": {
        "NO": "249",
        "共通ID": "E4321000076111",
        "施設・場所名": "迫間支館",
        "住所": "熊本県菊池市大平645-1",
        "指定緊急避難場所との住所同一": "1",
        "その他市町村長が必要と認める事項": "",
        "受入対象者": "",
        "備考": ""
      }
    },
    {
      "type": "Feature",
      "geometry": {
        "type": "Point",
        "coordinates": [
          130.803736,
          32.972315
        ]
      },
      "properties": {
        "NO": "250",
        "共通ID": "E4321000041121",
        "施設・場所名": "きくちの里",
        "住所": "熊本県菊池市大琳寺123",
        "指定緊急避難場所との住所同一": "",
        "その他市町村長が必要と認める事項": null,
        "受入対象者": "要配慮者",
        "備考": ""
      }
    },
    {
      "type": "Feature",
      "geometry": {
        "type": "Point",
        "coordinates": [
          130.868829,
          33.059392
        ]
      },
      "properties": {
        "NO": "251",
        "共通ID": "E4321000042111",
        "施設・場所名": "やまびこ体育館",
        "住所": "熊本県菊池市班蛇口1390",
        "指定緊急避難場所との住所同一": "1",
        "その他市町村長が必要と認める事項": "",
        "受入対象者": "",
        "備考": ""
      }
    },
    {
      "type": "Feature",
      "geometry": {
        "type": "Point",
        "coordinates": [
          130.852075,
          33.046452
        ]
      },
      "properties": {
        "NO": "252",
        "共通ID": "E4321000077111",
        "施設・場所名": "斑蛇口湖ボート場艇庫兼研修センター",
        "住所": "熊本県菊池市班蛇口525-5",
        "指定緊急避難場所との住所同一": "1",
        "その他市町村長が必要と認める事項": "",
        "受入対象者": "",
        "備考": ""
      }
    },
    {
      "type": "Feature",
      "geometry": {
        "type": "Point",
        "coordinates": [
          130.841833,
          33.025461
        ]
      },
      "properties": {
        "NO": "253",
        "共通ID": "E4321000045111",
        "施設・場所名": "菊池市龍門地域活性化支援センター（旧龍門小学校校舎）",
        "住所": "熊本県菊池市龍門356",
        "指定緊急避難場所との住所同一": "1",
        "その他市町村長が必要と認める事項": "",
        "受入対象者": "",
        "備考": ""
      }
    },
    {
      "type": "Feature",
      "geometry": {
        "type": "Point",
        "coordinates": [
          130.822617,
          32.987042
        ]
      },
      "properties": {
        "NO": "254",
        "共通ID": "E4321000047111",
        "施設・場所名": "菊池市総合体育館",
        "住所": "熊本県菊池市亘538-2",
        "指定緊急避難場所との住所同一": "1",
        "その他市町村長が必要と認める事項": null,
        "受入対象者": null,
        "備考": ""
      }
    },
    {
      "type": "Feature",
      "geometry": {
        "type": "Point",
        "coordinates": [
          130.803028,
          32.92594
        ]
      },
      "properties": {
        "NO": "255",
        "共通ID": "E4321000049121",
        "施設・場所名": "泗水苑",
        "住所": "熊本県菊池市泗水町永1021",
        "指定緊急避難場所との住所同一": "",
        "その他市町村長が必要と認める事項": null,
        "受入対象者": "要配慮者",
        "備考": ""
      }
    },
    {
      "type": "Feature",
      "geometry": {
        "type": "Point",
        "coordinates": [
          130.803955,
          32.914882
        ]
      },
      "properties": {
        "NO": "256",
        "共通ID": "E4321000050111",
        "施設・場所名": "泗水第２体育館",
        "住所": "熊本県菊池市泗水町永2618",
        "指定緊急避難場所との住所同一": "1",
        "その他市町村長が必要と認める事項": "",
        "受入対象者": "",
        "備考": ""
      }
    },
    {
      "type": "Feature",
      "geometry": {
        "type": "Point",
        "coordinates": [
          130.792592,
          32.939676
        ]
      },
      "properties": {
        "NO": "257",
        "共通ID": "E4321000052111",
        "施設・場所名": "泗水Ｂ＆Ｇ海洋センター体育館",
        "住所": "熊本県菊池市泗水町吉富100-3",
        "指定緊急避難場所との住所同一": "1",
        "その他市町村長が必要と認める事項": "",
        "受入対象者": "",
        "備考": ""
      }
    },
    {
      "type": "Feature",
      "geometry": {
        "type": "Point",
        "coordinates": [
          130.795327,
          32.937794
        ]
      },
      "properties": {
        "NO": "258",
        "共通ID": "E4321000053121",
        "施設・場所名": "菊池園",
        "住所": "熊本県菊池市泗水町吉富17-1",
        "指定緊急避難場所との住所同一": "",
        "その他市町村長が必要と認める事項": null,
        "受入対象者": "要配慮者",
        "備考": ""
      }
    },
    {
      "type": "Feature",
      "geometry": {
        "type": "Point",
        "coordinates": [
          130.776698,
          32.93237
        ]
      },
      "properties": {
        "NO": "259",
        "共通ID": "E4321000055121",
        "施設・場所名": "こすもす荘",
        "住所": "熊本県菊池市泗水町吉富2900",
        "指定緊急避難場所との住所同一": "",
        "その他市町村長が必要と認める事項": null,
        "受入対象者": "要配慮者",
        "備考": ""
      }
    },
    {
      "type": "Feature",
      "geometry": {
        "type": "Point",
        "coordinates": [
          130.808402,
          32.933472
        ]
      },
      "properties": {
        "NO": "260",
        "共通ID": "E4321000057111",
        "施設・場所名": "泗水東小学校体育館",
        "住所": "熊本県菊池市泗水町住吉2851",
        "指定緊急避難場所との住所同一": "1",
        "その他市町村長が必要と認める事項": null,
        "受入対象者": null,
        "備考": ""
      }
    },
    {
      "type": "Feature",
      "geometry": {
        "type": "Point",
        "coordinates": [
          130.742276,
          32.931461
        ]
      },
      "properties": {
        "NO": "261",
        "共通ID": "E4321000058111",
        "施設・場所名": "泗水西小学校体育館",
        "住所": "熊本県菊池市泗水町田島333",
        "指定緊急避難場所との住所同一": "1",
        "その他市町村長が必要と認める事項": null,
        "受入対象者": null,
        "備考": ""
      }
    },
    {
      "type": "Feature",
      "geometry": {
        "type": "Point",
        "coordinates": [
          130.741303,
          32.926566
        ]
      },
      "properties": {
        "NO": "262",
        "共通ID": "E4321000059121",
        "施設・場所名": "サニーサイド",
        "住所": "熊本県菊池市泗水町南田島1794",
        "指定緊急避難場所との住所同一": "",
        "その他市町村長が必要と認める事項": null,
        "受入対象者": "要配慮者",
        "備考": ""
      }
    },
    {
      "type": "Feature",
      "geometry": {
        "type": "Point",
        "coordinates": [
          130.776107,
          32.923348
        ]
      },
      "properties": {
        "NO": "263",
        "共通ID": "E4321000044111",
        "施設・場所名": "泗水体育館",
        "住所": "熊本県菊池市泗水町福本242-1",
        "指定緊急避難場所との住所同一": "1",
        "その他市町村長が必要と認める事項": null,
        "受入対象者": null,
        "備考": ""
      }
    },
    {
      "type": "Feature",
      "geometry": {
        "type": "Point",
        "coordinates": [
          130.774978,
          32.920316
        ]
      },
      "properties": {
        "NO": "264",
        "共通ID": "E4321000062121",
        "施設・場所名": "孔子の里",
        "住所": "熊本県菊池市泗水町福本904-1",
        "指定緊急避難場所との住所同一": "",
        "その他市町村長が必要と認める事項": null,
        "受入対象者": "要配慮者",
        "備考": ""
      }
    },
    {
      "type": "Feature",
      "geometry": {
        "type": "Point",
        "coordinates": [
          130.774924,
          32.924476
        ]
      },
      "properties": {
        "NO": "265",
        "共通ID": "E4321000063111",
        "施設・場所名": "泗水小学校体育館",
        "住所": "熊本県菊池市泗水町豊水3481",
        "指定緊急避難場所との住所同一": "1",
        "その他市町村長が必要と認める事項": null,
        "受入対象者": null,
        "備考": ""
      }
    },
    {
      "type": "Feature",
      "geometry": {
        "type": "Point",
        "coordinates": [
          130.774506,
          32.92347
        ]
      },
      "properties": {
        "NO": "266",
        "共通ID": "E4321000064111",
        "施設・場所名": "泗水中学校体育館",
        "住所": "熊本県菊池市泗水町豊水3490",
        "指定緊急避難場所との住所同一": "1",
        "その他市町村長が必要と認める事項": null,
        "受入対象者": null,
        "備考": ""
      }
    },
    {
      "type": "Feature",
      "geometry": {
        "type": "Point",
        "coordinates": [
          130.772,
          32.924415
        ]
      },
      "properties": {
        "NO": "267",
        "共通ID": "E4321000065111",
        "施設・場所名": "泗水公民館",
        "住所": "熊本県菊池市泗水町豊水3565",
        "指定緊急避難場所との住所同一": "1",
        "その他市町村長が必要と認める事項": null,
        "受入対象者": null,
        "備考": ""
      }
    },
    {
      "type": "Feature",
      "geometry": {
        "type": "Point",
        "coordinates": [
          130.775558,
          32.860231
        ]
      },
      "properties": {
        "NO": "268",
        "共通ID": "E4340400002111",
        "施設・場所名": "武蔵ヶ丘コミュニティセンタ及び武蔵ヶ丘中学校武道場",
        "住所": "熊本県菊陽町光の森1-3517-3",
        "指定緊急避難場所との住所同一": "1",
        "その他市町村長が必要と認める事項": "",
        "受入対象者": "",
        "備考": ""
      }
    },
    {
      "type": "Feature",
      "geometry": {
        "type": "Point",
        "coordinates": [
          130.776316,
          32.860122
        ]
      },
      "properties": {
        "NO": "269",
        "共通ID": "E4340400003111",
        "施設・場所名": "武蔵ヶ丘中学校",
        "住所": "熊本県菊陽町光の森1-3518",
        "指定緊急避難場所との住所同一": "1",
        "その他市町村長が必要と認める事項": null,
        "受入対象者": null,
        "備考": ""
      }
    },
    {
      "type": "Feature",
      "geometry": {
        "type": "Point",
        "coordinates": [
          130.778753,
          32.859422
        ]
      },
      "properties": {
        "NO": "270",
        "共通ID": "E4340400004111",
        "施設・場所名": "光の森町民センター（体育館）",
        "住所": "熊本県菊陽町光の森2-1-1",
        "指定緊急避難場所との住所同一": "1",
        "その他市町村長が必要と認める事項": "",
        "受入対象者": "",
        "備考": ""
      }
    },
    {
      "type": "Feature",
      "geometry": {
        "type": "Point",
        "coordinates": [
          130.778753,
          32.859422
        ]
      },
      "properties": {
        "NO": "271",
        "共通ID": "E4340400004121",
        "施設・場所名": "光の森町民センター（地域センター）",
        "住所": "熊本県菊陽町光の森2-1-1",
        "指定緊急避難場所との住所同一": "1",
        "その他市町村長が必要と認める事項": "",
        "受入対象者": "要配慮者",
        "備考": ""
      }
    },
    {
      "type": "Feature",
      "geometry": {
        "type": "Point",
        "coordinates": [
          130.846866,
          32.856312
        ]
      },
      "properties": {
        "NO": "272",
        "共通ID": "E4340400006111",
        "施設・場所名": "東部町民センター",
        "住所": "熊本県菊陽町大字久保田1309-2",
        "指定緊急避難場所との住所同一": "1",
        "その他市町村長が必要と認める事項": null,
        "受入対象者": null,
        "備考": ""
      }
    },
    {
      "type": "Feature",
      "geometry": {
        "type": "Point",
        "coordinates": [
          130.827954,
          32.861358
        ]
      },
      "properties": {
        "NO": "273",
        "共通ID": "E4340400007111",
        "施設・場所名": "菊陽中学校",
        "住所": "熊本県菊陽町大字久保田2563",
        "指定緊急避難場所との住所同一": "1",
        "その他市町村長が必要と認める事項": null,
        "受入対象者": null,
        "備考": ""
      }
    },
    {
      "type": "Feature",
      "geometry": {
        "type": "Point",
        "coordinates": [
          130.828626,
          32.861277
        ]
      },
      "properties": {
        "NO": "274",
        "共通ID": "E4340400009111",
        "施設・場所名": "町民体育館",
        "住所": "熊本県菊陽町大字久保田2598",
        "指定緊急避難場所との住所同一": "1",
        "その他市町村長が必要と認める事項": null,
        "受入対象者": null,
        "備考": ""
      }
    },
    {
      "type": "Feature",
      "geometry": {
        "type": "Point",
        "coordinates": [
          130.82902,
          32.860964
        ]
      },
      "properties": {
        "NO": "275",
        "共通ID": "E4340400010121",
        "施設・場所名": "福祉センター",
        "住所": "熊本県菊陽町大字久保田2623",
        "指定緊急避難場所との住所同一": "",
        "その他市町村長が必要と認める事項": "",
        "受入対象者": "要配慮者",
        "備考": ""
      }
    },
    {
      "type": "Feature",
      "geometry": {
        "type": "Point",
        "coordinates": [
          130.835496,
          32.850623
        ]
      },
      "properties": {
        "NO": "276",
        "共通ID": "E4340400013111",
        "施設・場所名": "菊陽南小学校",
        "住所": "熊本県菊陽町大字曲手397",
        "指定緊急避難場所との住所同一": "1",
        "その他市町村長が必要と認める事項": null,
        "受入対象者": null,
        "備考": ""
      }
    },
    {
      "type": "Feature",
      "geometry": {
        "type": "Point",
        "coordinates": [
          130.834436,
          32.850228
        ]
      },
      "properties": {
        "NO": "277",
        "共通ID": "E4340400015111",
        "施設・場所名": "南部町民センター",
        "住所": "熊本県菊陽町大字曲手498-3",
        "指定緊急避難場所との住所同一": "1",
        "その他市町村長が必要と認める事項": null,
        "受入対象者": null,
        "備考": ""
      }
    },
    {
      "type": "Feature",
      "geometry": {
        "type": "Point",
        "coordinates": [
          130.808832,
          32.866817
        ]
      },
      "properties": {
        "NO": "278",
        "共通ID": "E4340400016121",
        "施設・場所名": "図書館ホール",
        "住所": "熊本県菊陽町大字原水1438-1",
        "指定緊急避難場所との住所同一": "",
        "その他市町村長が必要と認める事項": null,
        "受入対象者": "要配慮者",
        "備考": ""
      }
    },
    {
      "type": "Feature",
      "geometry": {
        "type": "Point",
        "coordinates": [
          130.831176,
          32.877429
        ]
      },
      "properties": {
        "NO": "279",
        "共通ID": "E4340400017111",
        "施設・場所名": "菊陽北小学校",
        "住所": "熊本県菊陽町大字原水4652",
        "指定緊急避難場所との住所同一": "1",
        "その他市町村長が必要と認める事項": "",
        "受入対象者": "",
        "備考": ""
      }
    },
    {
      "type": "Feature",
      "geometry": {
        "type": "Point",
        "coordinates": [
          130.832249,
          32.878829
        ]
      },
      "properties": {
        "NO": "280",
        "共通ID": "E4340400018111",
        "施設・場所名": "ふれあいの森研修センター",
        "住所": "熊本県菊陽町大字原水4652-24",
        "指定緊急避難場所との住所同一": "1",
        "その他市町村長が必要と認める事項": null,
        "受入対象者": null,
        "備考": ""
      }
    },
    {
      "type": "Feature",
      "geometry": {
        "type": "Point",
        "coordinates": [
          130.80607,
          32.8672
        ]
      },
      "properties": {
        "NO": "281",
        "共通ID": "E4340400019111",
        "施設・場所名": "菊陽杉並木公園　管理センター",
        "住所": "熊本県菊陽町大字原水5326",
        "指定緊急避難場所との住所同一": "1",
        "その他市町村長が必要と認める事項": "",
        "受入対象者": "",
        "備考": ""
      }
    },
    {
      "type": "Feature",
      "geometry": {
        "type": "Point",
        "coordinates": [
          130.803357,
          32.868684
        ]
      },
      "properties": {
        "NO": "282",
        "共通ID": "E4340400033111",
        "施設・場所名": "菊陽町総合体育館",
        "住所": "熊本県菊陽町大字原水5352-3",
        "指定緊急避難場所との住所同一": "1",
        "その他市町村長が必要と認める事項": "",
        "受入対象者": "",
        "備考": ""
      }
    },
    {
      "type": "Feature",
      "geometry": {
        "type": "Point",
        "coordinates": [
          130.80554,
          32.86842
        ]
      },
      "properties": {
        "NO": "283",
        "共通ID": "E4340400020121",
        "施設・場所名": "総合交流ターミナル　さんふれあ",
        "住所": "熊本県菊陽町大字原水5359",
        "指定緊急避難場所との住所同一": "",
        "その他市町村長が必要と認める事項": null,
        "受入対象者": "要配慮者",
        "備考": ""
      }
    },
    {
      "type": "Feature",
      "geometry": {
        "type": "Point",
        "coordinates": [
          130.792762,
          32.865959
        ]
      },
      "properties": {
        "NO": "284",
        "共通ID": "E4340400021111",
        "施設・場所名": "菊陽西小学校",
        "住所": "熊本県菊陽町大字原水5666-40",
        "指定緊急避難場所との住所同一": "1",
        "その他市町村長が必要と認める事項": null,
        "受入対象者": null,
        "備考": ""
      }
    },
    {
      "type": "Feature",
      "geometry": {
        "type": "Point",
        "coordinates": [
          130.812845,
          32.857482
        ]
      },
      "properties": {
        "NO": "285",
        "共通ID": "E4340400022111",
        "施設・場所名": "上津久礼公民館",
        "住所": "熊本県菊陽町大字津久礼1157-2",
        "指定緊急避難場所との住所同一": "1",
        "その他市町村長が必要と認める事項": null,
        "受入対象者": null,
        "備考": ""
      }
    },
    {
      "type": "Feature",
      "geometry": {
        "type": "Point",
        "coordinates": [
          130.80383,
          32.857955
        ]
      },
      "properties": {
        "NO": "286",
        "共通ID": "E4340400023111",
        "施設・場所名": "下津久礼公民館",
        "住所": "熊本県菊陽町大字津久礼1786-2",
        "指定緊急避難場所との住所同一": "1",
        "その他市町村長が必要と認める事項": null,
        "受入対象者": null,
        "備考": ""
      }
    },
    {
      "type": "Feature",
      "geometry": {
        "type": "Point",
        "coordinates": [
          130.794819,
          32.86258
        ]
      },
      "properties": {
        "NO": "287",
        "共通ID": "E4340400024111",
        "施設・場所名": "三里木町民センター",
        "住所": "熊本県菊陽町大字津久礼2962-2",
        "指定緊急避難場所との住所同一": "1",
        "その他市町村長が必要と認める事項": null,
        "受入対象者": null,
        "備考": ""
      }
    },
    {
      "type": "Feature",
      "geometry": {
        "type": "Point",
        "coordinates": [
          130.825147,
          32.859564
        ]
      },
      "properties": {
        "NO": "288",
        "共通ID": "E4340400025111",
        "施設・場所名": "菊陽中部小学校",
        "住所": "熊本県菊陽町大字津久礼411",
        "指定緊急避難場所との住所同一": "1",
        "その他市町村長が必要と認める事項": null,
        "受入対象者": null,
        "備考": ""
      }
    },
    {
      "type": "Feature",
      "geometry": {
        "type": "Point",
        "coordinates": [
          130.767983,
          32.857803
        ]
      },
      "properties": {
        "NO": "289",
        "共通ID": "E4340400027111",
        "施設・場所名": "武蔵ヶ丘小学校",
        "住所": "熊本県菊陽町武蔵ヶ丘北1-2-1",
        "指定緊急避難場所との住所同一": "",
        "その他市町村長が必要と認める事項": "",
        "受入対象者": "",
        "備考": ""
      }
    },
    {
      "type": "Feature",
      "geometry": {
        "type": "Point",
        "coordinates": [
          130.768295,
          32.860648
        ]
      },
      "properties": {
        "NO": "290",
        "共通ID": "E4340400028121",
        "施設・場所名": "ふれあい交流・福祉支援センター",
        "住所": "熊本県菊陽町武蔵ヶ丘北1-6-34",
        "指定緊急避難場所との住所同一": "",
        "その他市町村長が必要と認める事項": "",
        "受入対象者": "要配慮者",
        "備考": ""
      }
    },
    {
      "type": "Feature",
      "geometry": {
        "type": "Point",
        "coordinates": [
          130.76649,
          32.862032
        ]
      },
      "properties": {
        "NO": "291",
        "共通ID": "E4340400030111",
        "施設・場所名": "西部町民センター",
        "住所": "熊本県菊陽町武蔵ヶ丘北3-5-1",
        "指定緊急避難場所との住所同一": "",
        "その他市町村長が必要と認める事項": "",
        "受入対象者": "",
        "備考": ""
      }
    },
    {
      "type": "Feature",
      "geometry": {
        "type": "Point",
        "coordinates": [
          130.765562,
          32.862204
        ]
      },
      "properties": {
        "NO": "292",
        "共通ID": "E4340400032111",
        "施設・場所名": "武蔵ヶ丘北小学校",
        "住所": "熊本県菊陽町武蔵ヶ丘北3-5-2",
        "指定緊急避難場所との住所同一": "",
        "その他市町村長が必要と認める事項": "",
        "受入対象者": "",
        "備考": ""
      }
    },
    {
      "type": "Feature",
      "geometry": {
        "type": "Point",
        "coordinates": [
          130.646625,
          32.244759
        ]
      },
      "properties": {
        "NO": "293",
        "共通ID": "E4351300002121",
        "施設・場所名": "球磨村高齢者生活福祉センター「せせらぎ」",
        "住所": "熊本県球磨村大字一勝地乙1-5",
        "指定緊急避難場所との住所同一": "1",
        "その他市町村長が必要と認める事項": null,
        "受入対象者": "要配慮者",
        "備考": ""
      }
    },
    {
      "type": "Feature",
      "geometry": {
        "type": "Point",
        "coordinates": [
          130.609774,
          32.225911
        ]
      },
      "properties": {
        "NO": "294",
        "共通ID": "E4351300029111",
        "施設・場所名": "岳本公民館",
        "住所": "熊本県球磨村大字一勝地乙1389-1",
        "指定緊急避難場所との住所同一": "",
        "その他市町村長が必要と認める事項": "",
        "受入対象者": "",
        "備考": ""
      }
    },
    {
      "type": "Feature",
      "geometry": {
        "type": "Point",
        "coordinates": [
          130.637076,
          32.2357
        ]
      },
      "properties": {
        "NO": "295",
        "共通ID": "E4351300003111",
        "施設・場所名": "日隠公民館",
        "住所": "熊本県球磨村大字一勝地乙581-5",
        "指定緊急避難場所との住所同一": "",
        "その他市町村長が必要と認める事項": null,
        "受入対象者": null,
        "備考": ""
      }
    },
    {
      "type": "Feature",
      "geometry": {
        "type": "Point",
        "coordinates": [
          130.642199,
          32.23475
        ]
      },
      "properties": {
        "NO": "296",
        "共通ID": "E4351300004111",
        "施設・場所名": "吐合公民館",
        "住所": "熊本県球磨村大字一勝地乙739-1",
        "指定緊急避難場所との住所同一": "",
        "その他市町村長が必要と認める事項": null,
        "受入対象者": null,
        "備考": ""
      }
    },
    {
      "type": "Feature",
      "geometry": {
        "type": "Point",
        "coordinates": [
          130.640317,
          32.230468
        ]
      },
      "properties": {
        "NO": "297",
        "共通ID": "E4351300006111",
        "施設・場所名": "中津公民館",
        "住所": "熊本県球磨村大字一勝地甲1248",
        "指定緊急避難場所との住所同一": "",
        "その他市町村長が必要と認める事項": null,
        "受入対象者": null,
        "備考": ""
      }
    },
    {
      "type": "Feature",
      "geometry": {
        "type": "Point",
        "coordinates": [
          130.639923,
          32.208325
        ]
      },
      "properties": {
        "NO": "298",
        "共通ID": "E4351300007111",
        "施設・場所名": "茂田公民館",
        "住所": "熊本県球磨村大字一勝地甲1747",
        "指定緊急避難場所との住所同一": "",
        "その他市町村長が必要と認める事項": null,
        "受入対象者": null,
        "備考": ""
      }
    },
    {
      "type": "Feature",
      "geometry": {
        "type": "Point",
        "coordinates": [
          130.631424,
          32.182629
        ]
      },
      "properties": {
        "NO": "299",
        "共通ID": "E4351300008111",
        "施設・場所名": "遠原公民館",
        "住所": "熊本県球磨村大字一勝地甲1933-13",
        "指定緊急避難場所との住所同一": "",
        "その他市町村長が必要と認める事項": null,
        "受入対象者": null,
        "備考": ""
      }
    },
    {
      "type": "Feature",
      "geometry": {
        "type": "Point",
        "coordinates": [
          130.599289,
          32.269404
        ]
      },
      "properties": {
        "NO": "300",
        "共通ID": "E4351300009111",
        "施設・場所名": "告公民館",
        "住所": "熊本県球磨村大字一勝地丁1252-1",
        "指定緊急避難場所との住所同一": "",
        "その他市町村長が必要と認める事項": null,
        "受入対象者": null,
        "備考": ""
      }
    },
    {
      "type": "Feature",
      "geometry": {
        "type": "Point",
        "coordinates": [
          130.646882,
          32.246143
        ]
      },
      "properties": {
        "NO": "301",
        "共通ID": "E4351300010111",
        "施設・場所名": "球磨清流学園南屋内運動場",
        "住所": "熊本県球磨村大字一勝地丙181",
        "指定緊急避難場所との住所同一": "1",
        "その他市町村長が必要と認める事項": "",
        "受入対象者": "",
        "備考": ""
      }
    },
    {
      "type": "Feature",
      "geometry": {
        "type": "Point",
        "coordinates": [
          130.682506,
          32.224894
        ]
      },
      "properties": {
        "NO": "302",
        "共通ID": "E4351300011111",
        "施設・場所名": "大無田地区林業総合センター",
        "住所": "熊本県球磨村大字三ケ浦乙1245",
        "指定緊急避難場所との住所同一": "",
        "その他市町村長が必要と認める事項": null,
        "受入対象者": null,
        "備考": ""
      }
    },
    {
      "type": "Feature",
      "geometry": {
        "type": "Point",
        "coordinates": [
          130.66672,
          32.224339
        ]
      },
      "properties": {
        "NO": "303",
        "共通ID": "E4351300013111",
        "施設・場所名": "田舎の体験交流館「さんがうら」",
        "住所": "熊本県球磨村大字三ケ浦乙245-5",
        "指定緊急避難場所との住所同一": "",
        "その他市町村長が必要と認める事項": "",
        "受入対象者": "",
        "備考": ""
      }
    },
    {
      "type": "Feature",
      "geometry": {
        "type": "Point",
        "coordinates": [
          130.665187,
          32.223796
        ]
      },
      "properties": {
        "NO": "304",
        "共通ID": "E4351300014111",
        "施設・場所名": "松谷公民館",
        "住所": "熊本県球磨村大字三ケ浦乙623-2",
        "指定緊急避難場所との住所同一": "",
        "その他市町村長が必要と認める事項": null,
        "受入対象者": null,
        "備考": ""
      }
    },
    {
      "type": "Feature",
      "geometry": {
        "type": "Point",
        "coordinates": [
          130.614599,
          32.31233
        ]
      },
      "properties": {
        "NO": "305",
        "共通ID": "E4351300026111",
        "施設・場所名": "神瀬神照寺",
        "住所": "熊本県球磨村大字神瀬1132",
        "指定緊急避難場所との住所同一": "",
        "その他市町村長が必要と認める事項": "",
        "受入対象者": "",
        "備考": ""
      }
    },
    {
      "type": "Feature",
      "geometry": {
        "type": "Point",
        "coordinates": [
          130.642171,
          32.295171
        ]
      },
      "properties": {
        "NO": "306",
        "共通ID": "E4351300017111",
        "施設・場所名": "コミニュティセンターたかさわ",
        "住所": "熊本県球磨村大字神瀬丁548-2",
        "指定緊急避難場所との住所同一": "1",
        "その他市町村長が必要と認める事項": null,
        "受入対象者": null,
        "備考": ""
      }
    },
    {
      "type": "Feature",
      "geometry": {
        "type": "Point",
        "coordinates": [
          130.605932,
          32.281919
        ]
      },
      "properties": {
        "NO": "307",
        "共通ID": "E4351300018111",
        "施設・場所名": "大瀬公民館",
        "住所": "熊本県球磨村大字大瀬178",
        "指定緊急避難場所との住所同一": "",
        "その他市町村長が必要と認める事項": null,
        "受入対象者": null,
        "備考": ""
      }
    },
    {
      "type": "Feature",
      "geometry": {
        "type": "Point",
        "coordinates": [
          130.690947,
          32.24009
        ]
      },
      "properties": {
        "NO": "308",
        "共通ID": "E4351300019111",
        "施設・場所名": "小川公民館",
        "住所": "熊本県球磨村大字渡乙2595",
        "指定緊急避難場所との住所同一": "",
        "その他市町村長が必要と認める事項": null,
        "受入対象者": null,
        "備考": ""
      }
    },
    {
      "type": "Feature",
      "geometry": {
        "type": "Point",
        "coordinates": [
          130.69929,
          32.247973
        ]
      },
      "properties": {
        "NO": "309",
        "共通ID": "E4351300020111",
        "施設・場所名": "水篠公民館",
        "住所": "熊本県球磨村大字渡乙3164-1",
        "指定緊急避難場所との住所同一": "",
        "その他市町村長が必要と認める事項": null,
        "受入対象者": null,
        "備考": ""
      }
    },
    {
      "type": "Feature",
      "geometry": {
        "type": "Point",
        "coordinates": [
          130.702204,
          32.234903
        ]
      },
      "properties": {
        "NO": "310",
        "共通ID": "E4351300021111",
        "施設・場所名": "渡保育園",
        "住所": "熊本県球磨村大字渡乙763",
        "指定緊急避難場所との住所同一": "",
        "その他市町村長が必要と認める事項": null,
        "受入対象者": null,
        "備考": ""
      }
    },
    {
      "type": "Feature",
      "geometry": {
        "type": "Point",
        "coordinates": [
          130.703276,
          32.234947
        ]
      },
      "properties": {
        "NO": "311",
        "共通ID": "E4351300028111",
        "施設・場所名": "さくらドーム及び周辺施設（千寿園）",
        "住所": "熊本県球磨村大字渡乙880-21",
        "指定緊急避難場所との住所同一": "",
        "その他市町村長が必要と認める事項": "",
        "受入対象者": "",
        "備考": ""
      }
    },
    {
      "type": "Feature",
      "geometry": {
        "type": "Point",
        "coordinates": [
          130.700636,
          32.236157
        ]
      },
      "properties": {
        "NO": "312",
        "共通ID": "E4351300022111",
        "施設・場所名": "峯公民館",
        "住所": "熊本県球磨村大字渡乙996",
        "指定緊急避難場所との住所同一": "",
        "その他市町村長が必要と認める事項": null,
        "受入対象者": null,
        "備考": ""
      }
    },
    {
      "type": "Feature",
      "geometry": {
        "type": "Point",
        "coordinates": [
          130.666467,
          32.264253
        ]
      },
      "properties": {
        "NO": "313",
        "共通ID": "E4351300023111",
        "施設・場所名": "岡公民館（椎葉）",
        "住所": "熊本県球磨村大字渡丙1323-1",
        "指定緊急避難場所との住所同一": "",
        "その他市町村長が必要と認める事項": null,
        "受入対象者": null,
        "備考": ""
      }
    },
    {
      "type": "Feature",
      "geometry": {
        "type": "Point",
        "coordinates": [
          130.660744,
          32.244673
        ]
      },
      "properties": {
        "NO": "314",
        "共通ID": "E4351300024111",
        "施設・場所名": "馬場公民館",
        "住所": "熊本県球磨村大字渡丙241-1",
        "指定緊急避難場所との住所同一": "",
        "その他市町村長が必要と認める事項": null,
        "受入対象者": null,
        "備考": ""
      }
    },
    {
      "type": "Feature",
      "geometry": {
        "type": "Point",
        "coordinates": [
          130.665248,
          32.258927
        ]
      },
      "properties": {
        "NO": "315",
        "共通ID": "E4351300025111",
        "施設・場所名": "岡公民館（久保）",
        "住所": "熊本県球磨村大字渡丙630",
        "指定緊急避難場所との住所同一": "",
        "その他市町村長が必要と認める事項": null,
        "受入対象者": null,
        "備考": ""
      }
    },
    {
      "type": "Feature",
      "geometry": {
        "type": "Point",
        "coordinates": [
          130.611132,
          32.922278
        ]
      },
      "properties": {
        "NO": "316",
        "共通ID": "E4336400001111",
        "施設・場所名": "稲佐公民館",
        "住所": "熊本県玉東町稲佐464",
        "指定緊急避難場所との住所同一": "1",
        "その他市町村長が必要と認める事項": "",
        "受入対象者": "",
        "備考": ""
      }
    },
    {
      "type": "Feature",
      "geometry": {
        "type": "Point",
        "coordinates": [
          130.614991,
          32.916186
        ]
      },
      "properties": {
        "NO": "317",
        "共通ID": "E4336400014123",
        "施設・場所名": "このはリハビリ倶楽部",
        "住所": "熊本県玉東町山口8-13",
        "指定緊急避難場所との住所同一": "",
        "その他市町村長が必要と認める事項": "",
        "受入対象者": "",
        "備考": ""
      }
    },
    {
      "type": "Feature",
      "geometry": {
        "type": "Point",
        "coordinates": [
          130.626722,
          32.896712
        ]
      },
      "properties": {
        "NO": "318",
        "共通ID": "E4336400003111",
        "施設・場所名": "山北小学校体育館",
        "住所": "熊本県玉東町上白木370-1",
        "指定緊急避難場所との住所同一": "1",
        "その他市町村長が必要と認める事項": "",
        "受入対象者": "",
        "備考": ""
      }
    },
    {
      "type": "Feature",
      "geometry": {
        "type": "Point",
        "coordinates": [
          130.634304,
          32.893209
        ]
      },
      "properties": {
        "NO": "319",
        "共通ID": "E4336400004121",
        "施設・場所名": "グル―プホームはる",
        "住所": "熊本県玉東町西安寺302-1",
        "指定緊急避難場所との住所同一": "",
        "その他市町村長が必要と認める事項": null,
        "受入対象者": "要配慮者",
        "備考": ""
      }
    },
    {
      "type": "Feature",
      "geometry": {
        "type": "Point",
        "coordinates": [
          130.629258,
          32.913145
        ]
      },
      "properties": {
        "NO": "320",
        "共通ID": "E4336400005121",
        "施設・場所名": "るぴなす",
        "住所": "熊本県玉東町二俣72",
        "指定緊急避難場所との住所同一": "",
        "その他市町村長が必要と認める事項": "",
        "受入対象者": "要配慮者",
        "備考": ""
      }
    },
    {
      "type": "Feature",
      "geometry": {
        "type": "Point",
        "coordinates": [
          130.628299,
          32.913137
        ]
      },
      "properties": {
        "NO": "321",
        "共通ID": "E4336400006111",
        "施設・場所名": "玉東町武道館",
        "住所": "熊本県玉東町二俣92-1",
        "指定緊急避難場所との住所同一": "",
        "その他市町村長が必要と認める事項": "",
        "受入対象者": "",
        "備考": ""
      }
    },
    {
      "type": "Feature",
      "geometry": {
        "type": "Point",
        "coordinates": [
          130.626797,
          32.914001
        ]
      },
      "properties": {
        "NO": "322",
        "共通ID": "E4336400007111",
        "施設・場所名": "玉東町民体育館",
        "住所": "熊本県玉東町白木1-1",
        "指定緊急避難場所との住所同一": "",
        "その他市町村長が必要と認める事項": "",
        "受入対象者": "",
        "備考": ""
      }
    },
    {
      "type": "Feature",
      "geometry": {
        "type": "Point",
        "coordinates": [
          130.627025,
          32.913552
        ]
      },
      "properties": {
        "NO": "323",
        "共通ID": "E4336400007112",
        "施設・場所名": "玉東町中央公民館",
        "住所": "熊本県玉東町白木1-1",
        "指定緊急避難場所との住所同一": "",
        "その他市町村長が必要と認める事項": "",
        "受入対象者": "",
        "備考": ""
      }
    },
    {
      "type": "Feature",
      "geometry": {
        "type": "Point",
        "coordinates": [
          130.627348,
          32.912194
        ]
      },
      "properties": {
        "NO": "324",
        "共通ID": "E4336400008111",
        "施設・場所名": "玉東中学校体育館",
        "住所": "熊本県玉東町白木51-1",
        "指定緊急避難場所との住所同一": "1",
        "その他市町村長が必要と認める事項": "",
        "受入対象者": "",
        "備考": ""
      }
    },
    {
      "type": "Feature",
      "geometry": {
        "type": "Point",
        "coordinates": [
          130.620632,
          32.920473
        ]
      },
      "properties": {
        "NO": "325",
        "共通ID": "E4336400009111",
        "施設・場所名": "木葉小学校体育館",
        "住所": "熊本県玉東町木葉1113",
        "指定緊急避難場所との住所同一": "1",
        "その他市町村長が必要と認める事項": "",
        "受入対象者": "",
        "備考": ""
      }
    },
    {
      "type": "Feature",
      "geometry": {
        "type": "Point",
        "coordinates": [
          130.62044,
          32.914146
        ]
      },
      "properties": {
        "NO": "326",
        "共通ID": "E4336400010121",
        "施設・場所名": "特別養護老人ホーム葉山苑",
        "住所": "熊本県玉東町木葉348",
        "指定緊急避難場所との住所同一": "",
        "その他市町村長が必要と認める事項": "",
        "受入対象者": "要配慮者",
        "備考": ""
      }
    },
    {
      "type": "Feature",
      "geometry": {
        "type": "Point",
        "coordinates": [
          130.621461,
          32.9137
        ]
      },
      "properties": {
        "NO": "327",
        "共通ID": "E4336400011111",
        "施設・場所名": "ふれあいの丘保健センター",
        "住所": "熊本県玉東町木葉372",
        "指定緊急避難場所との住所同一": "",
        "その他市町村長が必要と認める事項": "",
        "受入対象者": "",
        "備考": ""
      }
    },
    {
      "type": "Feature",
      "geometry": {
        "type": "Point",
        "coordinates": [
          130.6303,
          32.917095
        ]
      },
      "properties": {
        "NO": "328",
        "共通ID": "E4336400012121",
        "施設・場所名": "介護ホームはぶの",
        "住所": "熊本県玉東町木葉713-3",
        "指定緊急避難場所との住所同一": "",
        "その他市町村長が必要と認める事項": "",
        "受入対象者": "要配慮者",
        "備考": ""
      }
    },
    {
      "type": "Feature",
      "geometry": {
        "type": "Point",
        "coordinates": [
          130.628542,
          32.919205
        ]
      },
      "properties": {
        "NO": "329",
        "共通ID": "E4336400013113",
        "施設・場所名": "玉東町役場（各階あるまちスペース）",
        "住所": "熊本県玉東町木葉759",
        "指定緊急避難場所との住所同一": "1",
        "その他市町村長が必要と認める事項": "",
        "受入対象者": "",
        "備考": ""
      }
    },
    {
      "type": "Feature",
      "geometry": {
        "type": "Point",
        "coordinates": [
          130.627995,
          32.918924
        ]
      },
      "properties": {
        "NO": "330",
        "共通ID": "E4336400013111",
        "施設・場所名": "玉東町福祉センター",
        "住所": "熊本県玉東町木葉759",
        "指定緊急避難場所との住所同一": "1",
        "その他市町村長が必要と認める事項": "",
        "受入対象者": "",
        "備考": ""
      }
    },
    {
      "type": "Feature",
      "geometry": {
        "type": "Point",
        "coordinates": [
          130.57858,
          32.908781
        ]
      },
      "properties": {
        "NO": "331",
        "共通ID": "E4320600002111",
        "施設・場所名": "玉南中学校（体育館）",
        "住所": "熊本県玉名市伊倉北方2636",
        "指定緊急避難場所との住所同一": "",
        "その他市町村長が必要と認める事項": "",
        "受入対象者": "",
        "備考": ""
      }
    },
    {
      "type": "Feature",
      "geometry": {
        "type": "Point",
        "coordinates": [
          130.569245,
          32.907925
        ]
      },
      "properties": {
        "NO": "332",
        "共通ID": "E4320600003111",
        "施設・場所名": "伊倉ふれあいセンター",
        "住所": "熊本県玉名市伊倉北方3230-5",
        "指定緊急避難場所との住所同一": "",
        "その他市町村長が必要と認める事項": "",
        "受入対象者": "",
        "備考": ""
      }
    },
    {
      "type": "Feature",
      "geometry": {
        "type": "Point",
        "coordinates": [
          130.555438,
          32.877621
        ]
      },
      "properties": {
        "NO": "333",
        "共通ID": "E4320600005111",
        "施設・場所名": "横島町公民館",
        "住所": "熊本県玉名市横島町横島3644",
        "指定緊急避難場所との住所同一": "",
        "その他市町村長が必要と認める事項": "",
        "受入対象者": "",
        "備考": ""
      }
    },
    {
      "type": "Feature",
      "geometry": {
        "type": "Point",
        "coordinates": [
          130.553102,
          32.877841
        ]
      },
      "properties": {
        "NO": "334",
        "共通ID": "E4320600007111",
        "施設・場所名": "横島町体育館",
        "住所": "熊本県玉名市横島町横島3808",
        "指定緊急避難場所との住所同一": "",
        "その他市町村長が必要と認める事項": "",
        "受入対象者": "",
        "備考": ""
      }
    },
    {
      "type": "Feature",
      "geometry": {
        "type": "Point",
        "coordinates": [
          130.555041,
          32.87842
        ]
      },
      "properties": {
        "NO": "335",
        "共通ID": "E4320600008111",
        "施設・場所名": "横島小学校（体育館）",
        "住所": "熊本県玉名市横島町横島3810",
        "指定緊急避難場所との住所同一": "",
        "その他市町村長が必要と認める事項": "",
        "受入対象者": "",
        "備考": ""
      }
    },
    {
      "type": "Feature",
      "geometry": {
        "type": "Point",
        "coordinates": [
          130.556184,
          32.877055
        ]
      },
      "properties": {
        "NO": "336",
        "共通ID": "E4320600009111",
        "施設・場所名": "横島町総合保健福祉センター",
        "住所": "熊本県玉名市横島町横島3923",
        "指定緊急避難場所との住所同一": "",
        "その他市町村長が必要と認める事項": "",
        "受入対象者": "",
        "備考": ""
      }
    },
    {
      "type": "Feature",
      "geometry": {
        "type": "Point",
        "coordinates": [
          130.529478,
          32.901451
        ]
      },
      "properties": {
        "NO": "337",
        "共通ID": "E4320600010111",
        "施設・場所名": "滑石小学校（体育館）",
        "住所": "熊本県玉名市滑石1542",
        "指定緊急避難場所との住所同一": "",
        "その他市町村長が必要と認める事項": "",
        "受入対象者": "",
        "備考": ""
      }
    },
    {
      "type": "Feature",
      "geometry": {
        "type": "Point",
        "coordinates": [
          130.556373,
          32.932708
        ]
      },
      "properties": {
        "NO": "338",
        "共通ID": "E4320600011111",
        "施設・場所名": "玉名女子高等学校",
        "住所": "熊本県玉名市岩崎1061",
        "指定緊急避難場所との住所同一": "",
        "その他市町村長が必要と認める事項": "",
        "受入対象者": "",
        "備考": ""
      }
    },
    {
      "type": "Feature",
      "geometry": {
        "type": "Point",
        "coordinates": [
          130.554787,
          32.932794
        ]
      },
      "properties": {
        "NO": "339",
        "共通ID": "E4320600012111",
        "施設・場所名": "玉名町小学校（体育館）",
        "住所": "熊本県玉名市岩崎1120",
        "指定緊急避難場所との住所同一": "",
        "その他市町村長が必要と認める事項": "",
        "受入対象者": "",
        "備考": ""
      }
    },
    {
      "type": "Feature",
      "geometry": {
        "type": "Point",
        "coordinates": [
          130.562057,
          32.933937
        ]
      },
      "properties": {
        "NO": "340",
        "共通ID": "E4320600013111",
        "施設・場所名": "玉名市民会館",
        "住所": "熊本県玉名市岩崎152-2",
        "指定緊急避難場所との住所同一": "",
        "その他市町村長が必要と認める事項": "",
        "受入対象者": "",
        "備考": ""
      }
    },
    {
      "type": "Feature",
      "geometry": {
        "type": "Point",
        "coordinates": [
          130.562609,
          32.933706
        ]
      },
      "properties": {
        "NO": "341",
        "共通ID": "E4320600015111",
        "施設・場所名": "玉名勤労者体育センター",
        "住所": "熊本県玉名市岩崎173-2",
        "指定緊急避難場所との住所同一": "",
        "その他市町村長が必要と認める事項": "",
        "受入対象者": "",
        "備考": ""
      }
    },
    {
      "type": "Feature",
      "geometry": {
        "type": "Point",
        "coordinates": [
          130.561037,
          32.935838
        ]
      },
      "properties": {
        "NO": "342",
        "共通ID": "E4320600016111",
        "施設・場所名": "玉名市福祉センター",
        "住所": "熊本県玉名市岩崎88-4",
        "指定緊急避難場所との住所同一": "",
        "その他市町村長が必要と認める事項": "",
        "受入対象者": "",
        "備考": ""
      }
    },
    {
      "type": "Feature",
      "geometry": {
        "type": "Point",
        "coordinates": [
          130.575494,
          32.904954
        ]
      },
      "properties": {
        "NO": "343",
        "共通ID": "E4320600017111",
        "施設・場所名": "伊倉小学校（体育館）",
        "住所": "熊本県玉名市宮原678",
        "指定緊急避難場所との住所同一": "",
        "その他市町村長が必要と認める事項": "",
        "受入対象者": "",
        "備考": ""
      }
    },
    {
      "type": "Feature",
      "geometry": {
        "type": "Point",
        "coordinates": [
          130.577392,
          32.94417
        ]
      },
      "properties": {
        "NO": "344",
        "共通ID": "E4320600018111",
        "施設・場所名": "玉陵小学校（体育館）",
        "住所": "熊本県玉名市玉名900",
        "指定緊急避難場所との住所同一": "",
        "その他市町村長が必要と認める事項": "",
        "受入対象者": "",
        "備考": ""
      }
    },
    {
      "type": "Feature",
      "geometry": {
        "type": "Point",
        "coordinates": [
          130.578029,
          32.944423
        ]
      },
      "properties": {
        "NO": "345",
        "共通ID": "E4320600018112",
        "施設・場所名": "玉陵中学校（体育館）",
        "住所": "熊本県玉名市玉名900",
        "指定緊急避難場所との住所同一": "",
        "その他市町村長が必要と認める事項": "",
        "受入対象者": "",
        "備考": ""
      }
    },
    {
      "type": "Feature",
      "geometry": {
        "type": "Point",
        "coordinates": [
          130.587572,
          32.96383
        ]
      },
      "properties": {
        "NO": "346",
        "共通ID": "E4320600019111",
        "施設・場所名": "月瀬小学校（体育館）",
        "住所": "熊本県玉名市溝上507",
        "指定緊急避難場所との住所同一": "",
        "その他市町村長が必要と認める事項": "",
        "受入対象者": "",
        "備考": ""
      }
    },
    {
      "type": "Feature",
      "geometry": {
        "type": "Point",
        "coordinates": [
          130.559996,
          32.912706
        ]
      },
      "properties": {
        "NO": "347",
        "共通ID": "E4320600020111",
        "施設・場所名": "豊水小学校（体育館）",
        "住所": "熊本県玉名市小野尻373",
        "指定緊急避難場所との住所同一": "",
        "その他市町村長が必要と認める事項": "",
        "受入対象者": "",
        "備考": ""
      }
    },
    {
      "type": "Feature",
      "geometry": {
        "type": "Point",
        "coordinates": [
          130.564372,
          32.957605
        ]
      },
      "properties": {
        "NO": "348",
        "共通ID": "E4320600021111",
        "施設・場所名": "石貫小学校（体育館）",
        "住所": "熊本県玉名市石貫3771",
        "指定緊急避難場所との住所同一": "",
        "その他市町村長が必要と認める事項": "",
        "受入対象者": "",
        "備考": ""
      }
    },
    {
      "type": "Feature",
      "geometry": {
        "type": "Point",
        "coordinates": [
          130.526102,
          32.92903
        ]
      },
      "properties": {
        "NO": "349",
        "共通ID": "E4320600022111",
        "施設・場所名": "玉名工業高等学校",
        "住所": "熊本県玉名市岱明町下前原368",
        "指定緊急避難場所との住所同一": "",
        "その他市町村長が必要と認める事項": "",
        "受入対象者": "",
        "備考": ""
      }
    },
    {
      "type": "Feature",
      "geometry": {
        "type": "Point",
        "coordinates": [
          130.509526,
          32.930355
        ]
      },
      "properties": {
        "NO": "350",
        "共通ID": "E4320600023111",
        "施設・場所名": "睦合小学校（体育館）",
        "住所": "熊本県玉名市岱明町古閑302",
        "指定緊急避難場所との住所同一": "",
        "その他市町村長が必要と認める事項": "",
        "受入対象者": "",
        "備考": ""
      }
    },
    {
      "type": "Feature",
      "geometry": {
        "type": "Point",
        "coordinates": [
          130.513102,
          32.90748
        ]
      },
      "properties": {
        "NO": "351",
        "共通ID": "E4320600024111",
        "施設・場所名": "高道小学校（体育館）",
        "住所": "熊本県玉名市岱明町高道1230",
        "指定緊急避難場所との住所同一": "",
        "その他市町村長が必要と認める事項": "",
        "受入対象者": "",
        "備考": ""
      }
    },
    {
      "type": "Feature",
      "geometry": {
        "type": "Point",
        "coordinates": [
          130.512662,
          32.916831
        ]
      },
      "properties": {
        "NO": "352",
        "共通ID": "E4320600025111",
        "施設・場所名": "ふれあい健康センター",
        "住所": "熊本県玉名市岱明町中土1022",
        "指定緊急避難場所との住所同一": "",
        "その他市町村長が必要と認める事項": "",
        "受入対象者": "",
        "備考": ""
      }
    },
    {
      "type": "Feature",
      "geometry": {
        "type": "Point",
        "coordinates": [
          130.512992,
          32.919205
        ]
      },
      "properties": {
        "NO": "353",
        "共通ID": "E4320600027111",
        "施設・場所名": "Ｂ＆Ｇ海洋センター",
        "住所": "熊本県玉名市岱明町中土590",
        "指定緊急避難場所との住所同一": "",
        "その他市町村長が必要と認める事項": "",
        "受入対象者": "",
        "備考": ""
      }
    },
    {
      "type": "Feature",
      "geometry": {
        "type": "Point",
        "coordinates": [
          130.512537,
          32.915623
        ]
      },
      "properties": {
        "NO": "354",
        "共通ID": "E4320600051111",
        "施設・場所名": "岱明防災コミュニティセンター",
        "住所": "熊本県玉名市岱明町中土980-1",
        "指定緊急避難場所との住所同一": "",
        "その他市町村長が必要と認める事項": "",
        "受入対象者": "",
        "備考": ""
      }
    },
    {
      "type": "Feature",
      "geometry": {
        "type": "Point",
        "coordinates": [
          130.494251,
          32.910972
        ]
      },
      "properties": {
        "NO": "355",
        "共通ID": "E4320600029111",
        "施設・場所名": "鍋小学校（体育館）",
        "住所": "熊本県玉名市岱明町鍋345-2",
        "指定緊急避難場所との住所同一": "",
        "その他市町村長が必要と認める事項": "",
        "受入対象者": "",
        "備考": ""
      }
    },
    {
      "type": "Feature",
      "geometry": {
        "type": "Point",
        "coordinates": [
          130.508913,
          32.912021
        ]
      },
      "properties": {
        "NO": "356",
        "共通ID": "E4320600030111",
        "施設・場所名": "岱明中学校（体育館）",
        "住所": "熊本県玉名市岱明町浜田120",
        "指定緊急避難場所との住所同一": "",
        "その他市町村長が必要と認める事項": "",
        "受入対象者": "",
        "備考": ""
      }
    },
    {
      "type": "Feature",
      "geometry": {
        "type": "Point",
        "coordinates": [
          130.537987,
          32.924366
        ]
      },
      "properties": {
        "NO": "357",
        "共通ID": "E4320600031111",
        "施設・場所名": "専大玉名高等学校",
        "住所": "熊本県玉名市岱明町野口1046",
        "指定緊急避難場所との住所同一": "",
        "その他市町村長が必要と認める事項": "",
        "受入対象者": "",
        "備考": ""
      }
    },
    {
      "type": "Feature",
      "geometry": {
        "type": "Point",
        "coordinates": [
          130.520275,
          32.921066
        ]
      },
      "properties": {
        "NO": "358",
        "共通ID": "E4320600032111",
        "施設・場所名": "大野小学校（体育館）",
        "住所": "熊本県玉名市岱明町野口2460",
        "指定緊急避難場所との住所同一": "",
        "その他市町村長が必要と認める事項": "",
        "受入対象者": "",
        "備考": ""
      }
    },
    {
      "type": "Feature",
      "geometry": {
        "type": "Point",
        "coordinates": [
          130.567717,
          32.921934
        ]
      },
      "properties": {
        "NO": "359",
        "共通ID": "E4320600033111",
        "施設・場所名": "玉名市総合体育館",
        "住所": "熊本県玉名市大倉1144",
        "指定緊急避難場所との住所同一": "1",
        "その他市町村長が必要と認める事項": "",
        "受入対象者": "",
        "備考": ""
      }
    },
    {
      "type": "Feature",
      "geometry": {
        "type": "Point",
        "coordinates": [
          130.553102,
          32.896555
        ]
      },
      "properties": {
        "NO": "360",
        "共通ID": "E4320600034111",
        "施設・場所名": "有明中学校（体育館）",
        "住所": "熊本県玉名市大浜町1765-8",
        "指定緊急避難場所との住所同一": "",
        "その他市町村長が必要と認める事項": "",
        "受入対象者": "",
        "備考": ""
      }
    },
    {
      "type": "Feature",
      "geometry": {
        "type": "Point",
        "coordinates": [
          130.542931,
          32.899612
        ]
      },
      "properties": {
        "NO": "361",
        "共通ID": "E4320600035111",
        "施設・場所名": "大浜小学校（体育館）",
        "住所": "熊本県玉名市大浜町2100",
        "指定緊急避難場所との住所同一": "",
        "その他市町村長が必要と認める事項": "",
        "受入対象者": "",
        "備考": ""
      }
    },
    {
      "type": "Feature",
      "geometry": {
        "type": "Point",
        "coordinates": [
          130.53636,
          32.935572
        ]
      },
      "properties": {
        "NO": "362",
        "共通ID": "E4320600036111",
        "施設・場所名": "築山小学校（体育館）",
        "住所": "熊本県玉名市築地1880",
        "指定緊急避難場所との住所同一": "",
        "その他市町村長が必要と認める事項": "",
        "受入対象者": "",
        "備考": ""
      }
    },
    {
      "type": "Feature",
      "geometry": {
        "type": "Point",
        "coordinates": [
          130.548855,
          32.930979
        ]
      },
      "properties": {
        "NO": "363",
        "共通ID": "E4320600037111",
        "施設・場所名": "玉名高等学校玉名高等学校附属中学校",
        "住所": "熊本県玉名市中1853",
        "指定緊急避難場所との住所同一": "",
        "その他市町村長が必要と認める事項": "",
        "受入対象者": "",
        "備考": ""
      }
    },
    {
      "type": "Feature",
      "geometry": {
        "type": "Point",
        "coordinates": [
          130.547217,
          32.935383
        ]
      },
      "properties": {
        "NO": "364",
        "共通ID": "E4320600038111",
        "施設・場所名": "玉名中学校（体育館）",
        "住所": "熊本県玉名市中尾380",
        "指定緊急避難場所との住所同一": "",
        "その他市町村長が必要と認める事項": "",
        "受入対象者": "",
        "備考": ""
      }
    },
    {
      "type": "Feature",
      "geometry": {
        "type": "Point",
        "coordinates": [
          130.593705,
          32.861953
        ]
      },
      "properties": {
        "NO": "365",
        "共通ID": "E4320600040111",
        "施設・場所名": "小天小学校（体育館）",
        "住所": "熊本県玉名市天水町小天6966",
        "指定緊急避難場所との住所同一": "",
        "その他市町村長が必要と認める事項": "",
        "受入対象者": "",
        "備考": ""
      }
    },
    {
      "type": "Feature",
      "geometry": {
        "type": "Point",
        "coordinates": [
          130.590842,
          32.864416
        ]
      },
      "properties": {
        "NO": "366",
        "共通ID": "E4320600042111",
        "施設・場所名": "天水中学校（体育館）",
        "住所": "熊本県玉名市天水町小天7032",
        "指定緊急避難場所との住所同一": "",
        "その他市町村長が必要と認める事項": "",
        "受入対象者": "",
        "備考": ""
      }
    },
    {
      "type": "Feature",
      "geometry": {
        "type": "Point",
        "coordinates": [
          130.592277,
          32.865248
        ]
      },
      "properties": {
        "NO": "367",
        "共通ID": "E4320600043112",
        "施設・場所名": "天水市民センター",
        "住所": "熊本県玉名市天水町小天7237-1",
        "指定緊急避難場所との住所同一": "",
        "その他市町村長が必要と認める事項": "",
        "受入対象者": "",
        "備考": ""
      }
    },
    {
      "type": "Feature",
      "geometry": {
        "type": "Point",
        "coordinates": [
          130.591665,
          32.86508
        ]
      },
      "properties": {
        "NO": "368",
        "共通ID": "E4320600043111",
        "施設・場所名": "天水体育館",
        "住所": "熊本県玉名市天水町小天7237-1",
        "指定緊急避難場所との住所同一": "",
        "その他市町村長が必要と認める事項": "",
        "受入対象者": "",
        "備考": ""
      }
    },
    {
      "type": "Feature",
      "geometry": {
        "type": "Point",
        "coordinates": [
          130.582361,
          32.878851
        ]
      },
      "properties": {
        "NO": "369",
        "共通ID": "E4320600044111",
        "施設・場所名": "玉水小学校（体育館）",
        "住所": "熊本県玉名市天水町部田見1440-2",
        "指定緊急避難場所との住所同一": "",
        "その他市町村長が必要と認める事項": "",
        "受入対象者": "",
        "備考": ""
      }
    },
    {
      "type": "Feature",
      "geometry": {
        "type": "Point",
        "coordinates": [
          130.5936,
          32.915282
        ]
      },
      "properties": {
        "NO": "370",
        "共通ID": "E4320600045111",
        "施設・場所名": "八嘉小学校（体育館）",
        "住所": "熊本県玉名市田崎835-25",
        "指定緊急避難場所との住所同一": "",
        "その他市町村長が必要と認める事項": "",
        "受入対象者": "",
        "備考": ""
      }
    },
    {
      "type": "Feature",
      "geometry": {
        "type": "Point",
        "coordinates": [
          130.558929,
          32.928422
        ]
      },
      "properties": {
        "NO": "371",
        "共通ID": "E4320600046111",
        "施設・場所名": "玉名市文化センター",
        "住所": "熊本県玉名市繁根木88-1",
        "指定緊急避難場所との住所同一": "",
        "その他市町村長が必要と認める事項": "",
        "受入対象者": "",
        "備考": ""
      }
    },
    {
      "type": "Feature",
      "geometry": {
        "type": "Point",
        "coordinates": [
          130.558775,
          32.929557
        ]
      },
      "properties": {
        "NO": "372",
        "共通ID": "E4320600047111",
        "施設・場所名": "玉名市武道館",
        "住所": "熊本県玉名市繁根木94-11",
        "指定緊急避難場所との住所同一": "",
        "その他市町村長が必要と認める事項": "",
        "受入対象者": "",
        "備考": ""
      }
    },
    {
      "type": "Feature",
      "geometry": {
        "type": "Point",
        "coordinates": [
          130.55339,
          32.946294
        ]
      },
      "properties": {
        "NO": "373",
        "共通ID": "E4320600048111",
        "施設・場所名": "九州看護福祉大学",
        "住所": "熊本県玉名市富尾888",
        "指定緊急避難場所との住所同一": "1",
        "その他市町村長が必要と認める事項": "",
        "受入対象者": "",
        "備考": ""
      }
    },
    {
      "type": "Feature",
      "geometry": {
        "type": "Point",
        "coordinates": [
          130.55042,
          32.935821
        ]
      },
      "properties": {
        "NO": "374",
        "共通ID": "E4320600050111",
        "施設・場所名": "北稜高等学校",
        "住所": "熊本県玉名市立願寺247",
        "指定緊急避難場所との住所同一": "",
        "その他市町村長が必要と認める事項": "",
        "受入対象者": "",
        "備考": ""
      }
    },
    {
      "type": "Feature",
      "geometry": {
        "type": "Point",
        "coordinates": [
          130.829268,
          32.201526
        ]
      },
      "properties": {
        "NO": "375",
        "共通ID": "E4350100001111",
        "施設・場所名": "錦中学校体育館",
        "住所": "熊本県錦町大字一武1115",
        "指定緊急避難場所との住所同一": "",
        "その他市町村長が必要と認める事項": null,
        "受入対象者": null,
        "備考": ""
      }
    },
    {
      "type": "Feature",
      "geometry": {
        "type": "Point",
        "coordinates": [
          130.831869,
          32.203866
        ]
      },
      "properties": {
        "NO": "376",
        "共通ID": "E4350100011121",
        "施設・場所名": "特別養護老人ホーム錦寿豊苑",
        "住所": "熊本県錦町大字一武1234",
        "指定緊急避難場所との住所同一": "",
        "その他市町村長が必要と認める事項": null,
        "受入対象者": null,
        "備考": ""
      }
    },
    {
      "type": "Feature",
      "geometry": {
        "type": "Point",
        "coordinates": [
          130.841108,
          32.199425
        ]
      },
      "properties": {
        "NO": "377",
        "共通ID": "E4350100002121",
        "施設・場所名": "錦町保健センター",
        "住所": "熊本県錦町大字一武1502-1",
        "指定緊急避難場所との住所同一": "",
        "その他市町村長が必要と認める事項": null,
        "受入対象者": "障害児等",
        "備考": ""
      }
    },
    {
      "type": "Feature",
      "geometry": {
        "type": "Point",
        "coordinates": [
          130.84185,
          32.201306
        ]
      },
      "properties": {
        "NO": "378",
        "共通ID": "E4350100003111",
        "施設・場所名": "錦町総合福祉センター",
        "住所": "熊本県錦町大字一武1587",
        "指定緊急避難場所との住所同一": "1",
        "その他市町村長が必要と認める事項": null,
        "受入対象者": null,
        "備考": ""
      }
    },
    {
      "type": "Feature",
      "geometry": {
        "type": "Point",
        "coordinates": [
          130.839486,
          32.203455
        ]
      },
      "properties": {
        "NO": "379",
        "共通ID": "E4350100004111",
        "施設・場所名": "錦勤労者体育センター",
        "住所": "熊本県錦町大字一武1930",
        "指定緊急避難場所との住所同一": "",
        "その他市町村長が必要と認める事項": null,
        "受入対象者": null,
        "備考": ""
      }
    },
    {
      "type": "Feature",
      "geometry": {
        "type": "Point",
        "coordinates": [
          130.842565,
          32.198782
        ]
      },
      "properties": {
        "NO": "380",
        "共通ID": "E4350100005111",
        "施設・場所名": "一武小学校体育館",
        "住所": "熊本県錦町大字一武2658",
        "指定緊急避難場所との住所同一": "",
        "その他市町村長が必要と認める事項": null,
        "受入対象者": null,
        "備考": ""
      }
    },
    {
      "type": "Feature",
      "geometry": {
        "type": "Point",
        "coordinates": [
          130.820645,
          32.198953
        ]
      },
      "properties": {
        "NO": "381",
        "共通ID": "E4350100006111",
        "施設・場所名": "西小学校体育館",
        "住所": "熊本県錦町大字西1132",
        "指定緊急避難場所との住所同一": "",
        "その他市町村長が必要と認める事項": null,
        "受入対象者": null,
        "備考": ""
      }
    },
    {
      "type": "Feature",
      "geometry": {
        "type": "Point",
        "coordinates": [
          130.823062,
          32.192524
        ]
      },
      "properties": {
        "NO": "382",
        "共通ID": "E4350100007111",
        "施設・場所名": "西コミュニティセンター",
        "住所": "熊本県錦町大字西266",
        "指定緊急避難場所との住所同一": "1",
        "その他市町村長が必要と認める事項": null,
        "受入対象者": null,
        "備考": ""
      }
    },
    {
      "type": "Feature",
      "geometry": {
        "type": "Point",
        "coordinates": [
          130.813014,
          32.226302
        ]
      },
      "properties": {
        "NO": "383",
        "共通ID": "E4350100010121",
        "施設・場所名": "特別養護老人ホームにしき園",
        "住所": "熊本県錦町大字木上北150-1",
        "指定緊急避難場所との住所同一": "",
        "その他市町村長が必要と認める事項": null,
        "受入対象者": null,
        "備考": ""
      }
    },
    {
      "type": "Feature",
      "geometry": {
        "type": "Point",
        "coordinates": [
          130.84034,
          32.227313
        ]
      },
      "properties": {
        "NO": "384",
        "共通ID": "E4350100009112",
        "施設・場所名": "木上小学校体育館",
        "住所": "熊本県錦町大字木上北2737",
        "指定緊急避難場所との住所同一": "",
        "その他市町村長が必要と認める事項": "",
        "受入対象者": "",
        "備考": ""
      }
    },
    {
      "type": "Feature",
      "geometry": {
        "type": "Point",
        "coordinates": [
          130.840373,
          32.227321
        ]
      },
      "properties": {
        "NO": "385",
        "共通ID": "E4350100009111",
        "施設・場所名": "木上小学校体育館",
        "住所": "熊本県錦町大字木上北2737",
        "指定緊急避難場所との住所同一": "",
        "その他市町村長が必要と認める事項": "",
        "受入対象者": "",
        "備考": ""
      }
    },
    {
      "type": "Feature",
      "geometry": {
        "type": "Point",
        "coordinates": [
          130.590585,
          32.828426
        ]
      },
      "properties": {
        "NO": "386",
        "共通ID": "E4310000002111",
        "施設・場所名": "河内中学校",
        "住所": "熊本県熊本市西区河内町船津2470-1",
        "指定緊急避難場所との住所同一": "1",
        "その他市町村長が必要と認める事項": null,
        "受入対象者": null,
        "備考": ""
      }
    },
    {
      "type": "Feature",
      "geometry": {
        "type": "Point",
        "coordinates": [
          130.591517,
          32.828409
        ]
      },
      "properties": {
        "NO": "387",
        "共通ID": "E4310000003111",
        "施設・場所名": "河内小学校",
        "住所": "熊本県熊本市西区河内町船津2505-2",
        "指定緊急避難場所との住所同一": "1",
        "その他市町村長が必要と認める事項": null,
        "受入対象者": null,
        "備考": ""
      }
    },
    {
      "type": "Feature",
      "geometry": {
        "type": "Point",
        "coordinates": [
          130.583855,
          32.836669
        ]
      },
      "properties": {
        "NO": "388",
        "共通ID": "E4310000004111",
        "施設・場所名": "河内交流室・公民館",
        "住所": "熊本県熊本市西区河内町船津791",
        "指定緊急避難場所との住所同一": "1",
        "その他市町村長が必要と認める事項": null,
        "受入対象者": null,
        "備考": ""
      }
    },
    {
      "type": "Feature",
      "geometry": {
        "type": "Point",
        "coordinates": [
          130.586976,
          32.841892
        ]
      },
      "properties": {
        "NO": "389",
        "共通ID": "E4310000005111",
        "施設・場所名": "旧河内小学校白浜分校",
        "住所": "熊本県熊本市西区河内町白浜1018-6",
        "指定緊急避難場所との住所同一": "1",
        "その他市町村長が必要と認める事項": null,
        "受入対象者": null,
        "備考": ""
      }
    },
    {
      "type": "Feature",
      "geometry": {
        "type": "Point",
        "coordinates": [
          130.643095,
          32.843362
        ]
      },
      "properties": {
        "NO": "390",
        "共通ID": "E4310000006111",
        "施設・場所名": "芳野コミュニティセンター",
        "住所": "熊本県熊本市西区河内町野出1410",
        "指定緊急避難場所との住所同一": "1",
        "その他市町村長が必要と認める事項": null,
        "受入対象者": null,
        "備考": ""
      }
    },
    {
      "type": "Feature",
      "geometry": {
        "type": "Point",
        "coordinates": [
          130.642815,
          32.842398
        ]
      },
      "properties": {
        "NO": "391",
        "共通ID": "E4310000007111",
        "施設・場所名": "芳野小学校",
        "住所": "熊本県熊本市西区河内町野出1419",
        "指定緊急避難場所との住所同一": "1",
        "その他市町村長が必要と認める事項": null,
        "受入対象者": null,
        "備考": ""
      }
    },
    {
      "type": "Feature",
      "geometry": {
        "type": "Point",
        "coordinates": [
          130.640674,
          32.841102
        ]
      },
      "properties": {
        "NO": "392",
        "共通ID": "E4310000008111",
        "施設・場所名": "芳野中学校",
        "住所": "熊本県熊本市西区河内町野出1420-46",
        "指定緊急避難場所との住所同一": "1",
        "その他市町村長が必要と認める事項": null,
        "受入対象者": null,
        "備考": ""
      }
    },
    {
      "type": "Feature",
      "geometry": {
        "type": "Point",
        "coordinates": [
          130.694862,
          32.817577
        ]
      },
      "properties": {
        "NO": "393",
        "共通ID": "E4310000009111",
        "施設・場所名": "花園まちづくりセンター・公民館",
        "住所": "熊本県熊本市西区花園5-8-3",
        "指定緊急避難場所との住所同一": "1",
        "その他市町村長が必要と認める事項": null,
        "受入対象者": null,
        "備考": ""
      }
    },
    {
      "type": "Feature",
      "geometry": {
        "type": "Point",
        "coordinates": [
          130.690747,
          32.822749
        ]
      },
      "properties": {
        "NO": "394",
        "共通ID": "E4310000011111",
        "施設・場所名": "花園小学校",
        "住所": "熊本県熊本市西区花園6-9-15",
        "指定緊急避難場所との住所同一": "1",
        "その他市町村長が必要と認める事項": null,
        "受入対象者": null,
        "備考": ""
      }
    },
    {
      "type": "Feature",
      "geometry": {
        "type": "Point",
        "coordinates": [
          130.656297,
          32.784237
        ]
      },
      "properties": {
        "NO": "395",
        "共通ID": "E4310000013111",
        "施設・場所名": "高橋小学校",
        "住所": "熊本県熊本市西区高橋町1-6-1",
        "指定緊急避難場所との住所同一": "1",
        "その他市町村長が必要と認める事項": null,
        "受入対象者": null,
        "備考": ""
      }
    },
    {
      "type": "Feature",
      "geometry": {
        "type": "Point",
        "coordinates": [
          130.691058,
          32.790388
        ]
      },
      "properties": {
        "NO": "396",
        "共通ID": "E4310000014111",
        "施設・場所名": "くまもと森都心プラザ",
        "住所": "熊本県熊本市西区春日1-14-1",
        "指定緊急避難場所との住所同一": "1",
        "その他市町村長が必要と認める事項": null,
        "受入対象者": null,
        "備考": ""
      }
    },
    {
      "type": "Feature",
      "geometry": {
        "type": "Point",
        "coordinates": [
          130.685916,
          32.789842
        ]
      },
      "properties": {
        "NO": "397",
        "共通ID": "E4310000015111",
        "施設・場所名": "春日小学校",
        "住所": "熊本県熊本市西区春日5-3-5",
        "指定緊急避難場所との住所同一": "1",
        "その他市町村長が必要と認める事項": null,
        "受入対象者": null,
        "備考": ""
      }
    },
    {
      "type": "Feature",
      "geometry": {
        "type": "Point",
        "coordinates": [
          130.647611,
          32.77685
        ]
      },
      "properties": {
        "NO": "398",
        "共通ID": "E4310000016111",
        "施設・場所名": "西部公民館",
        "住所": "熊本県熊本市西区小島2-7-1",
        "指定緊急避難場所との住所同一": "1",
        "その他市町村長が必要と認める事項": null,
        "受入対象者": null,
        "備考": ""
      }
    },
    {
      "type": "Feature",
      "geometry": {
        "type": "Point",
        "coordinates": [
          130.646861,
          32.776323
        ]
      },
      "properties": {
        "NO": "399",
        "共通ID": "E4310000017111",
        "施設・場所名": "西部交流センター",
        "住所": "熊本県熊本市西区小島2-7-50",
        "指定緊急避難場所との住所同一": "1",
        "その他市町村長が必要と認める事項": null,
        "受入対象者": null,
        "備考": ""
      }
    },
    {
      "type": "Feature",
      "geometry": {
        "type": "Point",
        "coordinates": [
          130.634586,
          32.778943
        ]
      },
      "properties": {
        "NO": "400",
        "共通ID": "E4310000019111",
        "施設・場所名": "小島小学校",
        "住所": "熊本県熊本市西区小島7-9-1",
        "指定緊急避難場所との住所同一": "1",
        "その他市町村長が必要と認める事項": null,
        "受入対象者": null,
        "備考": ""
      }
    },
    {
      "type": "Feature",
      "geometry": {
        "type": "Point",
        "coordinates": [
          130.63292,
          32.782574
        ]
      },
      "properties": {
        "NO": "401",
        "共通ID": "E4310000020111",
        "施設・場所名": "城西中学校",
        "住所": "熊本県熊本市西区小島8-17-1",
        "指定緊急避難場所との住所同一": "1",
        "その他市町村長が必要と認める事項": null,
        "受入対象者": null,
        "備考": ""
      }
    },
    {
      "type": "Feature",
      "geometry": {
        "type": "Point",
        "coordinates": [
          130.625217,
          32.812419
        ]
      },
      "properties": {
        "NO": "402",
        "共通ID": "E4310000022111",
        "施設・場所名": "旧松尾北小学校",
        "住所": "熊本県熊本市西区松尾町平山255",
        "指定緊急避難場所との住所同一": "1",
        "その他市町村長が必要と認める事項": null,
        "受入対象者": null,
        "備考": ""
      }
    },
    {
      "type": "Feature",
      "geometry": {
        "type": "Point",
        "coordinates": [
          130.698625,
          32.820992
        ]
      },
      "properties": {
        "NO": "403",
        "共通ID": "E4310000024111",
        "施設・場所名": "井芹中学校",
        "住所": "熊本県熊本市西区上熊本3-27-1",
        "指定緊急避難場所との住所同一": "1",
        "その他市町村長が必要と認める事項": null,
        "受入対象者": null,
        "備考": ""
      }
    },
    {
      "type": "Feature",
      "geometry": {
        "type": "Point",
        "coordinates": [
          130.665237,
          32.78602
        ]
      },
      "properties": {
        "NO": "404",
        "共通ID": "E4310000025111",
        "施設・場所名": "三和中学校",
        "住所": "熊本県熊本市西区上高橋1-4-1",
        "指定緊急避難場所との住所同一": "1",
        "その他市町村長が必要と認める事項": null,
        "受入対象者": null,
        "備考": ""
      }
    },
    {
      "type": "Feature",
      "geometry": {
        "type": "Point",
        "coordinates": [
          130.634725,
          32.796715
        ]
      },
      "properties": {
        "NO": "405",
        "共通ID": "E4310000026111",
        "施設・場所名": "旧松尾東小学校",
        "住所": "熊本県熊本市西区上松尾町2880",
        "指定緊急避難場所との住所同一": "1",
        "その他市町村長が必要と認める事項": null,
        "受入対象者": null,
        "備考": ""
      }
    },
    {
      "type": "Feature",
      "geometry": {
        "type": "Point",
        "coordinates": [
          130.65709,
          32.778041
        ]
      },
      "properties": {
        "NO": "406",
        "共通ID": "E4310000027111",
        "施設・場所名": "城山小学校",
        "住所": "熊本県熊本市西区城山大塘1-23-1",
        "指定緊急避難場所との住所同一": "1",
        "その他市町村長が必要と認める事項": null,
        "受入対象者": null,
        "備考": ""
      }
    },
    {
      "type": "Feature",
      "geometry": {
        "type": "Point",
        "coordinates": [
          130.614508,
          32.797802
        ]
      },
      "properties": {
        "NO": "407",
        "共通ID": "E4310000031111",
        "施設・場所名": "旧松尾西小学校",
        "住所": "熊本県熊本市西区西松尾町4456-1",
        "指定緊急避難場所との住所同一": "1",
        "その他市町村長が必要と認める事項": null,
        "受入対象者": null,
        "備考": ""
      }
    },
    {
      "type": "Feature",
      "geometry": {
        "type": "Point",
        "coordinates": [
          130.67139,
          32.790488
        ]
      },
      "properties": {
        "NO": "408",
        "共通ID": "E4310000034111",
        "施設・場所名": "池上小学校",
        "住所": "熊本県熊本市西区池上町850",
        "指定緊急避難場所との住所同一": "1",
        "その他市町村長が必要と認める事項": null,
        "受入対象者": null,
        "備考": ""
      }
    },
    {
      "type": "Feature",
      "geometry": {
        "type": "Point",
        "coordinates": [
          130.704221,
          32.825171
        ]
      },
      "properties": {
        "NO": "409",
        "共通ID": "E4310000036111",
        "施設・場所名": "池田小学校",
        "住所": "熊本県熊本市西区池田1-28-5",
        "指定緊急避難場所との住所同一": "1",
        "その他市町村長が必要と認める事項": null,
        "受入対象者": null,
        "備考": ""
      }
    },
    {
      "type": "Feature",
      "geometry": {
        "type": "Point",
        "coordinates": [
          130.628934,
          32.76667
        ]
      },
      "properties": {
        "NO": "410",
        "共通ID": "E4310000038111",
        "施設・場所名": "中島小学校",
        "住所": "熊本県熊本市西区中島町538",
        "指定緊急避難場所との住所同一": "1",
        "その他市町村長が必要と認める事項": null,
        "受入対象者": null,
        "備考": ""
      }
    },
    {
      "type": "Feature",
      "geometry": {
        "type": "Point",
        "coordinates": [
          130.686511,
          32.806854
        ]
      },
      "properties": {
        "NO": "411",
        "共通ID": "E4310000039111",
        "施設・場所名": "市立千原台高校",
        "住所": "熊本県熊本市西区島崎2-37-1",
        "指定緊急避難場所との住所同一": "1",
        "その他市町村長が必要と認める事項": null,
        "受入対象者": null,
        "備考": ""
      }
    },
    {
      "type": "Feature",
      "geometry": {
        "type": "Point",
        "coordinates": [
          130.682782,
          32.805654
        ]
      },
      "properties": {
        "NO": "412",
        "共通ID": "E4310000040111",
        "施設・場所名": "城西小学校",
        "住所": "熊本県熊本市西区島崎3-12-60",
        "指定緊急避難場所との住所同一": "1",
        "その他市町村長が必要と認める事項": null,
        "受入対象者": null,
        "備考": ""
      }
    },
    {
      "type": "Feature",
      "geometry": {
        "type": "Point",
        "coordinates": [
          130.689592,
          32.782321
        ]
      },
      "properties": {
        "NO": "413",
        "共通ID": "E4310000043111",
        "施設・場所名": "古町小学校",
        "住所": "熊本県熊本市西区二本木4-9-65",
        "指定緊急避難場所との住所同一": "1",
        "その他市町村長が必要と認める事項": null,
        "受入対象者": null,
        "備考": ""
      }
    },
    {
      "type": "Feature",
      "geometry": {
        "type": "Point",
        "coordinates": [
          130.678545,
          32.779347
        ]
      },
      "properties": {
        "NO": "414",
        "共通ID": "E4310000044111",
        "施設・場所名": "花陵中学校",
        "住所": "熊本県熊本市西区八島2-14-1",
        "指定緊急避難場所との住所同一": "1",
        "その他市町村長が必要と認める事項": null,
        "受入対象者": null,
        "備考": ""
      }
    },
    {
      "type": "Feature",
      "geometry": {
        "type": "Point",
        "coordinates": [
          130.684143,
          32.777815
        ]
      },
      "properties": {
        "NO": "415",
        "共通ID": "E4310000046111",
        "施設・場所名": "白坪小学校",
        "住所": "熊本県熊本市西区蓮台寺4-4-1",
        "指定緊急避難場所との住所同一": "1",
        "その他市町村長が必要と認める事項": null,
        "受入対象者": null,
        "備考": ""
      }
    },
    {
      "type": "Feature",
      "geometry": {
        "type": "Point",
        "coordinates": [
          130.718431,
          32.809114
        ]
      },
      "properties": {
        "NO": "416",
        "共通ID": "E4310000047111",
        "施設・場所名": "碩台小学校",
        "住所": "熊本県熊本市中央区井川淵町4-8",
        "指定緊急避難場所との住所同一": "1",
        "その他市町村長が必要と認める事項": null,
        "受入対象者": null,
        "備考": ""
      }
    },
    {
      "type": "Feature",
      "geometry": {
        "type": "Point",
        "coordinates": [
          130.704112,
          32.81728
        ]
      },
      "properties": {
        "NO": "417",
        "共通ID": "E4310000048111",
        "施設・場所名": "京陵中学校",
        "住所": "熊本県熊本市中央区京町本丁1-14",
        "指定緊急避難場所との住所同一": "1",
        "その他市町村長が必要と認める事項": null,
        "受入対象者": null,
        "備考": ""
      }
    },
    {
      "type": "Feature",
      "geometry": {
        "type": "Point",
        "coordinates": [
          130.707561,
          32.788264
        ]
      },
      "properties": {
        "NO": "418",
        "共通ID": "E4310000050111",
        "施設・場所名": "春竹小学校",
        "住所": "熊本県熊本市中央区琴平1-9-43",
        "指定緊急避難場所との住所同一": "1",
        "その他市町村長が必要と認める事項": null,
        "受入対象者": null,
        "備考": ""
      }
    },
    {
      "type": "Feature",
      "geometry": {
        "type": "Point",
        "coordinates": [
          130.70534,
          32.784347
        ]
      },
      "properties": {
        "NO": "419",
        "共通ID": "E4310000051111",
        "施設・場所名": "江原中学校",
        "住所": "熊本県熊本市中央区琴平2-9-59",
        "指定緊急避難場所との住所同一": "1",
        "その他市町村長が必要と認める事項": null,
        "受入対象者": null,
        "備考": ""
      }
    },
    {
      "type": "Feature",
      "geometry": {
        "type": "Point",
        "coordinates": [
          130.720253,
          32.814575
        ]
      },
      "properties": {
        "NO": "420",
        "共通ID": "E4310000057111",
        "施設・場所名": "黒髪小学校",
        "住所": "熊本県熊本市中央区黒髪2-2-1",
        "指定緊急避難場所との住所同一": "1",
        "その他市町村長が必要と認める事項": null,
        "受入対象者": null,
        "備考": ""
      }
    },
    {
      "type": "Feature",
      "geometry": {
        "type": "Point",
        "coordinates": [
          130.720156,
          32.819839
        ]
      },
      "properties": {
        "NO": "421",
        "共通ID": "E4310000060111",
        "施設・場所名": "サンライフ熊本",
        "住所": "熊本県熊本市中央区黒髪3-3-12",
        "指定緊急避難場所との住所同一": "1",
        "その他市町村長が必要と認める事項": null,
        "受入対象者": null,
        "備考": ""
      }
    },
    {
      "type": "Feature",
      "geometry": {
        "type": "Point",
        "coordinates": [
          130.731902,
          32.816408
        ]
      },
      "properties": {
        "NO": "422",
        "共通ID": "E4310000061111",
        "施設・場所名": "桜山中学校",
        "住所": "熊本県熊本市中央区黒髪5-13-1",
        "指定緊急避難場所との住所同一": "1",
        "その他市町村長が必要と認める事項": null,
        "受入対象者": null,
        "備考": ""
      }
    },
    {
      "type": "Feature",
      "geometry": {
        "type": "Point",
        "coordinates": [
          130.730834,
          32.818642
        ]
      },
      "properties": {
        "NO": "423",
        "共通ID": "E4344300001121",
        "施設・場所名": "ノットホーム",
        "住所": "熊本県熊本市中央区黒髪5-23-1",
        "指定緊急避難場所との住所同一": "",
        "その他市町村長が必要と認める事項": null,
        "受入対象者": "町が特定した在宅の身体障がい者、要介護者のうち、一般的な避難所では生活に支障をきたすもの",
        "備考": ""
      }
    },
    {
      "type": "Feature",
      "geometry": {
        "type": "Point",
        "coordinates": [
          130.695933,
          32.795878
        ]
      },
      "properties": {
        "NO": "424",
        "共通ID": "E4310000062112",
        "施設・場所名": "五福小学校",
        "住所": "熊本県熊本市中央区細工町2-25",
        "指定緊急避難場所との住所同一": "1",
        "その他市町村長が必要と認める事項": null,
        "受入対象者": null,
        "備考": ""
      }
    },
    {
      "type": "Feature",
      "geometry": {
        "type": "Point",
        "coordinates": [
          130.695694,
          32.795942
        ]
      },
      "properties": {
        "NO": "425",
        "共通ID": "E4310000062111",
        "施設・場所名": "五福交流室・公民館",
        "住所": "熊本県熊本市中央区細工町2-25",
        "指定緊急避難場所との住所同一": "1",
        "その他市町村長が必要と認める事項": null,
        "受入対象者": null,
        "備考": ""
      }
    },
    {
      "type": "Feature",
      "geometry": {
        "type": "Point",
        "coordinates": [
          130.701795,
          32.797031
        ]
      },
      "properties": {
        "NO": "426",
        "共通ID": "E4310000063111",
        "施設・場所名": "慶徳小学校",
        "住所": "熊本県熊本市中央区山崎町72",
        "指定緊急避難場所との住所同一": "",
        "その他市町村長が必要と認める事項": "",
        "受入対象者": "",
        "備考": ""
      }
    },
    {
      "type": "Feature",
      "geometry": {
        "type": "Point",
        "coordinates": [
          130.731203,
          32.789046
        ]
      },
      "properties": {
        "NO": "427",
        "共通ID": "E4310000064111",
        "施設・場所名": "出水小学校",
        "住所": "熊本県熊本市中央区出水1-1-75",
        "指定緊急避難場所との住所同一": "1",
        "その他市町村長が必要と認める事項": null,
        "受入対象者": null,
        "備考": ""
      }
    },
    {
      "type": "Feature",
      "geometry": {
        "type": "Point",
        "coordinates": [
          130.736607,
          32.785117
        ]
      },
      "properties": {
        "NO": "428",
        "共通ID": "E4310000065111",
        "施設・場所名": "熊本市総合体育館・青年会館",
        "住所": "熊本県熊本市中央区出水2-7-1",
        "指定緊急避難場所との住所同一": "1",
        "その他市町村長が必要と認める事項": null,
        "受入対象者": null,
        "備考": ""
      }
    },
    {
      "type": "Feature",
      "geometry": {
        "type": "Point",
        "coordinates": [
          130.730618,
          32.783234
        ]
      },
      "properties": {
        "NO": "429",
        "共通ID": "E4310000067111",
        "施設・場所名": "出水南小学校",
        "住所": "熊本県熊本市中央区出水4-1-1",
        "指定緊急避難場所との住所同一": "1",
        "その他市町村長が必要と認める事項": null,
        "受入対象者": null,
        "備考": ""
      }
    },
    {
      "type": "Feature",
      "geometry": {
        "type": "Point",
        "coordinates": [
          130.726848,
          32.784081
        ]
      },
      "properties": {
        "NO": "430",
        "共通ID": "E4310000069111",
        "施設・場所名": "出水中学校",
        "住所": "熊本県熊本市中央区出水5-3-1",
        "指定緊急避難場所との住所同一": "1",
        "その他市町村長が必要と認める事項": null,
        "受入対象者": null,
        "備考": ""
      }
    },
    {
      "type": "Feature",
      "geometry": {
        "type": "Point",
        "coordinates": [
          130.728094,
          32.775036
        ]
      },
      "properties": {
        "NO": "431",
        "共通ID": "E4310000070111",
        "施設・場所名": "出水南中学校",
        "住所": "熊本県熊本市中央区出水7-86-1",
        "指定緊急避難場所との住所同一": "1",
        "その他市町村長が必要と認める事項": null,
        "受入対象者": null,
        "備考": ""
      }
    },
    {
      "type": "Feature",
      "geometry": {
        "type": "Point",
        "coordinates": [
          130.716847,
          32.802677
        ]
      },
      "properties": {
        "NO": "432",
        "共通ID": "E4310000072111",
        "施設・場所名": "白川小学校",
        "住所": "熊本県熊本市中央区新屋敷1-7-13",
        "指定緊急避難場所との住所同一": "1",
        "その他市町村長が必要と認める事項": null,
        "受入対象者": null,
        "備考": ""
      }
    },
    {
      "type": "Feature",
      "geometry": {
        "type": "Point",
        "coordinates": [
          130.69506,
          32.80239
        ]
      },
      "properties": {
        "NO": "433",
        "共通ID": "E4310000074111",
        "施設・場所名": "一新小学校",
        "住所": "熊本県熊本市中央区新町3-10-45",
        "指定緊急避難場所との住所同一": "1",
        "その他市町村長が必要と認める事項": null,
        "受入対象者": null,
        "備考": ""
      }
    },
    {
      "type": "Feature",
      "geometry": {
        "type": "Point",
        "coordinates": [
          130.738785,
          32.787241
        ]
      },
      "properties": {
        "NO": "434",
        "共通ID": "E4310000075111",
        "施設・場所名": "砂取小学校",
        "住所": "熊本県熊本市中央区神水1-1-1",
        "指定緊急避難場所との住所同一": "1",
        "その他市町村長が必要と認める事項": null,
        "受入対象者": null,
        "備考": ""
      }
    },
    {
      "type": "Feature",
      "geometry": {
        "type": "Point",
        "coordinates": [
          130.741367,
          32.794178
        ]
      },
      "properties": {
        "NO": "435",
        "共通ID": "E4310000078111",
        "施設・場所名": "水前寺競技場",
        "住所": "熊本県熊本市中央区水前寺5-23-3",
        "指定緊急避難場所との住所同一": "1",
        "その他市町村長が必要と認める事項": null,
        "受入対象者": null,
        "備考": ""
      }
    },
    {
      "type": "Feature",
      "geometry": {
        "type": "Point",
        "coordinates": [
          130.719695,
          32.790061
        ]
      },
      "properties": {
        "NO": "436",
        "共通ID": "E4310000080111",
        "施設・場所名": "白山小学校",
        "住所": "熊本県熊本市中央区菅原町9-1",
        "指定緊急避難場所との住所同一": "1",
        "その他市町村長が必要と認める事項": null,
        "受入対象者": null,
        "備考": ""
      }
    },
    {
      "type": "Feature",
      "geometry": {
        "type": "Point",
        "coordinates": [
          130.709322,
          32.808347
        ]
      },
      "properties": {
        "NO": "437",
        "共通ID": "E4310000081111",
        "施設・場所名": "城東小学校",
        "住所": "熊本県熊本市中央区千葉城町5-1",
        "指定緊急避難場所との住所同一": "1",
        "その他市町村長が必要と認める事項": null,
        "受入対象者": null,
        "備考": ""
      }
    },
    {
      "type": "Feature",
      "geometry": {
        "type": "Point",
        "coordinates": [
          130.708212,
          32.808708
        ]
      },
      "properties": {
        "NO": "438",
        "共通ID": "E4310000082111",
        "施設・場所名": "藤園中学校",
        "住所": "熊本県熊本市中央区千葉城町5-2",
        "指定緊急避難場所との住所同一": "1",
        "その他市町村長が必要と認める事項": null,
        "受入対象者": null,
        "備考": ""
      }
    },
    {
      "type": "Feature",
      "geometry": {
        "type": "Point",
        "coordinates": [
          130.715552,
          32.804732
        ]
      },
      "properties": {
        "NO": "439",
        "共通ID": "E4310000084111",
        "施設・場所名": "中央公民館",
        "住所": "熊本県熊本市中央区草葉町5-1",
        "指定緊急避難場所との住所同一": "1",
        "その他市町村長が必要と認める事項": null,
        "受入対象者": null,
        "備考": ""
      }
    },
    {
      "type": "Feature",
      "geometry": {
        "type": "Point",
        "coordinates": [
          130.741402,
          32.802307
        ]
      },
      "properties": {
        "NO": "440",
        "共通ID": "E4310000085111",
        "施設・場所名": "帯山西小学校",
        "住所": "熊本県熊本市中央区帯山1-29-8",
        "指定緊急避難場所との住所同一": "1",
        "その他市町村長が必要と認める事項": null,
        "受入対象者": null,
        "備考": ""
      }
    },
    {
      "type": "Feature",
      "geometry": {
        "type": "Point",
        "coordinates": [
          130.74504,
          32.801179
        ]
      },
      "properties": {
        "NO": "441",
        "共通ID": "E4310000086111",
        "施設・場所名": "帯山中学校",
        "住所": "熊本県熊本市中央区帯山1-35-32",
        "指定緊急避難場所との住所同一": "1",
        "その他市町村長が必要と認める事項": null,
        "受入対象者": null,
        "備考": ""
      }
    },
    {
      "type": "Feature",
      "geometry": {
        "type": "Point",
        "coordinates": [
          130.749869,
          32.80193
        ]
      },
      "properties": {
        "NO": "442",
        "共通ID": "E4310000087111",
        "施設・場所名": "帯山小学校",
        "住所": "熊本県熊本市中央区帯山4-11-11",
        "指定緊急避難場所との住所同一": "1",
        "その他市町村長が必要と認める事項": null,
        "受入対象者": null,
        "備考": ""
      }
    },
    {
      "type": "Feature",
      "geometry": {
        "type": "Point",
        "coordinates": [
          130.722104,
          32.80339
        ]
      },
      "properties": {
        "NO": "443",
        "共通ID": "E4310000091111",
        "施設・場所名": "白川中学校",
        "住所": "熊本県熊本市中央区大江3-1-12",
        "指定緊急避難場所との住所同一": "1",
        "その他市町村長が必要と認める事項": null,
        "受入対象者": null,
        "備考": ""
      }
    },
    {
      "type": "Feature",
      "geometry": {
        "type": "Point",
        "coordinates": [
          130.725461,
          32.801929
        ]
      },
      "properties": {
        "NO": "444",
        "共通ID": "E4310000092111",
        "施設・場所名": "大江小学校",
        "住所": "熊本県熊本市中央区大江3-5-31",
        "指定緊急避難場所との住所同一": "1",
        "その他市町村長が必要と認める事項": null,
        "受入対象者": null,
        "備考": ""
      }
    },
    {
      "type": "Feature",
      "geometry": {
        "type": "Point",
        "coordinates": [
          130.725085,
          32.798861
        ]
      },
      "properties": {
        "NO": "445",
        "共通ID": "E4310000095111",
        "施設・場所名": "大江交流室・公民館",
        "住所": "熊本県熊本市中央区大江6-1-85",
        "指定緊急避難場所との住所同一": "1",
        "その他市町村長が必要と認める事項": null,
        "受入対象者": null,
        "備考": ""
      }
    },
    {
      "type": "Feature",
      "geometry": {
        "type": "Point",
        "coordinates": [
          130.714035,
          32.815799
        ]
      },
      "properties": {
        "NO": "446",
        "共通ID": "E4310000100111",
        "施設・場所名": "市立必由館高校",
        "住所": "熊本県熊本市中央区坪井4-15-1",
        "指定緊急避難場所との住所同一": "1",
        "その他市町村長が必要と認める事項": null,
        "受入対象者": null,
        "備考": ""
      }
    },
    {
      "type": "Feature",
      "geometry": {
        "type": "Point",
        "coordinates": [
          130.715085,
          32.817869
        ]
      },
      "properties": {
        "NO": "447",
        "共通ID": "E4310000101111",
        "施設・場所名": "竜南中学校",
        "住所": "熊本県熊本市中央区坪井4-16-1",
        "指定緊急避難場所との住所同一": "1",
        "その他市町村長が必要と認める事項": null,
        "受入対象者": null,
        "備考": ""
      }
    },
    {
      "type": "Feature",
      "geometry": {
        "type": "Point",
        "coordinates": [
          130.735808,
          32.803944
        ]
      },
      "properties": {
        "NO": "448",
        "共通ID": "E4310000104111",
        "施設・場所名": "託麻原小学校",
        "住所": "熊本県熊本市中央区渡鹿2-3-1",
        "指定緊急避難場所との住所同一": "1",
        "その他市町村長が必要と認める事項": null,
        "受入対象者": null,
        "備考": ""
      }
    },
    {
      "type": "Feature",
      "geometry": {
        "type": "Point",
        "coordinates": [
          130.692925,
          32.803535
        ]
      },
      "properties": {
        "NO": "449",
        "共通ID": "E4310000105111",
        "施設・場所名": "西山中学校",
        "住所": "熊本県熊本市中央区島崎1-27-1",
        "指定緊急避難場所との住所同一": "1",
        "その他市町村長が必要と認める事項": null,
        "受入対象者": null,
        "備考": ""
      }
    },
    {
      "type": "Feature",
      "geometry": {
        "type": "Point",
        "coordinates": [
          130.700032,
          32.789394
        ]
      },
      "properties": {
        "NO": "450",
        "共通ID": "E4310000110111",
        "施設・場所名": "向山小学校",
        "住所": "熊本県熊本市中央区本山4-5-11",
        "指定緊急避難場所との住所同一": "1",
        "その他市町村長が必要と認める事項": null,
        "受入対象者": null,
        "備考": ""
      }
    },
    {
      "type": "Feature",
      "geometry": {
        "type": "Point",
        "coordinates": [
          130.698705,
          32.787578
        ]
      },
      "properties": {
        "NO": "451",
        "共通ID": "E4310000111111",
        "施設・場所名": "江南中学校",
        "住所": "熊本県熊本市中央区本山町75",
        "指定緊急避難場所との住所同一": "1",
        "その他市町村長が必要と認める事項": null,
        "受入対象者": null,
        "備考": ""
      }
    },
    {
      "type": "Feature",
      "geometry": {
        "type": "Point",
        "coordinates": [
          130.708133,
          32.792637
        ]
      },
      "properties": {
        "NO": "452",
        "共通ID": "E4310000113111",
        "施設・場所名": "本荘小学校",
        "住所": "熊本県熊本市中央区本荘6-5-47",
        "指定緊急避難場所との住所同一": "1",
        "その他市町村長が必要と認める事項": null,
        "受入対象者": null,
        "備考": ""
      }
    },
    {
      "type": "Feature",
      "geometry": {
        "type": "Point",
        "coordinates": [
          130.710128,
          32.813017
        ]
      },
      "properties": {
        "NO": "453",
        "共通ID": "E4310000114111",
        "施設・場所名": "壼川小学校",
        "住所": "熊本県熊本市中央区壼川1-4-5",
        "指定緊急避難場所との住所同一": "1",
        "その他市町村長が必要と認める事項": null,
        "受入対象者": null,
        "備考": ""
      }
    },
    {
      "type": "Feature",
      "geometry": {
        "type": "Point",
        "coordinates": [
          130.739992,
          32.767193
        ]
      },
      "properties": {
        "NO": "454",
        "共通ID": "E4310000115111",
        "施設・場所名": "画図小学校",
        "住所": "熊本県熊本市東区下江津8-1-6",
        "指定緊急避難場所との住所同一": "1",
        "その他市町村長が必要と認める事項": null,
        "受入対象者": null,
        "備考": ""
      }
    },
    {
      "type": "Feature",
      "geometry": {
        "type": "Point",
        "coordinates": [
          130.776701,
          32.781405
        ]
      },
      "properties": {
        "NO": "455",
        "共通ID": "E4310000117111",
        "施設・場所名": "桜木小学校",
        "住所": "熊本県熊本市東区花立2-23-1",
        "指定緊急避難場所との住所同一": "1",
        "その他市町村長が必要と認める事項": null,
        "受入対象者": null,
        "備考": ""
      }
    },
    {
      "type": "Feature",
      "geometry": {
        "type": "Point",
        "coordinates": [
          130.72937,
          32.759453
        ]
      },
      "properties": {
        "NO": "456",
        "共通ID": "E4344300002121",
        "施設・場所名": "くまもと江津湖療育医療センター",
        "住所": "熊本県熊本市東区画図町重富575",
        "指定緊急避難場所との住所同一": "",
        "その他市町村長が必要と認める事項": null,
        "受入対象者": "町が特定した在宅の身体障がい者、要介護者のうち、一般的な避難所では生活に支障をきたすもの",
        "備考": ""
      }
    },
    {
      "type": "Feature",
      "geometry": {
        "type": "Point",
        "coordinates": [
          130.734477,
          32.764111
        ]
      },
      "properties": {
        "NO": "457",
        "共通ID": "E4310000118111",
        "施設・場所名": "環境総合センター",
        "住所": "熊本県熊本市東区画図町所島404-1",
        "指定緊急避難場所との住所同一": "1",
        "その他市町村長が必要と認める事項": null,
        "受入対象者": null,
        "備考": ""
      }
    },
    {
      "type": "Feature",
      "geometry": {
        "type": "Point",
        "coordinates": [
          130.753724,
          32.788455
        ]
      },
      "properties": {
        "NO": "458",
        "共通ID": "E4310000120112",
        "施設・場所名": "東部公民館",
        "住所": "熊本県熊本市東区錦ケ丘1-1",
        "指定緊急避難場所との住所同一": "",
        "その他市町村長が必要と認める事項": "",
        "受入対象者": "",
        "備考": ""
      }
    },
    {
      "type": "Feature",
      "geometry": {
        "type": "Point",
        "coordinates": [
          130.757078,
          32.79085
        ]
      },
      "properties": {
        "NO": "459",
        "共通ID": "E4310000121111",
        "施設・場所名": "錦ケ丘中学校",
        "住所": "熊本県熊本市東区錦ケ丘22-1",
        "指定緊急避難場所との住所同一": "1",
        "その他市町村長が必要と認める事項": null,
        "受入対象者": null,
        "備考": ""
      }
    },
    {
      "type": "Feature",
      "geometry": {
        "type": "Point",
        "coordinates": [
          130.770825,
          32.805075
        ]
      },
      "properties": {
        "NO": "460",
        "共通ID": "E4310000124111",
        "施設・場所名": "月出小学校",
        "住所": "熊本県熊本市東区月出6-2-40",
        "指定緊急避難場所との住所同一": "1",
        "その他市町村長が必要と認める事項": null,
        "受入対象者": null,
        "備考": ""
      }
    },
    {
      "type": "Feature",
      "geometry": {
        "type": "Point",
        "coordinates": [
          130.752403,
          32.784179
        ]
      },
      "properties": {
        "NO": "461",
        "共通ID": "E4310000126111",
        "施設・場所名": "健軍小学校",
        "住所": "熊本県熊本市東区健軍2-25-56",
        "指定緊急避難場所との住所同一": "1",
        "その他市町村長が必要と認める事項": null,
        "受入対象者": null,
        "備考": ""
      }
    },
    {
      "type": "Feature",
      "geometry": {
        "type": "Point",
        "coordinates": [
          130.793929,
          32.824541
        ]
      },
      "properties": {
        "NO": "462",
        "共通ID": "E4310000128111",
        "施設・場所名": "託麻東小学校",
        "住所": "熊本県熊本市東区戸島3-15-1",
        "指定緊急避難場所との住所同一": "1",
        "その他市町村長が必要と認める事項": null,
        "受入対象者": null,
        "備考": ""
      }
    },
    {
      "type": "Feature",
      "geometry": {
        "type": "Point",
        "coordinates": [
          130.792208,
          32.824024
        ]
      },
      "properties": {
        "NO": "463",
        "共通ID": "E4310000129111",
        "施設・場所名": "二岡中学校",
        "住所": "熊本県熊本市東区戸島3-15-2",
        "指定緊急避難場所との住所同一": "1",
        "その他市町村長が必要と認める事項": null,
        "受入対象者": null,
        "備考": ""
      }
    },
    {
      "type": "Feature",
      "geometry": {
        "type": "Point",
        "coordinates": [
          130.782127,
          32.812584
        ]
      },
      "properties": {
        "NO": "464",
        "共通ID": "E4344300003121",
        "施設・場所名": "軽費老人ホーム　あかつき",
        "住所": "熊本県熊本市東区戸島西2-4-50",
        "指定緊急避難場所との住所同一": "",
        "その他市町村長が必要と認める事項": null,
        "受入対象者": "町が特定した在宅の身体障がい者、要介護者のうち、一般的な避難所では生活に支障をきたすもの",
        "備考": ""
      }
    },
    {
      "type": "Feature",
      "geometry": {
        "type": "Point",
        "coordinates": [
          130.748048,
          32.781329
        ]
      },
      "properties": {
        "NO": "465",
        "共通ID": "E4310000132111",
        "施設・場所名": "湖東中学校",
        "住所": "熊本県熊本市東区湖東1-13-1",
        "指定緊急避難場所との住所同一": "1",
        "その他市町村長が必要と認める事項": null,
        "受入対象者": null,
        "備考": ""
      }
    },
    {
      "type": "Feature",
      "geometry": {
        "type": "Point",
        "coordinates": [
          130.765997,
          32.821374
        ]
      },
      "properties": {
        "NO": "466",
        "共通ID": "E4310000133111",
        "施設・場所名": "託麻西小学校",
        "住所": "熊本県熊本市東区御領2-3-30",
        "指定緊急避難場所との住所同一": "1",
        "その他市町村長が必要と認める事項": null,
        "受入対象者": null,
        "備考": ""
      }
    },
    {
      "type": "Feature",
      "geometry": {
        "type": "Point",
        "coordinates": [
          130.782454,
          32.795304
        ]
      },
      "properties": {
        "NO": "467",
        "共通ID": "E4344300004121",
        "施設・場所名": "特別養護老人ホームシルバーピアさくら樹",
        "住所": "熊本県熊本市東区佐土原3-12-26",
        "指定緊急避難場所との住所同一": "",
        "その他市町村長が必要と認める事項": null,
        "受入対象者": "町が特定した在宅の身体障がい者、要介護者のうち、一般的な避難所では生活に支障をきたすもの",
        "備考": ""
      }
    },
    {
      "type": "Feature",
      "geometry": {
        "type": "Point",
        "coordinates": [
          130.782984,
          32.782509
        ]
      },
      "properties": {
        "NO": "468",
        "共通ID": "E4310000135111",
        "施設・場所名": "桜木中学校",
        "住所": "熊本県熊本市東区桜木4-13-23",
        "指定緊急避難場所との住所同一": "1",
        "その他市町村長が必要と認める事項": null,
        "受入対象者": null,
        "備考": ""
      }
    },
    {
      "type": "Feature",
      "geometry": {
        "type": "Point",
        "coordinates": [
          130.781765,
          32.788308
        ]
      },
      "properties": {
        "NO": "469",
        "共通ID": "E4310000136111",
        "施設・場所名": "桜木東小学校",
        "住所": "熊本県熊本市東区桜木6-10-1",
        "指定緊急避難場所との住所同一": "1",
        "その他市町村長が必要と認める事項": null,
        "受入対象者": null,
        "備考": ""
      }
    },
    {
      "type": "Feature",
      "geometry": {
        "type": "Point",
        "coordinates": [
          130.771003,
          32.798119
        ]
      },
      "properties": {
        "NO": "470",
        "共通ID": "E4310000138111",
        "施設・場所名": "山ノ内小学校",
        "住所": "熊本県熊本市東区山ノ内4-1-1",
        "指定緊急避難場所との住所同一": "1",
        "その他市町村長が必要と認める事項": null,
        "受入対象者": null,
        "備考": ""
      }
    },
    {
      "type": "Feature",
      "geometry": {
        "type": "Point",
        "coordinates": [
          130.762075,
          32.77519
        ]
      },
      "properties": {
        "NO": "471",
        "共通ID": "E4310000139111",
        "施設・場所名": "健軍文化ホール",
        "住所": "熊本県熊本市東区若葉3-5-11",
        "指定緊急避難場所との住所同一": "1",
        "その他市町村長が必要と認める事項": null,
        "受入対象者": null,
        "備考": ""
      }
    },
    {
      "type": "Feature",
      "geometry": {
        "type": "Point",
        "coordinates": [
          130.763405,
          32.772732
        ]
      },
      "properties": {
        "NO": "472",
        "共通ID": "E4310000140111",
        "施設・場所名": "若葉小学校",
        "住所": "熊本県熊本市東区若葉4-23-1",
        "指定緊急避難場所との住所同一": "1",
        "その他市町村長が必要と認める事項": null,
        "受入対象者": null,
        "備考": ""
      }
    },
    {
      "type": "Feature",
      "geometry": {
        "type": "Point",
        "coordinates": [
          130.773298,
          32.771161
        ]
      },
      "properties": {
        "NO": "473",
        "共通ID": "E4310000141111",
        "施設・場所名": "秋津まちづくりセンター・公民館",
        "住所": "熊本県熊本市東区秋津3-15-1",
        "指定緊急避難場所との住所同一": "1",
        "その他市町村長が必要と認める事項": null,
        "受入対象者": null,
        "備考": ""
      }
    },
    {
      "type": "Feature",
      "geometry": {
        "type": "Point",
        "coordinates": [
          130.771715,
          32.772485
        ]
      },
      "properties": {
        "NO": "474",
        "共通ID": "E4310000143111",
        "施設・場所名": "秋津小学校",
        "住所": "熊本県熊本市東区秋津3-9-20",
        "指定緊急避難場所との住所同一": "1",
        "その他市町村長が必要と認める事項": null,
        "受入対象者": null,
        "備考": ""
      }
    },
    {
      "type": "Feature",
      "geometry": {
        "type": "Point",
        "coordinates": [
          130.8122,
          32.831782
        ]
      },
      "properties": {
        "NO": "475",
        "共通ID": "E4344300005121",
        "施設・場所名": "盲養護老人ホーム熊本めぐみの園",
        "住所": "熊本県熊本市東区小山1781",
        "指定緊急避難場所との住所同一": "",
        "その他市町村長が必要と認める事項": null,
        "受入対象者": "町が特定した在宅の身体障がい者、要介護者のうち、一般的な避難所では生活に支障をきたすもの",
        "備考": ""
      }
    },
    {
      "type": "Feature",
      "geometry": {
        "type": "Point",
        "coordinates": [
          130.771003,
          32.833972
        ]
      },
      "properties": {
        "NO": "476",
        "共通ID": "E4310000148111",
        "施設・場所名": "東部中学校",
        "住所": "熊本県熊本市東区上南部2-21-1",
        "指定緊急避難場所との住所同一": "1",
        "その他市町村長が必要と認める事項": null,
        "受入対象者": null,
        "備考": ""
      }
    },
    {
      "type": "Feature",
      "geometry": {
        "type": "Point",
        "coordinates": [
          130.774227,
          32.837301
        ]
      },
      "properties": {
        "NO": "477",
        "共通ID": "E4310000149111",
        "施設・場所名": "託麻スポーツセンター",
        "住所": "熊本県熊本市東区上南部3-22-30",
        "指定緊急避難場所との住所同一": "1",
        "その他市町村長が必要と認める事項": null,
        "受入対象者": null,
        "備考": ""
      }
    },
    {
      "type": "Feature",
      "geometry": {
        "type": "Point",
        "coordinates": [
          130.77401,
          32.839182
        ]
      },
      "properties": {
        "NO": "478",
        "共通ID": "E4310000150111",
        "施設・場所名": "託麻北小学校",
        "住所": "熊本県熊本市東区上南部3-34-1",
        "指定緊急避難場所との住所同一": "1",
        "その他市町村長が必要と認める事項": null,
        "受入対象者": null,
        "備考": ""
      }
    },
    {
      "type": "Feature",
      "geometry": {
        "type": "Point",
        "coordinates": [
          130.746064,
          32.816313
        ]
      },
      "properties": {
        "NO": "479",
        "共通ID": "E4344300006121",
        "施設・場所名": "ケアハウスわらべ苑",
        "住所": "熊本県熊本市東区新南部2-1-35",
        "指定緊急避難場所との住所同一": "",
        "その他市町村長が必要と認める事項": null,
        "受入対象者": "町が特定した在宅の身体障がい者、要介護者のうち、一般的な避難所では生活に支障をきたすもの",
        "備考": ""
      }
    },
    {
      "type": "Feature",
      "geometry": {
        "type": "Point",
        "coordinates": [
          130.747984,
          32.813052
        ]
      },
      "properties": {
        "NO": "480",
        "共通ID": "E4310000151111",
        "施設・場所名": "西原小学校",
        "住所": "熊本県熊本市東区新南部3-4-60",
        "指定緊急避難場所との住所同一": "1",
        "その他市町村長が必要と認める事項": null,
        "受入対象者": null,
        "備考": ""
      }
    },
    {
      "type": "Feature",
      "geometry": {
        "type": "Point",
        "coordinates": [
          130.753034,
          32.776778
        ]
      },
      "properties": {
        "NO": "481",
        "共通ID": "E4310000152111",
        "施設・場所名": "泉ヶ丘小学校",
        "住所": "熊本県熊本市東区水源1-7-1",
        "指定緊急避難場所との住所同一": "1",
        "その他市町村長が必要と認める事項": null,
        "受入対象者": null,
        "備考": ""
      }
    },
    {
      "type": "Feature",
      "geometry": {
        "type": "Point",
        "coordinates": [
          130.776542,
          32.817545
        ]
      },
      "properties": {
        "NO": "482",
        "共通ID": "E4310000153111",
        "施設・場所名": "託麻南小学校",
        "住所": "熊本県熊本市東区長嶺東3-2-20",
        "指定緊急避難場所との住所同一": "1",
        "その他市町村長が必要と認める事項": null,
        "受入対象者": null,
        "備考": ""
      }
    },
    {
      "type": "Feature",
      "geometry": {
        "type": "Point",
        "coordinates": [
          130.779154,
          32.827905
        ]
      },
      "properties": {
        "NO": "483",
        "共通ID": "E4310000155111",
        "施設・場所名": "託麻まちづくりセンター・公民館",
        "住所": "熊本県熊本市東区長嶺東7-11-15",
        "指定緊急避難場所との住所同一": "1",
        "その他市町村長が必要と認める事項": null,
        "受入対象者": null,
        "備考": ""
      }
    },
    {
      "type": "Feature",
      "geometry": {
        "type": "Point",
        "coordinates": [
          130.778442,
          32.81408
        ]
      },
      "properties": {
        "NO": "484",
        "共通ID": "E4310000157111",
        "施設・場所名": "長嶺中学校",
        "住所": "熊本県熊本市東区長嶺南7-21-40",
        "指定緊急避難場所との住所同一": "1",
        "その他市町村長が必要と認める事項": null,
        "受入対象者": null,
        "備考": ""
      }
    },
    {
      "type": "Feature",
      "geometry": {
        "type": "Point",
        "coordinates": [
          130.779632,
          32.812627
        ]
      },
      "properties": {
        "NO": "485",
        "共通ID": "E4310000158111",
        "施設・場所名": "長嶺小学校",
        "住所": "熊本県熊本市東区長嶺南7-22-1",
        "指定緊急避難場所との住所同一": "1",
        "その他市町村長が必要と認める事項": null,
        "受入対象者": null,
        "備考": ""
      }
    },
    {
      "type": "Feature",
      "geometry": {
        "type": "Point",
        "coordinates": [
          130.767843,
          32.786564
        ]
      },
      "properties": {
        "NO": "486",
        "共通ID": "E4310000161111",
        "施設・場所名": "東町小学校",
        "住所": "熊本県熊本市東区東町3-3-1",
        "指定緊急避難場所との住所同一": "1",
        "その他市町村長が必要と認める事項": null,
        "受入対象者": null,
        "備考": ""
      }
    },
    {
      "type": "Feature",
      "geometry": {
        "type": "Point",
        "coordinates": [
          130.76483,
          32.781434
        ]
      },
      "properties": {
        "NO": "487",
        "共通ID": "E4310000162111",
        "施設・場所名": "東町中学校",
        "住所": "熊本県熊本市東区東町4-15-1",
        "指定緊急避難場所との住所同一": "1",
        "その他市町村長が必要と認める事項": null,
        "受入対象者": null,
        "備考": ""
      }
    },
    {
      "type": "Feature",
      "geometry": {
        "type": "Point",
        "coordinates": [
          130.764276,
          32.783268
        ]
      },
      "properties": {
        "NO": "488",
        "共通ID": "E4310000163111",
        "施設・場所名": "健軍東小学校",
        "住所": "熊本県熊本市東区東町4-15-2",
        "指定緊急避難場所との住所同一": "1",
        "その他市町村長が必要と認める事項": null,
        "受入対象者": null,
        "備考": ""
      }
    },
    {
      "type": "Feature",
      "geometry": {
        "type": "Point",
        "coordinates": [
          130.767996,
          32.774973
        ]
      },
      "properties": {
        "NO": "489",
        "共通ID": "E4310000166111",
        "施設・場所名": "東野中学校",
        "住所": "熊本県熊本市東区東野3-6-50",
        "指定緊急避難場所との住所同一": "1",
        "その他市町村長が必要と認める事項": null,
        "受入対象者": null,
        "備考": ""
      }
    },
    {
      "type": "Feature",
      "geometry": {
        "type": "Point",
        "coordinates": [
          130.754073,
          32.793805
        ]
      },
      "properties": {
        "NO": "490",
        "共通ID": "E4310000167111",
        "施設・場所名": "尾ノ上小学校",
        "住所": "熊本県熊本市東区尾ノ上2-8-1",
        "指定緊急避難場所との住所同一": "1",
        "その他市町村長が必要と認める事項": null,
        "受入対象者": null,
        "備考": ""
      }
    },
    {
      "type": "Feature",
      "geometry": {
        "type": "Point",
        "coordinates": [
          130.75577,
          32.809566
        ]
      },
      "properties": {
        "NO": "491",
        "共通ID": "E4310000168111",
        "施設・場所名": "西原中学校",
        "住所": "熊本県熊本市東区保田窪4-9-1",
        "指定緊急避難場所との住所同一": "1",
        "その他市町村長が必要と認める事項": null,
        "受入対象者": null,
        "備考": ""
      }
    },
    {
      "type": "Feature",
      "geometry": {
        "type": "Point",
        "coordinates": [
          130.635933,
          32.732474
        ]
      },
      "properties": {
        "NO": "492",
        "共通ID": "E4310000170111",
        "施設・場所名": "天明体育館",
        "住所": "熊本県熊本市南区奥古閑町1877",
        "指定緊急避難場所との住所同一": "1",
        "その他市町村長が必要と認める事項": null,
        "受入対象者": null,
        "備考": ""
      }
    },
    {
      "type": "Feature",
      "geometry": {
        "type": "Point",
        "coordinates": [
          130.636721,
          32.732919
        ]
      },
      "properties": {
        "NO": "493",
        "共通ID": "E4310000171111",
        "施設・場所名": "天明まちづくりセンター・公民館",
        "住所": "熊本県熊本市南区奥古閑町2035",
        "指定緊急避難場所との住所同一": "1",
        "その他市町村長が必要と認める事項": null,
        "受入対象者": null,
        "備考": ""
      }
    },
    {
      "type": "Feature",
      "geometry": {
        "type": "Point",
        "coordinates": [
          130.636153,
          32.734407
        ]
      },
      "properties": {
        "NO": "494",
        "共通ID": "E4310000172111",
        "施設・場所名": "天明中学校",
        "住所": "熊本県熊本市南区奥古閑町2146-1",
        "指定緊急避難場所との住所同一": "1",
        "その他市町村長が必要と認める事項": null,
        "受入対象者": null,
        "備考": ""
      }
    },
    {
      "type": "Feature",
      "geometry": {
        "type": "Point",
        "coordinates": [
          130.62465,
          32.730577
        ]
      },
      "properties": {
        "NO": "495",
        "共通ID": "E4310000173111",
        "施設・場所名": "奥古閑小学校",
        "住所": "熊本県熊本市南区奥古閑町4072",
        "指定緊急避難場所との住所同一": "1",
        "その他市町村長が必要と認める事項": null,
        "受入対象者": null,
        "備考": ""
      }
    },
    {
      "type": "Feature",
      "geometry": {
        "type": "Point",
        "coordinates": [
          130.653539,
          32.75444
        ]
      },
      "properties": {
        "NO": "496",
        "共通ID": "E4310000174111",
        "施設・場所名": "飽田まちづくりセンター・公民館",
        "住所": "熊本県熊本市南区会富町1333-1",
        "指定緊急避難場所との住所同一": "1",
        "その他市町村長が必要と認める事項": null,
        "受入対象者": null,
        "備考": ""
      }
    },
    {
      "type": "Feature",
      "geometry": {
        "type": "Point",
        "coordinates": [
          130.681428,
          32.758665
        ]
      },
      "properties": {
        "NO": "497",
        "共通ID": "E4310000176111",
        "施設・場所名": "力合小学校",
        "住所": "熊本県熊本市南区刈草2-10-1",
        "指定緊急避難場所との住所同一": "1",
        "その他市町村長が必要と認める事項": null,
        "受入対象者": null,
        "備考": ""
      }
    },
    {
      "type": "Feature",
      "geometry": {
        "type": "Point",
        "coordinates": [
          130.689465,
          32.766734
        ]
      },
      "properties": {
        "NO": "498",
        "共通ID": "E4310000177111",
        "施設・場所名": "日吉小学校",
        "住所": "熊本県熊本市南区近見1-9-30",
        "指定緊急避難場所との住所同一": "1",
        "その他市町村長が必要と認める事項": null,
        "受入対象者": null,
        "備考": ""
      }
    },
    {
      "type": "Feature",
      "geometry": {
        "type": "Point",
        "coordinates": [
          130.697754,
          32.765077
        ]
      },
      "properties": {
        "NO": "499",
        "共通ID": "E4310000178111",
        "施設・場所名": "日吉東小学校",
        "住所": "熊本県熊本市南区近見5-1-1",
        "指定緊急避難場所との住所同一": "1",
        "その他市町村長が必要と認める事項": null,
        "受入対象者": null,
        "備考": ""
      }
    },
    {
      "type": "Feature",
      "geometry": {
        "type": "Point",
        "coordinates": [
          130.699259,
          32.764194
        ]
      },
      "properties": {
        "NO": "500",
        "共通ID": "E4310000179111",
        "施設・場所名": "日吉中学校",
        "住所": "熊本県熊本市南区近見5-5-1",
        "指定緊急避難場所との住所同一": "1",
        "その他市町村長が必要と認める事項": null,
        "受入対象者": null,
        "備考": ""
      }
    },
    {
      "type": "Feature",
      "geometry": {
        "type": "Point",
        "coordinates": [
          130.716055,
          32.754308
        ]
      },
      "properties": {
        "NO": "501",
        "共通ID": "E4310000183111",
        "施設・場所名": "御幸小学校",
        "住所": "熊本県熊本市南区御幸笛田7-16-1",
        "指定緊急避難場所との住所同一": "1",
        "その他市町村長が必要と認める事項": null,
        "受入対象者": null,
        "備考": ""
      }
    },
    {
      "type": "Feature",
      "geometry": {
        "type": "Point",
        "coordinates": [
          130.663054,
          32.75008
        ]
      },
      "properties": {
        "NO": "502",
        "共通ID": "E4310000185111",
        "施設・場所名": "飽田南小学校",
        "住所": "熊本県熊本市南区護藤町999",
        "指定緊急避難場所との住所同一": "1",
        "その他市町村長が必要と認める事項": null,
        "受入対象者": null,
        "備考": ""
      }
    },
    {
      "type": "Feature",
      "geometry": {
        "type": "Point",
        "coordinates": [
          130.712253,
          32.766682
        ]
      },
      "properties": {
        "NO": "503",
        "共通ID": "E4310000186111",
        "施設・場所名": "幸田まちづくりセンター・公民館",
        "住所": "熊本県熊本市南区幸田2-4-1",
        "指定緊急避難場所との住所同一": "1",
        "その他市町村長が必要と認める事項": null,
        "受入対象者": null,
        "備考": ""
      }
    },
    {
      "type": "Feature",
      "geometry": {
        "type": "Point",
        "coordinates": [
          130.67152,
          32.763349
        ]
      },
      "properties": {
        "NO": "504",
        "共通ID": "E4310000187111",
        "施設・場所名": "力合西小学校",
        "住所": "熊本県熊本市南区荒尾1-11-1",
        "指定緊急避難場所との住所同一": "1",
        "その他市町村長が必要と認める事項": null,
        "受入対象者": null,
        "備考": ""
      }
    },
    {
      "type": "Feature",
      "geometry": {
        "type": "Point",
        "coordinates": [
          130.667863,
          32.763295
        ]
      },
      "properties": {
        "NO": "505",
        "共通ID": "E4310000188111",
        "施設・場所名": "アクアドームくまもと",
        "住所": "熊本県熊本市南区荒尾2-1-1",
        "指定緊急避難場所との住所同一": "1",
        "その他市町村長が必要と認める事項": null,
        "受入対象者": null,
        "備考": ""
      }
    },
    {
      "type": "Feature",
      "geometry": {
        "type": "Point",
        "coordinates": [
          130.662154,
          32.763369
        ]
      },
      "properties": {
        "NO": "506",
        "共通ID": "E4310000190111",
        "施設・場所名": "飽田東小学校",
        "住所": "熊本県熊本市南区砂原町115",
        "指定緊急避難場所との住所同一": "1",
        "その他市町村長が必要と認める事項": null,
        "受入対象者": null,
        "備考": ""
      }
    },
    {
      "type": "Feature",
      "geometry": {
        "type": "Point",
        "coordinates": [
          130.715791,
          32.772271
        ]
      },
      "properties": {
        "NO": "507",
        "共通ID": "E4310000192111",
        "施設・場所名": "託麻中学校",
        "住所": "熊本県熊本市南区出仲間6-4-1",
        "指定緊急避難場所との住所同一": "1",
        "その他市町村長が必要と認める事項": null,
        "受入対象者": null,
        "備考": ""
      }
    },
    {
      "type": "Feature",
      "geometry": {
        "type": "Point",
        "coordinates": [
          130.720313,
          32.767956
        ]
      },
      "properties": {
        "NO": "508",
        "共通ID": "E4310000193111",
        "施設・場所名": "田迎小学校",
        "住所": "熊本県熊本市南区出仲間8-3-30",
        "指定緊急避難場所との住所同一": "1",
        "その他市町村長が必要と認める事項": null,
        "受入対象者": null,
        "備考": ""
      }
    },
    {
      "type": "Feature",
      "geometry": {
        "type": "Point",
        "coordinates": [
          130.727294,
          32.724549
        ]
      },
      "properties": {
        "NO": "509",
        "共通ID": "E4310000194111",
        "施設・場所名": "杉上小学校",
        "住所": "熊本県熊本市南区城南町永505-1",
        "指定緊急避難場所との住所同一": "1",
        "その他市町村長が必要と認める事項": null,
        "受入対象者": null,
        "備考": ""
      }
    },
    {
      "type": "Feature",
      "geometry": {
        "type": "Point",
        "coordinates": [
          130.729282,
          32.71029
        ]
      },
      "properties": {
        "NO": "510",
        "共通ID": "E4310000195111",
        "施設・場所名": "下益城城南中学校",
        "住所": "熊本県熊本市南区城南町宮地1020-1",
        "指定緊急避難場所との住所同一": "1",
        "その他市町村長が必要と認める事項": null,
        "受入対象者": null,
        "備考": ""
      }
    },
    {
      "type": "Feature",
      "geometry": {
        "type": "Point",
        "coordinates": [
          130.728886,
          32.708973
        ]
      },
      "properties": {
        "NO": "511",
        "共通ID": "E4310000196111",
        "施設・場所名": "城南老人福祉センター",
        "住所": "熊本県熊本市南区城南町宮地1050",
        "指定緊急避難場所との住所同一": "1",
        "その他市町村長が必要と認める事項": null,
        "受入対象者": null,
        "備考": ""
      }
    },
    {
      "type": "Feature",
      "geometry": {
        "type": "Point",
        "coordinates": [
          130.726723,
          32.708173
        ]
      },
      "properties": {
        "NO": "512",
        "共通ID": "E4310000197111",
        "施設・場所名": "隈庄小学校",
        "住所": "熊本県熊本市南区城南町隈庄270",
        "指定緊急避難場所との住所同一": "1",
        "その他市町村長が必要と認める事項": null,
        "受入対象者": null,
        "備考": ""
      }
    },
    {
      "type": "Feature",
      "geometry": {
        "type": "Point",
        "coordinates": [
          130.74537,
          32.690114
        ]
      },
      "properties": {
        "NO": "513",
        "共通ID": "E4310000200111",
        "施設・場所名": "豊田小学校",
        "住所": "熊本県熊本市南区城南町塚原259",
        "指定緊急避難場所との住所同一": "1",
        "その他市町村長が必要と認める事項": null,
        "受入対象者": null,
        "備考": ""
      }
    },
    {
      "type": "Feature",
      "geometry": {
        "type": "Point",
        "coordinates": [
          130.748188,
          32.70785
        ]
      },
      "properties": {
        "NO": "514",
        "共通ID": "E4310000202111",
        "施設・場所名": "城南総合スポーツセンター",
        "住所": "熊本県熊本市南区城南町舞原144-1",
        "指定緊急避難場所との住所同一": "1",
        "その他市町村長が必要と認める事項": null,
        "受入対象者": null,
        "備考": ""
      }
    },
    {
      "type": "Feature",
      "geometry": {
        "type": "Point",
        "coordinates": [
          130.740024,
          32.707404
        ]
      },
      "properties": {
        "NO": "515",
        "共通ID": "E4310000203111",
        "施設・場所名": "火の君文化センター",
        "住所": "熊本県熊本市南区城南町舞原394-1",
        "指定緊急避難場所との住所同一": "1",
        "その他市町村長が必要と認める事項": null,
        "受入対象者": null,
        "備考": ""
      }
    },
    {
      "type": "Feature",
      "geometry": {
        "type": "Point",
        "coordinates": [
          130.627347,
          32.717522
        ]
      },
      "properties": {
        "NO": "516",
        "共通ID": "E4310000204111",
        "施設・場所名": "川口小学校",
        "住所": "熊本県熊本市南区川口町3045",
        "指定緊急避難場所との住所同一": "1",
        "その他市町村長が必要と認める事項": null,
        "受入対象者": null,
        "備考": ""
      }
    },
    {
      "type": "Feature",
      "geometry": {
        "type": "Point",
        "coordinates": [
          130.681744,
          32.739586
        ]
      },
      "properties": {
        "NO": "517",
        "共通ID": "E4310000205111",
        "施設・場所名": "川尻小学校",
        "住所": "熊本県熊本市南区川尻4-1-1",
        "指定緊急避難場所との住所同一": "1",
        "その他市町村長が必要と認める事項": null,
        "受入対象者": null,
        "備考": ""
      }
    },
    {
      "type": "Feature",
      "geometry": {
        "type": "Point",
        "coordinates": [
          130.645822,
          32.741673
        ]
      },
      "properties": {
        "NO": "518",
        "共通ID": "E4310000206111",
        "施設・場所名": "銭塘小学校",
        "住所": "熊本県熊本市南区銭塘町990",
        "指定緊急避難場所との住所同一": "1",
        "その他市町村長が必要と認める事項": null,
        "受入対象者": null,
        "備考": ""
      }
    },
    {
      "type": "Feature",
      "geometry": {
        "type": "Point",
        "coordinates": [
          130.653522,
          32.760083
        ]
      },
      "properties": {
        "NO": "519",
        "共通ID": "E4310000207111",
        "施設・場所名": "飽田中学校",
        "住所": "熊本県熊本市南区孫代町72",
        "指定緊急避難場所との住所同一": "1",
        "その他市町村長が必要と認める事項": null,
        "受入対象者": null,
        "備考": ""
      }
    },
    {
      "type": "Feature",
      "geometry": {
        "type": "Point",
        "coordinates": [
          130.750496,
          32.697088
        ]
      },
      "properties": {
        "NO": "520",
        "共通ID": "E4344400002121",
        "施設・場所名": "社会福祉法人　恵春会特別養護老人ホーム　祥麟館",
        "住所": "熊本県熊本市南区沈目1513",
        "指定緊急避難場所との住所同一": "",
        "その他市町村長が必要と認める事項": "事前に福祉課に要相談",
        "受入対象者": "要介護高齢者、障害者、妊産婦、乳幼児等",
        "備考": ""
      }
    },
    {
      "type": "Feature",
      "geometry": {
        "type": "Point",
        "coordinates": [
          130.724035,
          32.762991
        ]
      },
      "properties": {
        "NO": "521",
        "共通ID": "E4310000208111",
        "施設・場所名": "田迎南小学校",
        "住所": "熊本県熊本市南区田井島3-12-1",
        "指定緊急避難場所との住所同一": "1",
        "その他市町村長が必要と認める事項": null,
        "受入対象者": null,
        "備考": ""
      }
    },
    {
      "type": "Feature",
      "geometry": {
        "type": "Point",
        "coordinates": [
          130.677426,
          32.76218
        ]
      },
      "properties": {
        "NO": "522",
        "共通ID": "E4310000209111",
        "施設・場所名": "力合中学校",
        "住所": "熊本県熊本市南区島町5-8-1",
        "指定緊急避難場所との住所同一": "1",
        "その他市町村長が必要と認める事項": null,
        "受入対象者": null,
        "備考": ""
      }
    },
    {
      "type": "Feature",
      "geometry": {
        "type": "Point",
        "coordinates": [
          130.691177,
          32.751467
        ]
      },
      "properties": {
        "NO": "523",
        "共通ID": "E4310000210111",
        "施設・場所名": "城南小学校",
        "住所": "熊本県熊本市南区南高江4-2-70",
        "指定緊急避難場所との住所同一": "1",
        "その他市町村長が必要と認める事項": null,
        "受入対象者": null,
        "備考": ""
      }
    },
    {
      "type": "Feature",
      "geometry": {
        "type": "Point",
        "coordinates": [
          130.686263,
          32.748239
        ]
      },
      "properties": {
        "NO": "524",
        "共通ID": "E4310000211111",
        "施設・場所名": "南部まちづくりセンター・公民館",
        "住所": "熊本県熊本市南区南高江6-7-35",
        "指定緊急避難場所との住所同一": "1",
        "その他市町村長が必要と認める事項": null,
        "受入対象者": null,
        "備考": ""
      }
    },
    {
      "type": "Feature",
      "geometry": {
        "type": "Point",
        "coordinates": [
          130.705439,
          32.774204
        ]
      },
      "properties": {
        "NO": "525",
        "共通ID": "E4310000213111",
        "施設・場所名": "田迎西小学校",
        "住所": "熊本県熊本市南区馬渡2-5-1",
        "指定緊急避難場所との住所同一": "1",
        "その他市町村長が必要と認める事項": null,
        "受入対象者": null,
        "備考": ""
      }
    },
    {
      "type": "Feature",
      "geometry": {
        "type": "Point",
        "coordinates": [
          130.673652,
          32.755067
        ]
      },
      "properties": {
        "NO": "526",
        "共通ID": "E4310000215111",
        "施設・場所名": "南部総合スポーツセンター",
        "住所": "熊本県熊本市南区白藤5-2-1",
        "指定緊急避難場所との住所同一": "1",
        "その他市町村長が必要と認める事項": null,
        "受入対象者": null,
        "備考": ""
      }
    },
    {
      "type": "Feature",
      "geometry": {
        "type": "Point",
        "coordinates": [
          130.686871,
          32.7438
        ]
      },
      "properties": {
        "NO": "527",
        "共通ID": "E4310000216111",
        "施設・場所名": "城南中学校",
        "住所": "熊本県熊本市南区八幡8-1-1",
        "指定緊急避難場所との住所同一": "1",
        "その他市町村長が必要と認める事項": null,
        "受入対象者": null,
        "備考": ""
      }
    },
    {
      "type": "Feature",
      "geometry": {
        "type": "Point",
        "coordinates": [
          130.660381,
          32.731069
        ]
      },
      "properties": {
        "NO": "528",
        "共通ID": "E4310000217111",
        "施設・場所名": "中緑小学校",
        "住所": "熊本県熊本市南区美登里町800",
        "指定緊急避難場所との住所同一": "1",
        "その他市町村長が必要と認める事項": null,
        "受入対象者": null,
        "備考": ""
      }
    },
    {
      "type": "Feature",
      "geometry": {
        "type": "Point",
        "coordinates": [
          130.678073,
          32.716065
        ]
      },
      "properties": {
        "NO": "529",
        "共通ID": "E4310000219111",
        "施設・場所名": "アスパル富合（富合公民館）",
        "住所": "熊本県熊本市南区富合町清藤400",
        "指定緊急避難場所との住所同一": "1",
        "その他市町村長が必要と認める事項": null,
        "受入対象者": null,
        "備考": ""
      }
    },
    {
      "type": "Feature",
      "geometry": {
        "type": "Point",
        "coordinates": [
          130.678187,
          32.715342
        ]
      },
      "properties": {
        "NO": "530",
        "共通ID": "E4310000220111",
        "施設・場所名": "雁回館",
        "住所": "熊本県熊本市南区富合町清藤405-1",
        "指定緊急避難場所との住所同一": "1",
        "その他市町村長が必要と認める事項": null,
        "受入対象者": null,
        "備考": ""
      }
    },
    {
      "type": "Feature",
      "geometry": {
        "type": "Point",
        "coordinates": [
          130.680967,
          32.714091
        ]
      },
      "properties": {
        "NO": "531",
        "共通ID": "E4310000221111",
        "施設・場所名": "富合小学校",
        "住所": "熊本県熊本市南区富合町清藤472",
        "指定緊急避難場所との住所同一": "1",
        "その他市町村長が必要と認める事項": null,
        "受入対象者": null,
        "備考": ""
      }
    },
    {
      "type": "Feature",
      "geometry": {
        "type": "Point",
        "coordinates": [
          130.684102,
          32.707161
        ]
      },
      "properties": {
        "NO": "532",
        "共通ID": "E4310000222111",
        "施設・場所名": "富合中学校",
        "住所": "熊本県熊本市南区富合町平原56",
        "指定緊急避難場所との住所同一": "1",
        "その他市町村長が必要と認める事項": null,
        "受入対象者": null,
        "備考": ""
      }
    },
    {
      "type": "Feature",
      "geometry": {
        "type": "Point",
        "coordinates": [
          130.633948,
          32.754662
        ]
      },
      "properties": {
        "NO": "533",
        "共通ID": "E4310000224111",
        "施設・場所名": "飽田西小学校",
        "住所": "熊本県熊本市南区並建町1005",
        "指定緊急避難場所との住所同一": "1",
        "その他市町村長が必要と認める事項": null,
        "受入対象者": null,
        "備考": ""
      }
    },
    {
      "type": "Feature",
      "geometry": {
        "type": "Point",
        "coordinates": [
          130.728213,
          32.758796
        ]
      },
      "properties": {
        "NO": "534",
        "共通ID": "E4310000227111",
        "施設・場所名": "浜線健康パーク（田迎公園運動施設）",
        "住所": "熊本県熊本市南区良町4-8-1",
        "指定緊急避難場所との住所同一": "1",
        "その他市町村長が必要と認める事項": null,
        "受入対象者": null,
        "備考": ""
      }
    },
    {
      "type": "Feature",
      "geometry": {
        "type": "Point",
        "coordinates": [
          130.702587,
          32.853621
        ]
      },
      "properties": {
        "NO": "535",
        "共通ID": "E4310000228111",
        "施設・場所名": "西里小学校",
        "住所": "熊本県熊本市北区下硯川町1784",
        "指定緊急避難場所との住所同一": "1",
        "その他市町村長が必要と認める事項": null,
        "受入対象者": null,
        "備考": ""
      }
    },
    {
      "type": "Feature",
      "geometry": {
        "type": "Point",
        "coordinates": [
          130.780751,
          32.853093
        ]
      },
      "properties": {
        "NO": "536",
        "共通ID": "E4310000230111",
        "施設・場所名": "弓削小学校",
        "住所": "熊本県熊本市北区弓削3-20-1",
        "指定緊急避難場所との住所同一": "1",
        "その他市町村長が必要と認める事項": null,
        "受入対象者": null,
        "備考": ""
      }
    },
    {
      "type": "Feature",
      "geometry": {
        "type": "Point",
        "coordinates": [
          130.695971,
          32.848313
        ]
      },
      "properties": {
        "NO": "537",
        "共通ID": "E4310000231111",
        "施設・場所名": "熊本市食品交流会館",
        "住所": "熊本県熊本市北区貢町581-2",
        "指定緊急避難場所との住所同一": "1",
        "その他市町村長が必要と認める事項": null,
        "受入対象者": null,
        "備考": ""
      }
    },
    {
      "type": "Feature",
      "geometry": {
        "type": "Point",
        "coordinates": [
          130.713302,
          32.834114
        ]
      },
      "properties": {
        "NO": "538",
        "共通ID": "E4310000233111",
        "施設・場所名": "高平台小学校",
        "住所": "熊本県熊本市北区高平1-17-28",
        "指定緊急避難場所との住所同一": "1",
        "その他市町村長が必要と認める事項": null,
        "受入対象者": null,
        "備考": ""
      }
    },
    {
      "type": "Feature",
      "geometry": {
        "type": "Point",
        "coordinates": [
          130.702977,
          32.867834
        ]
      },
      "properties": {
        "NO": "539",
        "共通ID": "E4310000234111",
        "施設・場所名": "北部中学校",
        "住所": "熊本県熊本市北区鹿子木町1",
        "指定緊急避難場所との住所同一": "1",
        "その他市町村長が必要と認める事項": null,
        "受入対象者": null,
        "備考": ""
      }
    },
    {
      "type": "Feature",
      "geometry": {
        "type": "Point",
        "coordinates": [
          130.703005,
          32.869936
        ]
      },
      "properties": {
        "NO": "540",
        "共通ID": "E4310000235111",
        "施設・場所名": "北部まちづくりセンター・公民館",
        "住所": "熊本県熊本市北区鹿子木町66",
        "指定緊急避難場所との住所同一": "1",
        "その他市町村長が必要と認める事項": null,
        "受入対象者": null,
        "備考": ""
      }
    },
    {
      "type": "Feature",
      "geometry": {
        "type": "Point",
        "coordinates": [
          130.675768,
          32.901987
        ]
      },
      "properties": {
        "NO": "541",
        "共通ID": "E4344300007121",
        "施設・場所名": "小規模多機能ホーム　田原ふれあいの家",
        "住所": "熊本県熊本市北区植木町鞍掛1791",
        "指定緊急避難場所との住所同一": "",
        "その他市町村長が必要と認める事項": null,
        "受入対象者": "町が特定した在宅の身体障がい者、要介護者のうち、一般的な避難所では生活に支障をきたすもの",
        "備考": ""
      }
    },
    {
      "type": "Feature",
      "geometry": {
        "type": "Point",
        "coordinates": [
          130.690622,
          32.905268
        ]
      },
      "properties": {
        "NO": "542",
        "共通ID": "E4310000236111",
        "施設・場所名": "五霊中学校",
        "住所": "熊本県熊本市北区植木町一木163",
        "指定緊急避難場所との住所同一": "1",
        "その他市町村長が必要と認める事項": null,
        "受入対象者": null,
        "備考": ""
      }
    },
    {
      "type": "Feature",
      "geometry": {
        "type": "Point",
        "coordinates": [
          130.659983,
          32.883109
        ]
      },
      "properties": {
        "NO": "543",
        "共通ID": "E4310000237111",
        "施設・場所名": "菱形小学校",
        "住所": "熊本県熊本市北区植木町円台寺124",
        "指定緊急避難場所との住所同一": "1",
        "その他市町村長が必要と認める事項": null,
        "受入対象者": null,
        "備考": ""
      }
    },
    {
      "type": "Feature",
      "geometry": {
        "type": "Point",
        "coordinates": [
          130.695545,
          32.903881
        ]
      },
      "properties": {
        "NO": "544",
        "共通ID": "E4310000239111",
        "施設・場所名": "植木文化センター",
        "住所": "熊本県熊本市北区植木町岩野238-1",
        "指定緊急避難場所との住所同一": "1",
        "その他市町村長が必要と認める事項": null,
        "受入対象者": null,
        "備考": ""
      }
    },
    {
      "type": "Feature",
      "geometry": {
        "type": "Point",
        "coordinates": [
          130.69985,
          32.902734
        ]
      },
      "properties": {
        "NO": "545",
        "共通ID": "E4310000241111",
        "施設・場所名": "植木中央公園運動施設",
        "住所": "熊本県熊本市北区植木町岩野285-35",
        "指定緊急避難場所との住所同一": "1",
        "その他市町村長が必要と認める事項": "",
        "受入対象者": "",
        "備考": ""
      }
    },
    {
      "type": "Feature",
      "geometry": {
        "type": "Point",
        "coordinates": [
          130.693554,
          32.896477
        ]
      },
      "properties": {
        "NO": "546",
        "共通ID": "E4310000243111",
        "施設・場所名": "植木小学校",
        "住所": "熊本県熊本市北区植木町広住1",
        "指定緊急避難場所との住所同一": "1",
        "その他市町村長が必要と認める事項": null,
        "受入対象者": null,
        "備考": ""
      }
    },
    {
      "type": "Feature",
      "geometry": {
        "type": "Point",
        "coordinates": [
          130.717646,
          32.944999
        ]
      },
      "properties": {
        "NO": "547",
        "共通ID": "E4310000245111",
        "施設・場所名": "植木北中学校",
        "住所": "熊本県熊本市北区植木町舟島455-1",
        "指定緊急避難場所との住所同一": "1",
        "その他市町村長が必要と認める事項": null,
        "受入対象者": null,
        "備考": ""
      }
    },
    {
      "type": "Feature",
      "geometry": {
        "type": "Point",
        "coordinates": [
          130.716955,
          32.962701
        ]
      },
      "properties": {
        "NO": "548",
        "共通ID": "E4310000246111",
        "施設・場所名": "田底小学校",
        "住所": "熊本県熊本市北区植木町正清515",
        "指定緊急避難場所との住所同一": "1",
        "その他市町村長が必要と認める事項": null,
        "受入対象者": null,
        "備考": ""
      }
    },
    {
      "type": "Feature",
      "geometry": {
        "type": "Point",
        "coordinates": [
          130.672335,
          32.880621
        ]
      },
      "properties": {
        "NO": "549",
        "共通ID": "E4310000303111",
        "施設・場所名": "大和地域コミュニティセンター",
        "住所": "熊本県熊本市北区植木町大和70-22",
        "指定緊急避難場所との住所同一": "1",
        "その他市町村長が必要と認める事項": "",
        "受入対象者": "",
        "備考": ""
      }
    },
    {
      "type": "Feature",
      "geometry": {
        "type": "Point",
        "coordinates": [
          130.674532,
          32.896659
        ]
      },
      "properties": {
        "NO": "550",
        "共通ID": "E4310000247111",
        "施設・場所名": "鹿南中学校",
        "住所": "熊本県熊本市北区植木町滴水1110",
        "指定緊急避難場所との住所同一": "1",
        "その他市町村長が必要と認める事項": null,
        "受入対象者": null,
        "備考": ""
      }
    },
    {
      "type": "Feature",
      "geometry": {
        "type": "Point",
        "coordinates": [
          130.684282,
          32.888723
        ]
      },
      "properties": {
        "NO": "551",
        "共通ID": "E4310000248111",
        "施設・場所名": "桜井小学校",
        "住所": "熊本県熊本市北区植木町滴水2255",
        "指定緊急避難場所との住所同一": "1",
        "その他市町村長が必要と認める事項": null,
        "受入対象者": null,
        "備考": ""
      }
    },
    {
      "type": "Feature",
      "geometry": {
        "type": "Point",
        "coordinates": [
          130.681721,
          32.937435
        ]
      },
      "properties": {
        "NO": "552",
        "共通ID": "E4310000250111",
        "施設・場所名": "山本小学校",
        "住所": "熊本県熊本市北区植木町内1424",
        "指定緊急避難場所との住所同一": "1",
        "その他市町村長が必要と認める事項": null,
        "受入対象者": null,
        "備考": ""
      }
    },
    {
      "type": "Feature",
      "geometry": {
        "type": "Point",
        "coordinates": [
          130.664769,
          32.91052
        ]
      },
      "properties": {
        "NO": "553",
        "共通ID": "E4310000251111",
        "施設・場所名": "田原小学校",
        "住所": "熊本県熊本市北区植木町富応1302-5",
        "指定緊急避難場所との住所同一": "1",
        "その他市町村長が必要と認める事項": null,
        "受入対象者": null,
        "備考": ""
      }
    },
    {
      "type": "Feature",
      "geometry": {
        "type": "Point",
        "coordinates": [
          130.70948,
          32.941058
        ]
      },
      "properties": {
        "NO": "554",
        "共通ID": "E4310000253111",
        "施設・場所名": "吉松小学校",
        "住所": "熊本県熊本市北区植木町豊田474",
        "指定緊急避難場所との住所同一": "1",
        "その他市町村長が必要と認める事項": null,
        "受入対象者": null,
        "備考": ""
      }
    },
    {
      "type": "Feature",
      "geometry": {
        "type": "Point",
        "coordinates": [
          130.707767,
          32.912771
        ]
      },
      "properties": {
        "NO": "555",
        "共通ID": "E4310000254111",
        "施設・場所名": "山東小学校",
        "住所": "熊本県熊本市北区植木町有泉841",
        "指定緊急避難場所との住所同一": "1",
        "その他市町村長が必要と認める事項": null,
        "受入対象者": null,
        "備考": ""
      }
    },
    {
      "type": "Feature",
      "geometry": {
        "type": "Point",
        "coordinates": [
          130.721639,
          32.841336
        ]
      },
      "properties": {
        "NO": "556",
        "共通ID": "E4310000255111",
        "施設・場所名": "清水まちづくりセンター・公民館",
        "住所": "熊本県熊本市北区清水亀井町14-7",
        "指定緊急避難場所との住所同一": "1",
        "その他市町村長が必要と認める事項": null,
        "受入対象者": null,
        "備考": ""
      }
    },
    {
      "type": "Feature",
      "geometry": {
        "type": "Point",
        "coordinates": [
          130.730549,
          32.849235
        ]
      },
      "properties": {
        "NO": "557",
        "共通ID": "E4310000256111",
        "施設・場所名": "城北小学校",
        "住所": "熊本県熊本市北区清水新地1-4-1",
        "指定緊急避難場所との住所同一": "1",
        "その他市町村長が必要と認める事項": null,
        "受入対象者": null,
        "備考": ""
      }
    },
    {
      "type": "Feature",
      "geometry": {
        "type": "Point",
        "coordinates": [
          130.733967,
          32.849718
        ]
      },
      "properties": {
        "NO": "558",
        "共通ID": "E4310000257111",
        "施設・場所名": "清水中学校",
        "住所": "熊本県熊本市北区清水新地2-3-1",
        "指定緊急避難場所との住所同一": "1",
        "その他市町村長が必要と認める事項": null,
        "受入対象者": null,
        "備考": ""
      }
    },
    {
      "type": "Feature",
      "geometry": {
        "type": "Point",
        "coordinates": [
          130.724312,
          32.83281
        ]
      },
      "properties": {
        "NO": "559",
        "共通ID": "E4310000260111",
        "施設・場所名": "清水小学校",
        "住所": "熊本県熊本市北区清水本町14-58",
        "指定緊急避難場所との住所同一": "1",
        "その他市町村長が必要と認める事項": null,
        "受入対象者": null,
        "備考": ""
      }
    },
    {
      "type": "Feature",
      "geometry": {
        "type": "Point",
        "coordinates": [
          130.728767,
          32.829574
        ]
      },
      "properties": {
        "NO": "560",
        "共通ID": "E4310000261111",
        "施設・場所名": "清水スポーツセンター",
        "住所": "熊本県熊本市北区清水万石2-3-73",
        "指定緊急避難場所との住所同一": "1",
        "その他市町村長が必要と認める事項": null,
        "受入対象者": null,
        "備考": ""
      }
    },
    {
      "type": "Feature",
      "geometry": {
        "type": "Point",
        "coordinates": [
          130.704649,
          32.870162
        ]
      },
      "properties": {
        "NO": "561",
        "共通ID": "E4310000262111",
        "施設・場所名": "川上小学校",
        "住所": "熊本県熊本市北区西梶尾町480",
        "指定緊急避難場所との住所同一": "1",
        "その他市町村長が必要と認める事項": null,
        "受入対象者": null,
        "備考": ""
      }
    },
    {
      "type": "Feature",
      "geometry": {
        "type": "Point",
        "coordinates": [
          130.72459,
          32.861901
        ]
      },
      "properties": {
        "NO": "562",
        "共通ID": "E4310000263111",
        "施設・場所名": "勤労青少年ホーム",
        "住所": "熊本県熊本市北区鶴羽田2-13-10",
        "指定緊急避難場所との住所同一": "1",
        "その他市町村長が必要と認める事項": null,
        "受入対象者": null,
        "備考": ""
      }
    },
    {
      "type": "Feature",
      "geometry": {
        "type": "Point",
        "coordinates": [
          130.72358,
          32.860232
        ]
      },
      "properties": {
        "NO": "563",
        "共通ID": "E4310000264111",
        "施設・場所名": "北部東小学校",
        "住所": "熊本県熊本市北区鶴羽田2-7-1",
        "指定緊急避難場所との住所同一": "1",
        "その他市町村長が必要と認める事項": null,
        "受入対象者": null,
        "備考": ""
      }
    },
    {
      "type": "Feature",
      "geometry": {
        "type": "Point",
        "coordinates": [
          130.755617,
          32.848246
        ]
      },
      "properties": {
        "NO": "564",
        "共通ID": "E4310000267111",
        "施設・場所名": "楠中学校",
        "住所": "熊本県熊本市北区楠3-2-1",
        "指定緊急避難場所との住所同一": "1",
        "その他市町村長が必要と認める事項": null,
        "受入対象者": null,
        "備考": ""
      }
    },
    {
      "type": "Feature",
      "geometry": {
        "type": "Point",
        "coordinates": [
          130.758427,
          32.851333
        ]
      },
      "properties": {
        "NO": "565",
        "共通ID": "E4310000269111",
        "施設・場所名": "楠小学校",
        "住所": "熊本県熊本市北区楠5-15-1",
        "指定緊急避難場所との住所同一": "1",
        "その他市町村長が必要と認める事項": null,
        "受入対象者": null,
        "備考": ""
      }
    },
    {
      "type": "Feature",
      "geometry": {
        "type": "Point",
        "coordinates": [
          130.767996,
          32.854032
        ]
      },
      "properties": {
        "NO": "566",
        "共通ID": "E4310000271111",
        "施設・場所名": "武蔵小学校",
        "住所": "熊本県熊本市北区武蔵ケ丘3-15-1",
        "指定緊急避難場所との住所同一": "1",
        "その他市町村長が必要と認める事項": null,
        "受入対象者": null,
        "備考": ""
      }
    },
    {
      "type": "Feature",
      "geometry": {
        "type": "Point",
        "coordinates": [
          130.772639,
          32.8561
        ]
      },
      "properties": {
        "NO": "567",
        "共通ID": "E4310000273111",
        "施設・場所名": "武蔵中学校",
        "住所": "熊本県熊本市北区武蔵ケ丘4-19-1",
        "指定緊急避難場所との住所同一": "1",
        "その他市町村長が必要と認める事項": null,
        "受入対象者": null,
        "備考": ""
      }
    },
    {
      "type": "Feature",
      "geometry": {
        "type": "Point",
        "coordinates": [
          130.744486,
          32.852321
        ]
      },
      "properties": {
        "NO": "568",
        "共通ID": "E4310000274111",
        "施設・場所名": "麻生田小学校",
        "住所": "熊本県熊本市北区麻生田3-9-1",
        "指定緊急避難場所との住所同一": "1",
        "その他市町村長が必要と認める事項": null,
        "受入対象者": null,
        "備考": ""
      }
    },
    {
      "type": "Feature",
      "geometry": {
        "type": "Point",
        "coordinates": [
          130.760556,
          32.837635
        ]
      },
      "properties": {
        "NO": "569",
        "共通ID": "E4310000276111",
        "施設・場所名": "龍田小学校",
        "住所": "熊本県熊本市北区龍田7-7-1",
        "指定緊急避難場所との住所同一": "1",
        "その他市町村長が必要と認める事項": null,
        "受入対象者": null,
        "備考": ""
      }
    },
    {
      "type": "Feature",
      "geometry": {
        "type": "Point",
        "coordinates": [
          130.761389,
          32.836342
        ]
      },
      "properties": {
        "NO": "570",
        "共通ID": "E4310000277111",
        "施設・場所名": "龍田中学校",
        "住所": "熊本県熊本市北区龍田7-8-1",
        "指定緊急避難場所との住所同一": "1",
        "その他市町村長が必要と認める事項": null,
        "受入対象者": null,
        "備考": ""
      }
    },
    {
      "type": "Feature",
      "geometry": {
        "type": "Point",
        "coordinates": [
          130.764173,
          32.84377
        ]
      },
      "properties": {
        "NO": "571",
        "共通ID": "E4310000278111",
        "施設・場所名": "龍田体育館",
        "住所": "熊本県熊本市北区龍田弓削1-1-10",
        "指定緊急避難場所との住所同一": "1",
        "その他市町村長が必要と認める事項": null,
        "受入対象者": null,
        "備考": ""
      }
    },
    {
      "type": "Feature",
      "geometry": {
        "type": "Point",
        "coordinates": [
          130.764407,
          32.844132
        ]
      },
      "properties": {
        "NO": "572",
        "共通ID": "E4310000278113",
        "施設・場所名": "龍田まちづくりセンター・公民館",
        "住所": "熊本県熊本市北区龍田弓削1-1-10",
        "指定緊急避難場所との住所同一": "1",
        "その他市町村長が必要と認める事項": null,
        "受入対象者": null,
        "備考": ""
      }
    },
    {
      "type": "Feature",
      "geometry": {
        "type": "Point",
        "coordinates": [
          130.764501,
          32.844501
        ]
      },
      "properties": {
        "NO": "573",
        "共通ID": "E4310000278112",
        "施設・場所名": "武蔵塚武道場",
        "住所": "熊本県熊本市北区龍田弓削1-1-10",
        "指定緊急避難場所との住所同一": "1",
        "その他市町村長が必要と認める事項": null,
        "受入対象者": null,
        "備考": ""
      }
    },
    {
      "type": "Feature",
      "geometry": {
        "type": "Point",
        "coordinates": [
          130.744852,
          32.828684
        ]
      },
      "properties": {
        "NO": "574",
        "共通ID": "E4310000280111",
        "施設・場所名": "龍田西小学校",
        "住所": "熊本県熊本市北区龍田陳内2-17-1",
        "指定緊急避難場所との住所同一": "1",
        "その他市町村長が必要と認める事項": null,
        "受入対象者": null,
        "備考": ""
      }
    },
    {
      "type": "Feature",
      "geometry": {
        "type": "Point",
        "coordinates": [
          130.75355,
          32.848279
        ]
      },
      "properties": {
        "NO": "575",
        "共通ID": "E4310000281111",
        "施設・場所名": "楡木小学校",
        "住所": "熊本県熊本市北区楡木3-9-1",
        "指定緊急避難場所との住所同一": "1",
        "その他市町村長が必要と認める事項": null,
        "受入対象者": null,
        "備考": ""
      }
    },
    {
      "type": "Feature",
      "geometry": {
        "type": "Point",
        "coordinates": [
          130.741307,
          32.448776
        ]
      },
      "properties": {
        "NO": "576",
        "共通ID": "E4351100001111",
        "施設・場所名": "山口集会所",
        "住所": "熊本県五木村乙1763",
        "指定緊急避難場所との住所同一": "1",
        "その他市町村長が必要と認める事項": null,
        "受入対象者": null,
        "備考": ""
      }
    },
    {
      "type": "Feature",
      "geometry": {
        "type": "Point",
        "coordinates": [
          130.732062,
          32.432127
        ]
      },
      "properties": {
        "NO": "577",
        "共通ID": "E4351100002111",
        "施設・場所名": "日当集会所",
        "住所": "熊本県五木村乙1839-2",
        "指定緊急避難場所との住所同一": "1",
        "その他市町村長が必要と認める事項": null,
        "受入対象者": null,
        "備考": ""
      }
    },
    {
      "type": "Feature",
      "geometry": {
        "type": "Point",
        "coordinates": [
          130.815594,
          32.399944
        ]
      },
      "properties": {
        "NO": "578",
        "共通ID": "E4351100003111",
        "施設・場所名": "林業センター体育館",
        "住所": "熊本県五木村乙字高野665-35",
        "指定緊急避難場所との住所同一": "1",
        "その他市町村長が必要と認める事項": null,
        "受入対象者": null,
        "備考": ""
      }
    },
    {
      "type": "Feature",
      "geometry": {
        "type": "Point",
        "coordinates": [
          130.815089,
          32.399979
        ]
      },
      "properties": {
        "NO": "579",
        "共通ID": "E4351100003112",
        "施設・場所名": "高野体育館",
        "住所": "熊本県五木村乙字高野665-35",
        "指定緊急避難場所との住所同一": "1",
        "その他市町村長が必要と認める事項": null,
        "受入対象者": null,
        "備考": ""
      }
    },
    {
      "type": "Feature",
      "geometry": {
        "type": "Point",
        "coordinates": [
          130.802032,
          32.488285
        ]
      },
      "properties": {
        "NO": "580",
        "共通ID": "E4351100004111",
        "施設・場所名": "端海野ハウス",
        "住所": "熊本県五木村乙字上小鶴1561-24",
        "指定緊急避難場所との住所同一": "1",
        "その他市町村長が必要と認める事項": null,
        "受入対象者": null,
        "備考": ""
      }
    },
    {
      "type": "Feature",
      "geometry": {
        "type": "Point",
        "coordinates": [
          130.765232,
          32.448826
        ]
      },
      "properties": {
        "NO": "581",
        "共通ID": "E4351100005111",
        "施設・場所名": "中村地区集会所",
        "住所": "熊本県五木村乙字中村1629",
        "指定緊急避難場所との住所同一": "1",
        "その他市町村長が必要と認める事項": null,
        "受入対象者": null,
        "備考": ""
      }
    },
    {
      "type": "Feature",
      "geometry": {
        "type": "Point",
        "coordinates": [
          130.83704,
          32.384435
        ]
      },
      "properties": {
        "NO": "582",
        "共通ID": "E4351100006111",
        "施設・場所名": "下谷集会所",
        "住所": "熊本県五木村甲1701-4",
        "指定緊急避難場所との住所同一": "1",
        "その他市町村長が必要と認める事項": null,
        "受入対象者": null,
        "備考": ""
      }
    },
    {
      "type": "Feature",
      "geometry": {
        "type": "Point",
        "coordinates": [
          130.9211,
          32.390974
        ]
      },
      "properties": {
        "NO": "583",
        "共通ID": "E4351100007111",
        "施設・場所名": "下梶原集会所",
        "住所": "熊本県五木村甲4257-169",
        "指定緊急避難場所との住所同一": "1",
        "その他市町村長が必要と認める事項": null,
        "受入対象者": null,
        "備考": ""
      }
    },
    {
      "type": "Feature",
      "geometry": {
        "type": "Point",
        "coordinates": [
          130.873136,
          32.406328
        ]
      },
      "properties": {
        "NO": "584",
        "共通ID": "E4351100008111",
        "施設・場所名": "梶原集会所",
        "住所": "熊本県五木村甲4342",
        "指定緊急避難場所との住所同一": "1",
        "その他市町村長が必要と認める事項": null,
        "受入対象者": null,
        "備考": ""
      }
    },
    {
      "type": "Feature",
      "geometry": {
        "type": "Point",
        "coordinates": [
          130.886286,
          32.417171
        ]
      },
      "properties": {
        "NO": "585",
        "共通ID": "E4351100009111",
        "施設・場所名": "入鴨集会所",
        "住所": "熊本県五木村甲4605-1",
        "指定緊急避難場所との住所同一": "1",
        "その他市町村長が必要と認める事項": null,
        "受入対象者": null,
        "備考": ""
      }
    },
    {
      "type": "Feature",
      "geometry": {
        "type": "Point",
        "coordinates": [
          130.855501,
          32.417682
        ]
      },
      "properties": {
        "NO": "586",
        "共通ID": "E4351100010111",
        "施設・場所名": "竹の川集会所",
        "住所": "熊本県五木村甲4863",
        "指定緊急避難場所との住所同一": "1",
        "その他市町村長が必要と認める事項": null,
        "受入対象者": null,
        "備考": ""
      }
    },
    {
      "type": "Feature",
      "geometry": {
        "type": "Point",
        "coordinates": [
          130.859321,
          32.456814
        ]
      },
      "properties": {
        "NO": "587",
        "共通ID": "E4351100011111",
        "施設・場所名": "八重集会所",
        "住所": "熊本県五木村甲6264-2",
        "指定緊急避難場所との住所同一": "1",
        "その他市町村長が必要と認める事項": null,
        "受入対象者": null,
        "備考": ""
      }
    },
    {
      "type": "Feature",
      "geometry": {
        "type": "Point",
        "coordinates": [
          130.85324,
          32.433628
        ]
      },
      "properties": {
        "NO": "588",
        "共通ID": "E4351100012111",
        "施設・場所名": "栗鶴集会所",
        "住所": "熊本県五木村甲7251-1",
        "指定緊急避難場所との住所同一": "1",
        "その他市町村長が必要と認める事項": null,
        "受入対象者": null,
        "備考": ""
      }
    },
    {
      "type": "Feature",
      "geometry": {
        "type": "Point",
        "coordinates": [
          130.923289,
          32.391918
        ]
      },
      "properties": {
        "NO": "589",
        "共通ID": "E4351100013111",
        "施設・場所名": "下梶原体育館",
        "住所": "熊本県五木村甲字下梶原4263-10",
        "指定緊急避難場所との住所同一": "1",
        "その他市町村長が必要と認める事項": null,
        "受入対象者": null,
        "備考": ""
      }
    },
    {
      "type": "Feature",
      "geometry": {
        "type": "Point",
        "coordinates": [
          130.82774,
          32.39809
        ]
      },
      "properties": {
        "NO": "590",
        "共通ID": "E4351100014121",
        "施設・場所名": "五木村社協介護サービスセンター",
        "住所": "熊本県五木村甲字下手2672-41",
        "指定緊急避難場所との住所同一": "",
        "その他市町村長が必要と認める事項": null,
        "受入対象者": "要配慮者",
        "備考": ""
      }
    },
    {
      "type": "Feature",
      "geometry": {
        "type": "Point",
        "coordinates": [
          130.857344,
          32.364124
        ]
      },
      "properties": {
        "NO": "591",
        "共通ID": "E4351100015111",
        "施設・場所名": "葛の八重地区集会所",
        "住所": "熊本県五木村甲字葛の八重746",
        "指定緊急避難場所との住所同一": "1",
        "その他市町村長が必要と認める事項": null,
        "受入対象者": null,
        "備考": ""
      }
    },
    {
      "type": "Feature",
      "geometry": {
        "type": "Point",
        "coordinates": [
          130.857563,
          32.441796
        ]
      },
      "properties": {
        "NO": "592",
        "共通ID": "E4351100016111",
        "施設・場所名": "宮園交流館",
        "住所": "熊本県五木村甲字宮園5670",
        "指定緊急避難場所との住所同一": "1",
        "その他市町村長が必要と認める事項": null,
        "受入対象者": null,
        "備考": ""
      }
    },
    {
      "type": "Feature",
      "geometry": {
        "type": "Point",
        "coordinates": [
          130.85766,
          32.44165
        ]
      },
      "properties": {
        "NO": "593",
        "共通ID": "E4351100016121",
        "施設・場所名": "小規模多機能ホーム　五木の友",
        "住所": "熊本県五木村甲字宮園5670",
        "指定緊急避難場所との住所同一": "1",
        "その他市町村長が必要と認める事項": null,
        "受入対象者": "要配慮者",
        "備考": ""
      }
    },
    {
      "type": "Feature",
      "geometry": {
        "type": "Point",
        "coordinates": [
          130.826629,
          32.401745
        ]
      },
      "properties": {
        "NO": "594",
        "共通ID": "E4351100017111",
        "施設・場所名": "五木東小学校体育館",
        "住所": "熊本県五木村甲字松本3374-51",
        "指定緊急避難場所との住所同一": "1",
        "その他市町村長が必要と認める事項": null,
        "受入対象者": null,
        "備考": ""
      }
    },
    {
      "type": "Feature",
      "geometry": {
        "type": "Point",
        "coordinates": [
          130.827894,
          32.399237
        ]
      },
      "properties": {
        "NO": "595",
        "共通ID": "E4351100018111",
        "施設・場所名": "伝統文化伝承館",
        "住所": "熊本県五木村甲字田口2997-21",
        "指定緊急避難場所との住所同一": "1",
        "その他市町村長が必要と認める事項": null,
        "受入対象者": null,
        "備考": ""
      }
    },
    {
      "type": "Feature",
      "geometry": {
        "type": "Point",
        "coordinates": [
          130.853519,
          32.353054
        ]
      },
      "properties": {
        "NO": "596",
        "共通ID": "E4351100019111",
        "施設・場所名": "瀬目地区集会所",
        "住所": "熊本県五木村甲字南瀬目234-2",
        "指定緊急避難場所との住所同一": "1",
        "その他市町村長が必要と認める事項": null,
        "受入対象者": null,
        "備考": ""
      }
    },
    {
      "type": "Feature",
      "geometry": {
        "type": "Point",
        "coordinates": [
          130.856261,
          32.441937
        ]
      },
      "properties": {
        "NO": "597",
        "共通ID": "E4351100020111",
        "施設・場所名": "宮園憩いの家",
        "住所": "熊本県五木村甲字北西谷6900-2",
        "指定緊急避難場所との住所同一": "1",
        "その他市町村長が必要と認める事項": null,
        "受入対象者": null,
        "備考": ""
      }
    },
    {
      "type": "Feature",
      "geometry": {
        "type": "Point",
        "coordinates": [
          130.842591,
          32.362162
        ]
      },
      "properties": {
        "NO": "598",
        "共通ID": "E4351100021111",
        "施設・場所名": "南地区集会室",
        "住所": "熊本県五木村甲字野々脇458-2",
        "指定緊急避難場所との住所同一": "1",
        "その他市町村長が必要と認める事項": null,
        "受入対象者": null,
        "備考": ""
      }
    },
    {
      "type": "Feature",
      "geometry": {
        "type": "Point",
        "coordinates": [
          130.861621,
          32.413303
        ]
      },
      "properties": {
        "NO": "599",
        "共通ID": "E4351100022111",
        "施設・場所名": "三浦体育館",
        "住所": "熊本県五木村甲字嶽4797-3",
        "指定緊急避難場所との住所同一": "1",
        "その他市町村長が必要と認める事項": null,
        "受入対象者": null,
        "備考": ""
      }
    },
    {
      "type": "Feature",
      "geometry": {
        "type": "Point",
        "coordinates": [
          130.861621,
          32.413494
        ]
      },
      "properties": {
        "NO": "600",
        "共通ID": "E4351100023111",
        "施設・場所名": "三浦地区集会室",
        "住所": "熊本県五木村甲字嶽4797-6",
        "指定緊急避難場所との住所同一": "1",
        "その他市町村長が必要と認める事項": null,
        "受入対象者": null,
        "備考": ""
      }
    },
    {
      "type": "Feature",
      "geometry": {
        "type": "Point",
        "coordinates": [
          130.733928,
          32.433567
        ]
      },
      "properties": {
        "NO": "601",
        "共通ID": "E4351100024111",
        "施設・場所名": "日添集会所",
        "住所": "熊本県五木村丙20-4",
        "指定緊急避難場所との住所同一": "1",
        "その他市町村長が必要と認める事項": null,
        "受入対象者": null,
        "備考": ""
      }
    },
    {
      "type": "Feature",
      "geometry": {
        "type": "Point",
        "coordinates": [
          130.775184,
          32.44549
        ]
      },
      "properties": {
        "NO": "602",
        "共通ID": "E4351100025111",
        "施設・場所名": "西地区集会室",
        "住所": "熊本県五木村丙字小鶴321-1",
        "指定緊急避難場所との住所同一": "1",
        "その他市町村長が必要と認める事項": null,
        "受入対象者": null,
        "備考": ""
      }
    },
    {
      "type": "Feature",
      "geometry": {
        "type": "Point",
        "coordinates": [
          130.775623,
          32.445251
        ]
      },
      "properties": {
        "NO": "603",
        "共通ID": "E4351100026111",
        "施設・場所名": "小鶴体育館",
        "住所": "熊本県五木村丙字小鶴321-2",
        "指定緊急避難場所との住所同一": "1",
        "その他市町村長が必要と認める事項": null,
        "受入対象者": null,
        "備考": ""
      }
    },
    {
      "type": "Feature",
      "geometry": {
        "type": "Point",
        "coordinates": [
          130.801582,
          32.71401
        ]
      },
      "properties": {
        "NO": "604",
        "共通ID": "E4344100001121",
        "施設・場所名": "御船町観光交流センター",
        "住所": "熊本県御船町御船1003",
        "指定緊急避難場所との住所同一": "",
        "その他市町村長が必要と認める事項": null,
        "受入対象者": "高齢者",
        "備考": ""
      }
    },
    {
      "type": "Feature",
      "geometry": {
        "type": "Point",
        "coordinates": [
          130.801464,
          32.713956
        ]
      },
      "properties": {
        "NO": "605",
        "共通ID": "E4344100002121",
        "施設・場所名": "御船町子育てふれあい館",
        "住所": "熊本県御船町御船1003-2",
        "指定緊急避難場所との住所同一": "",
        "その他市町村長が必要と認める事項": null,
        "受入対象者": "乳幼児",
        "備考": ""
      }
    },
    {
      "type": "Feature",
      "geometry": {
        "type": "Point",
        "coordinates": [
          130.796486,
          32.709645
        ]
      },
      "properties": {
        "NO": "606",
        "共通ID": "E4344100003111",
        "施設・場所名": "町民憩いの家",
        "住所": "熊本県御船町御船726",
        "指定緊急避難場所との住所同一": "1",
        "その他市町村長が必要と認める事項": null,
        "受入対象者": null,
        "備考": ""
      }
    },
    {
      "type": "Feature",
      "geometry": {
        "type": "Point",
        "coordinates": [
          130.797791,
          32.709444
        ]
      },
      "properties": {
        "NO": "607",
        "共通ID": "E4344100005111",
        "施設・場所名": "（有）ホンダ介護サービスセンター",
        "住所": "熊本県御船町御船820",
        "指定緊急避難場所との住所同一": "1",
        "その他市町村長が必要と認める事項": null,
        "受入対象者": null,
        "備考": ""
      }
    },
    {
      "type": "Feature",
      "geometry": {
        "type": "Point",
        "coordinates": [
          130.791476,
          32.737968
        ]
      },
      "properties": {
        "NO": "608",
        "共通ID": "E4344100008111",
        "施設・場所名": "御船町立高木小学校",
        "住所": "熊本県御船町高木1633",
        "指定緊急避難場所との住所同一": "1",
        "その他市町村長が必要と認める事項": null,
        "受入対象者": null,
        "備考": ""
      }
    },
    {
      "type": "Feature",
      "geometry": {
        "type": "Point",
        "coordinates": [
          130.868765,
          32.725278
        ]
      },
      "properties": {
        "NO": "609",
        "共通ID": "E4344100009111",
        "施設・場所名": "七滝社会教育センター",
        "住所": "熊本県御船町七滝2555-2",
        "指定緊急避難場所との住所同一": "1",
        "その他市町村長が必要と認める事項": null,
        "受入対象者": null,
        "備考": ""
      }
    },
    {
      "type": "Feature",
      "geometry": {
        "type": "Point",
        "coordinates": [
          130.869545,
          32.725252
        ]
      },
      "properties": {
        "NO": "610",
        "共通ID": "E4344100010111",
        "施設・場所名": "七滝分館",
        "住所": "熊本県御船町七滝2602-4",
        "指定緊急避難場所との住所同一": "1",
        "その他市町村長が必要と認める事項": "",
        "受入対象者": "",
        "備考": ""
      }
    },
    {
      "type": "Feature",
      "geometry": {
        "type": "Point",
        "coordinates": [
          130.775004,
          32.726442
        ]
      },
      "properties": {
        "NO": "611",
        "共通ID": "E4344100011111",
        "施設・場所名": "御船町立小坂小学校",
        "住所": "熊本県御船町小坂2193-2",
        "指定緊急避難場所との住所同一": "1",
        "その他市町村長が必要と認める事項": null,
        "受入対象者": null,
        "備考": ""
      }
    },
    {
      "type": "Feature",
      "geometry": {
        "type": "Point",
        "coordinates": [
          130.853728,
          32.734511
        ]
      },
      "properties": {
        "NO": "612",
        "共通ID": "E4344100012111",
        "施設・場所名": "御船町立七滝中央小学校",
        "住所": "熊本県御船町上野1500",
        "指定緊急避難場所との住所同一": "1",
        "その他市町村長が必要と認める事項": null,
        "受入対象者": null,
        "備考": ""
      }
    },
    {
      "type": "Feature",
      "geometry": {
        "type": "Point",
        "coordinates": [
          130.859904,
          32.736737
        ]
      },
      "properties": {
        "NO": "613",
        "共通ID": "E4344100014111",
        "施設・場所名": "上野分館",
        "住所": "熊本県御船町上野2262",
        "指定緊急避難場所との住所同一": "1",
        "その他市町村長が必要と認める事項": null,
        "受入対象者": null,
        "備考": ""
      }
    },
    {
      "type": "Feature",
      "geometry": {
        "type": "Point",
        "coordinates": [
          130.886535,
          32.747868
        ]
      },
      "properties": {
        "NO": "614",
        "共通ID": "E4344100016111",
        "施設・場所名": "田代東部分館",
        "住所": "熊本県御船町上野5191-3",
        "指定緊急避難場所との住所同一": "1",
        "その他市町村長が必要と認める事項": "",
        "受入対象者": "",
        "備考": ""
      }
    },
    {
      "type": "Feature",
      "geometry": {
        "type": "Point",
        "coordinates": [
          130.870488,
          32.687855
        ]
      },
      "properties": {
        "NO": "615",
        "共通ID": "E4344100020111",
        "施設・場所名": "水越社会教育センター",
        "住所": "熊本県御船町水越2449",
        "指定緊急避難場所との住所同一": "1",
        "その他市町村長が必要と認める事項": "",
        "受入対象者": "",
        "備考": ""
      }
    },
    {
      "type": "Feature",
      "geometry": {
        "type": "Point",
        "coordinates": [
          130.812361,
          32.72735
        ]
      },
      "properties": {
        "NO": "616",
        "共通ID": "E4344400003121",
        "施設・場所名": "社会福祉法人　伸生会養護老人ホーム　オアシス",
        "住所": "熊本県御船町大字木倉4780",
        "指定緊急避難場所との住所同一": "",
        "その他市町村長が必要と認める事項": "事前に福祉課に要相談",
        "受入対象者": "要介護高齢者、障害者、妊産婦、乳幼児等",
        "備考": ""
      }
    },
    {
      "type": "Feature",
      "geometry": {
        "type": "Point",
        "coordinates": [
          130.800191,
          32.714679
        ]
      },
      "properties": {
        "NO": "617",
        "共通ID": "E4344100023111",
        "施設・場所名": "御船町立御船小学校",
        "住所": "熊本県御船町滝川3",
        "指定緊急避難場所との住所同一": "1",
        "その他市町村長が必要と認める事項": null,
        "受入対象者": null,
        "備考": ""
      }
    },
    {
      "type": "Feature",
      "geometry": {
        "type": "Point",
        "coordinates": [
          130.829238,
          32.7021
        ]
      },
      "properties": {
        "NO": "618",
        "共通ID": "E4344100025111",
        "施設・場所名": "熊本県農業研究センター茶業研究所",
        "住所": "熊本県御船町滝尾5450",
        "指定緊急避難場所との住所同一": "1",
        "その他市町村長が必要と認める事項": null,
        "受入対象者": null,
        "備考": ""
      }
    },
    {
      "type": "Feature",
      "geometry": {
        "type": "Point",
        "coordinates": [
          130.828112,
          32.704941
        ]
      },
      "properties": {
        "NO": "619",
        "共通ID": "E4344100027111",
        "施設・場所名": "御船町立滝尾小学校",
        "住所": "熊本県御船町滝尾934-1",
        "指定緊急避難場所との住所同一": "1",
        "その他市町村長が必要と認める事項": null,
        "受入対象者": null,
        "備考": ""
      }
    },
    {
      "type": "Feature",
      "geometry": {
        "type": "Point",
        "coordinates": [
          130.857146,
          32.756807
        ]
      },
      "properties": {
        "NO": "620",
        "共通ID": "E4344100028111",
        "施設・場所名": "第二明星学園田代西部福祉センター",
        "住所": "熊本県御船町田代1842-4",
        "指定緊急避難場所との住所同一": "1",
        "その他市町村長が必要と認める事項": null,
        "受入対象者": null,
        "備考": ""
      }
    },
    {
      "type": "Feature",
      "geometry": {
        "type": "Point",
        "coordinates": [
          130.887005,
          32.748485
        ]
      },
      "properties": {
        "NO": "621",
        "共通ID": "E4344100029111",
        "施設・場所名": "田代東部社会教育センター",
        "住所": "熊本県御船町田代4984",
        "指定緊急避難場所との住所同一": "1",
        "その他市町村長が必要と認める事項": null,
        "受入対象者": null,
        "備考": ""
      }
    },
    {
      "type": "Feature",
      "geometry": {
        "type": "Point",
        "coordinates": [
          130.85348,
          32.749659
        ]
      },
      "properties": {
        "NO": "622",
        "共通ID": "E4344100030111",
        "施設・場所名": "北田代分館",
        "住所": "熊本県御船町田代748-1",
        "指定緊急避難場所との住所同一": "1",
        "その他市町村長が必要と認める事項": "",
        "受入対象者": "",
        "備考": ""
      }
    },
    {
      "type": "Feature",
      "geometry": {
        "type": "Point",
        "coordinates": [
          130.928299,
          32.774452
        ]
      },
      "properties": {
        "NO": "623",
        "共通ID": "E4344100031111",
        "施設・場所名": "緑の村",
        "住所": "熊本県御船町田代8405-24",
        "指定緊急避難場所との住所同一": "1",
        "その他市町村長が必要と認める事項": null,
        "受入対象者": null,
        "備考": ""
      }
    },
    {
      "type": "Feature",
      "geometry": {
        "type": "Point",
        "coordinates": [
          130.805294,
          32.712866
        ]
      },
      "properties": {
        "NO": "624",
        "共通ID": "E4344100033111",
        "施設・場所名": "上益城消防組合消防本部",
        "住所": "熊本県御船町辺田見169",
        "指定緊急避難場所との住所同一": "1",
        "その他市町村長が必要と認める事項": null,
        "受入対象者": null,
        "備考": ""
      }
    },
    {
      "type": "Feature",
      "geometry": {
        "type": "Point",
        "coordinates": [
          130.80233,
          32.71279
        ]
      },
      "properties": {
        "NO": "625",
        "共通ID": "E4344100034111",
        "施設・場所名": "御船町立御船中学校",
        "住所": "熊本県御船町辺田見55",
        "指定緊急避難場所との住所同一": "1",
        "その他市町村長が必要と認める事項": null,
        "受入対象者": null,
        "備考": ""
      }
    },
    {
      "type": "Feature",
      "geometry": {
        "type": "Point",
        "coordinates": [
          130.801441,
          32.715049
        ]
      },
      "properties": {
        "NO": "626",
        "共通ID": "E4344100035121",
        "施設・場所名": "御船町カルチャーセンター",
        "住所": "熊本県御船町木倉1168",
        "指定緊急避難場所との住所同一": "1",
        "その他市町村長が必要と認める事項": null,
        "受入対象者": "要配慮者",
        "備考": ""
      }
    },
    {
      "type": "Feature",
      "geometry": {
        "type": "Point",
        "coordinates": [
          130.80113,
          32.715852
        ]
      },
      "properties": {
        "NO": "627",
        "共通ID": "E4344100036111",
        "施設・場所名": "御船町スポーツセンター",
        "住所": "熊本県御船町木倉1176-1",
        "指定緊急避難場所との住所同一": "1",
        "その他市町村長が必要と認める事項": null,
        "受入対象者": null,
        "備考": ""
      }
    },
    {
      "type": "Feature",
      "geometry": {
        "type": "Point",
        "coordinates": [
          130.80532,
          32.714982
        ]
      },
      "properties": {
        "NO": "628",
        "共通ID": "E4344100037111",
        "施設・場所名": "熊本県立御船高等学校",
        "住所": "熊本県御船町木倉1253",
        "指定緊急避難場所との住所同一": "1",
        "その他市町村長が必要と認める事項": null,
        "受入対象者": null,
        "備考": ""
      }
    },
    {
      "type": "Feature",
      "geometry": {
        "type": "Point",
        "coordinates": [
          130.806646,
          32.718501
        ]
      },
      "properties": {
        "NO": "629",
        "共通ID": "E4344100040111",
        "施設・場所名": "御船町立木倉小学校",
        "住所": "熊本県御船町木倉954",
        "指定緊急避難場所との住所同一": "1",
        "その他市町村長が必要と認める事項": null,
        "受入対象者": null,
        "備考": ""
      }
    },
    {
      "type": "Feature",
      "geometry": {
        "type": "Point",
        "coordinates": [
          130.809815,
          32.678763
        ]
      },
      "properties": {
        "NO": "630",
        "共通ID": "E4344400004111",
        "施設・場所名": "町民センター",
        "住所": "熊本県甲佐町糸田9-1",
        "指定緊急避難場所との住所同一": "1",
        "その他市町村長が必要と認める事項": null,
        "受入対象者": null,
        "備考": ""
      }
    },
    {
      "type": "Feature",
      "geometry": {
        "type": "Point",
        "coordinates": [
          130.847696,
          32.650116
        ]
      },
      "properties": {
        "NO": "631",
        "共通ID": "E4344400005111",
        "施設・場所名": "宮内地区社会教育センター",
        "住所": "熊本県甲佐町小鹿358",
        "指定緊急避難場所との住所同一": "1",
        "その他市町村長が必要と認める事項": null,
        "受入対象者": null,
        "備考": ""
      }
    },
    {
      "type": "Feature",
      "geometry": {
        "type": "Point",
        "coordinates": [
          130.817493,
          32.673701
        ]
      },
      "properties": {
        "NO": "632",
        "共通ID": "E4344400006111",
        "施設・場所名": "龍野小学校",
        "住所": "熊本県甲佐町上早川1220",
        "指定緊急避難場所との住所同一": "1",
        "その他市町村長が必要と認める事項": null,
        "受入対象者": null,
        "備考": ""
      }
    },
    {
      "type": "Feature",
      "geometry": {
        "type": "Point",
        "coordinates": [
          130.820671,
          32.676881
        ]
      },
      "properties": {
        "NO": "633",
        "共通ID": "E4344400007111",
        "施設・場所名": "龍野福祉ふれあいセンター",
        "住所": "熊本県甲佐町上早川334",
        "指定緊急避難場所との住所同一": "1",
        "その他市町村長が必要と認める事項": null,
        "受入対象者": null,
        "備考": ""
      }
    },
    {
      "type": "Feature",
      "geometry": {
        "type": "Point",
        "coordinates": [
          130.820673,
          32.676867
        ]
      },
      "properties": {
        "NO": "634",
        "共通ID": "E4344400007121",
        "施設・場所名": "竜野福祉ふれあいセンター",
        "住所": "熊本県甲佐町上早川334",
        "指定緊急避難場所との住所同一": "1",
        "その他市町村長が必要と認める事項": null,
        "受入対象者": null,
        "備考": ""
      }
    },
    {
      "type": "Feature",
      "geometry": {
        "type": "Point",
        "coordinates": [
          130.852952,
          32.680424
        ]
      },
      "properties": {
        "NO": "635",
        "共通ID": "E4344400030111",
        "施設・場所名": "六谷公民館",
        "住所": "熊本県甲佐町上早川4496",
        "指定緊急避難場所との住所同一": "",
        "その他市町村長が必要と認める事項": null,
        "受入対象者": null,
        "備考": ""
      }
    },
    {
      "type": "Feature",
      "geometry": {
        "type": "Point",
        "coordinates": [
          130.789724,
          32.676442
        ]
      },
      "properties": {
        "NO": "636",
        "共通ID": "E4344400026111",
        "施設・場所名": "世持公民館",
        "住所": "熊本県甲佐町世持315",
        "指定緊急避難場所との住所同一": "",
        "その他市町村長が必要と認める事項": null,
        "受入対象者": null,
        "備考": ""
      }
    },
    {
      "type": "Feature",
      "geometry": {
        "type": "Point",
        "coordinates": [
          130.811958,
          32.638297
        ]
      },
      "properties": {
        "NO": "637",
        "共通ID": "E4344400009121",
        "施設・場所名": "社会福祉法人　綾友会特別養護老人ホーム桜の丘",
        "住所": "熊本県甲佐町西寒野1161",
        "指定緊急避難場所との住所同一": "",
        "その他市町村長が必要と認める事項": "事前に福祉課に要相談",
        "受入対象者": "要介護高齢者、障害者、妊産婦、乳幼児等",
        "備考": ""
      }
    },
    {
      "type": "Feature",
      "geometry": {
        "type": "Point",
        "coordinates": [
          130.816644,
          32.638987
        ]
      },
      "properties": {
        "NO": "638",
        "共通ID": "E4344400020111",
        "施設・場所名": "西寒野公民館",
        "住所": "熊本県甲佐町西寒野247-5",
        "指定緊急避難場所との住所同一": "",
        "その他市町村長が必要と認める事項": null,
        "受入対象者": null,
        "備考": ""
      }
    },
    {
      "type": "Feature",
      "geometry": {
        "type": "Point",
        "coordinates": [
          130.79706,
          32.665706
        ]
      },
      "properties": {
        "NO": "639",
        "共通ID": "E4344400025111",
        "施設・場所名": "船津公民館",
        "住所": "熊本県甲佐町船津763-2",
        "指定緊急避難場所との住所同一": "",
        "その他市町村長が必要と認める事項": null,
        "受入対象者": null,
        "備考": ""
      }
    },
    {
      "type": "Feature",
      "geometry": {
        "type": "Point",
        "coordinates": [
          130.800829,
          32.694917
        ]
      },
      "properties": {
        "NO": "640",
        "共通ID": "E4344400023111",
        "施設・場所名": "北早川公民館",
        "住所": "熊本県甲佐町早川1942",
        "指定緊急避難場所との住所同一": "",
        "その他市町村長が必要と認める事項": null,
        "受入対象者": null,
        "備考": ""
      }
    },
    {
      "type": "Feature",
      "geometry": {
        "type": "Point",
        "coordinates": [
          130.807178,
          32.686538
        ]
      },
      "properties": {
        "NO": "641",
        "共通ID": "E4344400022111",
        "施設・場所名": "早川公民館",
        "住所": "熊本県甲佐町早川780",
        "指定緊急避難場所との住所同一": "",
        "その他市町村長が必要と認める事項": null,
        "受入対象者": null,
        "備考": ""
      }
    },
    {
      "type": "Feature",
      "geometry": {
        "type": "Point",
        "coordinates": [
          130.782621,
          32.693209
        ]
      },
      "properties": {
        "NO": "642",
        "共通ID": "E4344400010121",
        "施設・場所名": "社会福祉法人　五色会ライフサポート　あゆの里",
        "住所": "熊本県甲佐町大字津志田2472",
        "指定緊急避難場所との住所同一": "",
        "その他市町村長が必要と認める事項": "事前に福祉課に要相談",
        "受入対象者": "要介護高齢者、障害者、妊産婦、乳幼児等",
        "備考": ""
      }
    },
    {
      "type": "Feature",
      "geometry": {
        "type": "Point",
        "coordinates": [
          130.78946,
          32.698036
        ]
      },
      "properties": {
        "NO": "643",
        "共通ID": "E4344400011121",
        "施設・場所名": "医療法人　荒瀬会　老人保健施設　緑風苑",
        "住所": "熊本県甲佐町大字白旗271",
        "指定緊急避難場所との住所同一": "",
        "その他市町村長が必要と認める事項": "事前に福祉課に要相談",
        "受入対象者": "要介護高齢者、障害者、妊産婦、乳幼児等",
        "備考": ""
      }
    },
    {
      "type": "Feature",
      "geometry": {
        "type": "Point",
        "coordinates": [
          130.818283,
          32.666763
        ]
      },
      "properties": {
        "NO": "644",
        "共通ID": "E4344400012111",
        "施設・場所名": "甲佐中学校",
        "住所": "熊本県甲佐町中横田300",
        "指定緊急避難場所との住所同一": "1",
        "その他市町村長が必要と認める事項": null,
        "受入対象者": null,
        "備考": ""
      }
    },
    {
      "type": "Feature",
      "geometry": {
        "type": "Point",
        "coordinates": [
          130.789396,
          32.688707
        ]
      },
      "properties": {
        "NO": "645",
        "共通ID": "E4344400027111",
        "施設・場所名": "津志田公民館",
        "住所": "熊本県甲佐町津志田1290",
        "指定緊急避難場所との住所同一": "",
        "その他市町村長が必要と認める事項": null,
        "受入対象者": null,
        "備考": ""
      }
    },
    {
      "type": "Feature",
      "geometry": {
        "type": "Point",
        "coordinates": [
          130.781436,
          32.684725
        ]
      },
      "properties": {
        "NO": "646",
        "共通ID": "E4344400013112",
        "施設・場所名": "乙女小学校",
        "住所": "熊本県甲佐町津志田3073",
        "指定緊急避難場所との住所同一": "1",
        "その他市町村長が必要と認める事項": null,
        "受入対象者": null,
        "備考": ""
      }
    },
    {
      "type": "Feature",
      "geometry": {
        "type": "Point",
        "coordinates": [
          130.781722,
          32.684732
        ]
      },
      "properties": {
        "NO": "647",
        "共通ID": "E4344400013111",
        "施設・場所名": "乙女高齢者福祉センター",
        "住所": "熊本県甲佐町津志田3073",
        "指定緊急避難場所との住所同一": "1",
        "その他市町村長が必要と認める事項": null,
        "受入対象者": null,
        "備考": ""
      }
    },
    {
      "type": "Feature",
      "geometry": {
        "type": "Point",
        "coordinates": [
          130.776986,
          32.69522
        ]
      },
      "properties": {
        "NO": "648",
        "共通ID": "E4344400029111",
        "施設・場所名": "上田口公民館",
        "住所": "熊本県甲佐町田口204-1",
        "指定緊急避難場所との住所同一": "",
        "その他市町村長が必要と認める事項": null,
        "受入対象者": null,
        "備考": ""
      }
    },
    {
      "type": "Feature",
      "geometry": {
        "type": "Point",
        "coordinates": [
          130.77205,
          32.699663
        ]
      },
      "properties": {
        "NO": "649",
        "共通ID": "E4344400028111",
        "施設・場所名": "和田内公民館",
        "住所": "熊本県甲佐町田口2745",
        "指定緊急避難場所との住所同一": "",
        "その他市町村長が必要と認める事項": null,
        "受入対象者": null,
        "備考": ""
      }
    },
    {
      "type": "Feature",
      "geometry": {
        "type": "Point",
        "coordinates": [
          130.787717,
          32.698361
        ]
      },
      "properties": {
        "NO": "650",
        "共通ID": "E4344400014121",
        "施設・場所名": "白旗福祉ふれあいセンター",
        "住所": "熊本県甲佐町白旗216-2",
        "指定緊急避難場所との住所同一": "1",
        "その他市町村長が必要と認める事項": null,
        "受入対象者": null,
        "備考": ""
      }
    },
    {
      "type": "Feature",
      "geometry": {
        "type": "Point",
        "coordinates": [
          130.787664,
          32.698519
        ]
      },
      "properties": {
        "NO": "651",
        "共通ID": "E4344400014111",
        "施設・場所名": "白旗福祉ふれあいセンター",
        "住所": "熊本県甲佐町白旗216-2",
        "指定緊急避難場所との住所同一": "1",
        "その他市町村長が必要と認める事項": null,
        "受入対象者": null,
        "備考": ""
      }
    },
    {
      "type": "Feature",
      "geometry": {
        "type": "Point",
        "coordinates": [
          130.788098,
          32.697219
        ]
      },
      "properties": {
        "NO": "652",
        "共通ID": "E4344400015111",
        "施設・場所名": "白旗小学校",
        "住所": "熊本県甲佐町白旗50",
        "指定緊急避難場所との住所同一": "1",
        "その他市町村長が必要と認める事項": null,
        "受入対象者": null,
        "備考": ""
      }
    },
    {
      "type": "Feature",
      "geometry": {
        "type": "Point",
        "coordinates": [
          130.781648,
          32.701636
        ]
      },
      "properties": {
        "NO": "653",
        "共通ID": "E4344400016111",
        "施設・場所名": "上益城農業協同組合第一営農センター",
        "住所": "熊本県甲佐町白旗543-1",
        "指定緊急避難場所との住所同一": "1",
        "その他市町村長が必要と認める事項": null,
        "受入対象者": null,
        "備考": ""
      }
    },
    {
      "type": "Feature",
      "geometry": {
        "type": "Point",
        "coordinates": [
          130.810735,
          32.647422
        ]
      },
      "properties": {
        "NO": "654",
        "共通ID": "E4344400017111",
        "施設・場所名": "甲佐小学校",
        "住所": "熊本県甲佐町豊内613-1",
        "指定緊急避難場所との住所同一": "1",
        "その他市町村長が必要と認める事項": null,
        "受入対象者": null,
        "備考": ""
      }
    },
    {
      "type": "Feature",
      "geometry": {
        "type": "Point",
        "coordinates": [
          130.80985,
          32.649323
        ]
      },
      "properties": {
        "NO": "655",
        "共通ID": "E4344400018111",
        "施設・場所名": "総合保健福祉センター",
        "住所": "熊本県甲佐町豊内619",
        "指定緊急避難場所との住所同一": "1",
        "その他市町村長が必要と認める事項": null,
        "受入対象者": null,
        "備考": ""
      }
    },
    {
      "type": "Feature",
      "geometry": {
        "type": "Point",
        "coordinates": [
          130.809863,
          32.649457
        ]
      },
      "properties": {
        "NO": "656",
        "共通ID": "E4344400018121",
        "施設・場所名": "総合保健福祉センター",
        "住所": "熊本県甲佐町豊内619",
        "指定緊急避難場所との住所同一": "1",
        "その他市町村長が必要と認める事項": null,
        "受入対象者": null,
        "備考": ""
      }
    },
    {
      "type": "Feature",
      "geometry": {
        "type": "Point",
        "coordinates": [
          130.811327,
          32.65059
        ]
      },
      "properties": {
        "NO": "657",
        "共通ID": "E4344400019111",
        "施設・場所名": "農業研修センター",
        "住所": "熊本県甲佐町豊内719-2",
        "指定緊急避難場所との住所同一": "1",
        "その他市町村長が必要と認める事項": null,
        "受入対象者": null,
        "備考": ""
      }
    },
    {
      "type": "Feature",
      "geometry": {
        "type": "Point",
        "coordinates": [
          130.812677,
          32.650749
        ]
      },
      "properties": {
        "NO": "658",
        "共通ID": "E4344400021121",
        "施設・場所名": "甲佐団地集会所",
        "住所": "熊本県甲佐町豊内776",
        "指定緊急避難場所との住所同一": "1",
        "その他市町村長が必要と認める事項": "事前に福祉課に要相談",
        "受入対象者": "要介護高齢者、障害者、妊産婦、乳幼児等",
        "備考": ""
      }
    },
    {
      "type": "Feature",
      "geometry": {
        "type": "Point",
        "coordinates": [
          130.808801,
          32.645301
        ]
      },
      "properties": {
        "NO": "659",
        "共通ID": "E4344400031121",
        "施設・場所名": "社会福祉法人　五色会養護老人ホーム　緑川荘",
        "住所": "熊本県甲佐町緑町50",
        "指定緊急避難場所との住所同一": "",
        "その他市町村長が必要と認める事項": "事前に福祉課に要相談",
        "受入対象者": "要介護高齢者、障害者、妊産婦、乳幼児等",
        "備考": ""
      }
    },
    {
      "type": "Feature",
      "geometry": {
        "type": "Point",
        "coordinates": [
          130.459143,
          32.980505
        ]
      },
      "properties": {
        "NO": "660",
        "共通ID": "E4320400025111",
        "施設・場所名": "中央小学校",
        "住所": "熊本県荒尾4043",
        "指定緊急避難場所との住所同一": "",
        "その他市町村長が必要と認める事項": "",
        "受入対象者": "",
        "備考": ""
      }
    },
    {
      "type": "Feature",
      "geometry": {
        "type": "Point",
        "coordinates": [
          130.439497,
          32.966522
        ]
      },
      "properties": {
        "NO": "661",
        "共通ID": "E4320400001111",
        "施設・場所名": "有明小学校",
        "住所": "熊本県荒尾市一部305",
        "指定緊急避難場所との住所同一": "1",
        "その他市町村長が必要と認める事項": null,
        "受入対象者": null,
        "備考": ""
      }
    },
    {
      "type": "Feature",
      "geometry": {
        "type": "Point",
        "coordinates": [
          130.458639,
          33.00248
        ]
      },
      "properties": {
        "NO": "662",
        "共通ID": "E4320400002111",
        "施設・場所名": "深瀬の森体育館",
        "住所": "熊本県荒尾市下井手193",
        "指定緊急避難場所との住所同一": "",
        "その他市町村長が必要と認める事項": null,
        "受入対象者": null,
        "備考": ""
      }
    },
    {
      "type": "Feature",
      "geometry": {
        "type": "Point",
        "coordinates": [
          130.499121,
          32.963525
        ]
      },
      "properties": {
        "NO": "663",
        "共通ID": "E4320400003111",
        "施設・場所名": "府本小学校",
        "住所": "熊本県荒尾市樺2313-2",
        "指定緊急避難場所との住所同一": "",
        "その他市町村長が必要と認める事項": null,
        "受入対象者": null,
        "備考": ""
      }
    },
    {
      "type": "Feature",
      "geometry": {
        "type": "Point",
        "coordinates": [
          130.448899,
          32.986818
        ]
      },
      "properties": {
        "NO": "664",
        "共通ID": "E4320400004111",
        "施設・場所名": "松ヶ浦環境センター",
        "住所": "熊本県荒尾市宮内1081",
        "指定緊急避難場所との住所同一": "",
        "その他市町村長が必要と認める事項": null,
        "受入対象者": null,
        "備考": ""
      }
    },
    {
      "type": "Feature",
      "geometry": {
        "type": "Point",
        "coordinates": [
          130.43302,
          32.98674
        ]
      },
      "properties": {
        "NO": "665",
        "共通ID": "E4320400005111",
        "施設・場所名": "荒尾市役所",
        "住所": "熊本県荒尾市宮内出目390",
        "指定緊急避難場所との住所同一": "",
        "その他市町村長が必要と認める事項": null,
        "受入対象者": null,
        "備考": ""
      }
    },
    {
      "type": "Feature",
      "geometry": {
        "type": "Point",
        "coordinates": [
          130.447137,
          32.949563
        ]
      },
      "properties": {
        "NO": "666",
        "共通ID": "E4320400006111",
        "施設・場所名": "清里小学校",
        "住所": "熊本県荒尾市牛水1555",
        "指定緊急避難場所との住所同一": "1",
        "その他市町村長が必要と認める事項": null,
        "受入対象者": null,
        "備考": ""
      }
    },
    {
      "type": "Feature",
      "geometry": {
        "type": "Point",
        "coordinates": [
          130.451393,
          33.000389
        ]
      },
      "properties": {
        "NO": "667",
        "共通ID": "E4320400007111",
        "施設・場所名": "万田炭鉱館",
        "住所": "熊本県荒尾市原万田213-31",
        "指定緊急避難場所との住所同一": "1",
        "その他市町村長が必要と認める事項": null,
        "受入対象者": null,
        "備考": ""
      }
    },
    {
      "type": "Feature",
      "geometry": {
        "type": "Point",
        "coordinates": [
          130.438678,
          32.978438
        ]
      },
      "properties": {
        "NO": "668",
        "共通ID": "E4320400008111",
        "施設・場所名": "荒尾海陽中学校",
        "住所": "熊本県荒尾市荒尾1828",
        "指定緊急避難場所との住所同一": "",
        "その他市町村長が必要と認める事項": null,
        "受入対象者": null,
        "備考": ""
      }
    },
    {
      "type": "Feature",
      "geometry": {
        "type": "Point",
        "coordinates": [
          130.463718,
          32.984853
        ]
      },
      "properties": {
        "NO": "669",
        "共通ID": "E4320400010111",
        "施設・場所名": "荒尾総合文化センター",
        "住所": "熊本県荒尾市荒尾4186-19",
        "指定緊急避難場所との住所同一": "1",
        "その他市町村長が必要と認める事項": null,
        "受入対象者": null,
        "備考": ""
      }
    },
    {
      "type": "Feature",
      "geometry": {
        "type": "Point",
        "coordinates": [
          130.468272,
          32.984933
        ]
      },
      "properties": {
        "NO": "670",
        "共通ID": "E4320400011111",
        "施設・場所名": "緑ケ丘小学校",
        "住所": "熊本県荒尾市荒尾4238",
        "指定緊急避難場所との住所同一": "",
        "その他市町村長が必要と認める事項": null,
        "受入対象者": null,
        "備考": ""
      }
    },
    {
      "type": "Feature",
      "geometry": {
        "type": "Point",
        "coordinates": [
          130.460967,
          32.985745
        ]
      },
      "properties": {
        "NO": "671",
        "共通ID": "E4320400012111",
        "施設・場所名": "東大谷体育館",
        "住所": "熊本県荒尾市荒尾4409",
        "指定緊急避難場所との住所同一": "",
        "その他市町村長が必要と認める事項": null,
        "受入対象者": null,
        "備考": ""
      }
    },
    {
      "type": "Feature",
      "geometry": {
        "type": "Point",
        "coordinates": [
          130.437195,
          32.981961
        ]
      },
      "properties": {
        "NO": "672",
        "共通ID": "E4320400013111",
        "施設・場所名": "荒尾第一小学校",
        "住所": "熊本県荒尾市荒尾981-2",
        "指定緊急避難場所との住所同一": "1",
        "その他市町村長が必要と認める事項": null,
        "受入対象者": null,
        "備考": ""
      }
    },
    {
      "type": "Feature",
      "geometry": {
        "type": "Point",
        "coordinates": [
          130.457185,
          32.967826
        ]
      },
      "properties": {
        "NO": "673",
        "共通ID": "E4320400014111",
        "施設・場所名": "桜山小学校",
        "住所": "熊本県荒尾市桜山町3-25-1",
        "指定緊急避難場所との住所同一": "1",
        "その他市町村長が必要と認める事項": null,
        "受入対象者": null,
        "備考": ""
      }
    },
    {
      "type": "Feature",
      "geometry": {
        "type": "Point",
        "coordinates": [
          130.488641,
          32.998721
        ]
      },
      "properties": {
        "NO": "674",
        "共通ID": "E4320400015111",
        "施設・場所名": "平井小学校",
        "住所": "熊本県荒尾市上井手1108",
        "指定緊急避難場所との住所同一": "",
        "その他市町村長が必要と認める事項": null,
        "受入対象者": null,
        "備考": ""
      }
    },
    {
      "type": "Feature",
      "geometry": {
        "type": "Point",
        "coordinates": [
          130.463661,
          32.973437
        ]
      },
      "properties": {
        "NO": "675",
        "共通ID": "E4320400016111",
        "施設・場所名": "ふれあい福祉センター",
        "住所": "熊本県荒尾市川登1777-12",
        "指定緊急避難場所との住所同一": "",
        "その他市町村長が必要と認める事項": null,
        "受入対象者": null,
        "備考": ""
      }
    },
    {
      "type": "Feature",
      "geometry": {
        "type": "Point",
        "coordinates": [
          130.436191,
          32.973238
        ]
      },
      "properties": {
        "NO": "676",
        "共通ID": "E4320400017111",
        "施設・場所名": "中央公民館",
        "住所": "熊本県荒尾市増永633",
        "指定緊急避難場所との住所同一": "",
        "その他市町村長が必要と認める事項": null,
        "受入対象者": null,
        "備考": ""
      }
    },
    {
      "type": "Feature",
      "geometry": {
        "type": "Point",
        "coordinates": [
          130.433499,
          32.998421
        ]
      },
      "properties": {
        "NO": "677",
        "共通ID": "E4320400018111",
        "施設・場所名": "メディア交流館",
        "住所": "熊本県荒尾市大正町2-3-2",
        "指定緊急避難場所との住所同一": "",
        "その他市町村長が必要と認める事項": null,
        "受入対象者": null,
        "備考": ""
      }
    },
    {
      "type": "Feature",
      "geometry": {
        "type": "Point",
        "coordinates": [
          130.489075,
          32.990806
        ]
      },
      "properties": {
        "NO": "678",
        "共通ID": "E4320400019111",
        "施設・場所名": "みどり蒼生館",
        "住所": "熊本県荒尾市平山2119-3",
        "指定緊急避難場所との住所同一": "1",
        "その他市町村長が必要と認める事項": null,
        "受入対象者": null,
        "備考": ""
      }
    },
    {
      "type": "Feature",
      "geometry": {
        "type": "Point",
        "coordinates": [
          130.475493,
          32.989008
        ]
      },
      "properties": {
        "NO": "679",
        "共通ID": "E4320400020111",
        "施設・場所名": "荒尾第三中学校",
        "住所": "熊本県荒尾市本井手700",
        "指定緊急避難場所との住所同一": "",
        "その他市町村長が必要と認める事項": null,
        "受入対象者": null,
        "備考": ""
      }
    },
    {
      "type": "Feature",
      "geometry": {
        "type": "Point",
        "coordinates": [
          130.443626,
          32.999658
        ]
      },
      "properties": {
        "NO": "680",
        "共通ID": "E4320400021111",
        "施設・場所名": "万田中央体育館",
        "住所": "熊本県荒尾市万田178",
        "指定緊急避難場所との住所同一": "",
        "その他市町村長が必要と認める事項": null,
        "受入対象者": null,
        "備考": ""
      }
    },
    {
      "type": "Feature",
      "geometry": {
        "type": "Point",
        "coordinates": [
          130.436625,
          32.999883
        ]
      },
      "properties": {
        "NO": "681",
        "共通ID": "E4320400022111",
        "施設・場所名": "万田小学校",
        "住所": "熊本県荒尾市万田696-1",
        "指定緊急避難場所との住所同一": "1",
        "その他市町村長が必要と認める事項": null,
        "受入対象者": null,
        "備考": ""
      }
    },
    {
      "type": "Feature",
      "geometry": {
        "type": "Point",
        "coordinates": [
          130.482528,
          32.960647
        ]
      },
      "properties": {
        "NO": "682",
        "共通ID": "E4320400023111",
        "施設・場所名": "小岱工芸館",
        "住所": "熊本県荒尾市野原1523",
        "指定緊急避難場所との住所同一": "1",
        "その他市町村長が必要と認める事項": null,
        "受入対象者": null,
        "備考": ""
      }
    },
    {
      "type": "Feature",
      "geometry": {
        "type": "Point",
        "coordinates": [
          130.48134,
          32.962202
        ]
      },
      "properties": {
        "NO": "683",
        "共通ID": "E4320400024111",
        "施設・場所名": "荒尾第四中学校",
        "住所": "熊本県荒尾市野原1528",
        "指定緊急避難場所との住所同一": "",
        "その他市町村長が必要と認める事項": null,
        "受入対象者": null,
        "備考": ""
      }
    },
    {
      "type": "Feature",
      "geometry": {
        "type": "Point",
        "coordinates": [
          131.247301,
          32.886182
        ]
      },
      "properties": {
        "NO": "684",
        "共通ID": "E4342800001111",
        "施設・場所名": "河原総合センター",
        "住所": "熊本県高森町大字河原1138-1",
        "指定緊急避難場所との住所同一": "",
        "その他市町村長が必要と認める事項": null,
        "受入対象者": null,
        "備考": ""
      }
    },
    {
      "type": "Feature",
      "geometry": {
        "type": "Point",
        "coordinates": [
          131.241592,
          32.885076
        ]
      },
      "properties": {
        "NO": "685",
        "共通ID": "E4342800002111",
        "施設・場所名": "河原生涯学習センター体育館",
        "住所": "熊本県高森町大字河原2113-1",
        "指定緊急避難場所との住所同一": "1",
        "その他市町村長が必要と認める事項": null,
        "受入対象者": null,
        "備考": ""
      }
    },
    {
      "type": "Feature",
      "geometry": {
        "type": "Point",
        "coordinates": [
          131.215263,
          32.784787
        ]
      },
      "properties": {
        "NO": "686",
        "共通ID": "E4342800003111",
        "施設・場所名": "草部生涯学習センター体育館",
        "住所": "熊本県高森町大字芹口1533",
        "指定緊急避難場所との住所同一": "1",
        "その他市町村長が必要と認める事項": null,
        "受入対象者": null,
        "備考": ""
      }
    },
    {
      "type": "Feature",
      "geometry": {
        "type": "Point",
        "coordinates": [
          131.126809,
          32.813841
        ]
      },
      "properties": {
        "NO": "687",
        "共通ID": "E4342800004111",
        "施設・場所名": "高森中央小学校体育館",
        "住所": "熊本県高森町大字高森1100",
        "指定緊急避難場所との住所同一": "1",
        "その他市町村長が必要と認める事項": null,
        "受入対象者": null,
        "備考": ""
      }
    },
    {
      "type": "Feature",
      "geometry": {
        "type": "Point",
        "coordinates": [
          131.126677,
          32.815822
        ]
      },
      "properties": {
        "NO": "688",
        "共通ID": "E4342800005111",
        "施設・場所名": "高森芙蓉館",
        "住所": "熊本県高森町大字高森1258-1",
        "指定緊急避難場所との住所同一": "",
        "その他市町村長が必要と認める事項": null,
        "受入対象者": null,
        "備考": ""
      }
    },
    {
      "type": "Feature",
      "geometry": {
        "type": "Point",
        "coordinates": [
          131.122976,
          32.820422
        ]
      },
      "properties": {
        "NO": "689",
        "共通ID": "E4342800006111",
        "施設・場所名": "昭和地区公民館",
        "住所": "熊本県高森町大字高森1539-3",
        "指定緊急避難場所との住所同一": "",
        "その他市町村長が必要と認める事項": null,
        "受入対象者": null,
        "備考": ""
      }
    },
    {
      "type": "Feature",
      "geometry": {
        "type": "Point",
        "coordinates": [
          131.125101,
          32.8209
        ]
      },
      "properties": {
        "NO": "690",
        "共通ID": "E4342800007111",
        "施設・場所名": "高森高校",
        "住所": "熊本県高森町大字高森1557",
        "指定緊急避難場所との住所同一": "",
        "その他市町村長が必要と認める事項": null,
        "受入対象者": null,
        "備考": ""
      }
    },
    {
      "type": "Feature",
      "geometry": {
        "type": "Point",
        "coordinates": [
          131.125942,
          32.818455
        ]
      },
      "properties": {
        "NO": "691",
        "共通ID": "E4342800009111",
        "施設・場所名": "高森町観光交流センター",
        "住所": "熊本県高森町大字高森1614-3",
        "指定緊急避難場所との住所同一": "",
        "その他市町村長が必要と認める事項": null,
        "受入対象者": null,
        "備考": ""
      }
    },
    {
      "type": "Feature",
      "geometry": {
        "type": "Point",
        "coordinates": [
          131.12381,
          32.822668
        ]
      },
      "properties": {
        "NO": "692",
        "共通ID": "E4342800010111",
        "施設・場所名": "高森中学校体育館",
        "住所": "熊本県高森町大字高森1955",
        "指定緊急避難場所との住所同一": "1",
        "その他市町村長が必要と認める事項": null,
        "受入対象者": null,
        "備考": ""
      }
    },
    {
      "type": "Feature",
      "geometry": {
        "type": "Point",
        "coordinates": [
          131.121774,
          32.827516
        ]
      },
      "properties": {
        "NO": "693",
        "共通ID": "E4342800011111",
        "施設・場所名": "高森総合センター",
        "住所": "熊本県高森町大字高森2168",
        "指定緊急避難場所との住所同一": "",
        "その他市町村長が必要と認める事項": null,
        "受入対象者": null,
        "備考": ""
      }
    },
    {
      "type": "Feature",
      "geometry": {
        "type": "Point",
        "coordinates": [
          131.148723,
          32.846289
        ]
      },
      "properties": {
        "NO": "694",
        "共通ID": "E4342800015111",
        "施設・場所名": "高森町民体育館",
        "住所": "熊本県高森町大字上色見2813",
        "指定緊急避難場所との住所同一": "",
        "その他市町村長が必要と認める事項": null,
        "受入対象者": null,
        "備考": ""
      }
    },
    {
      "type": "Feature",
      "geometry": {
        "type": "Point",
        "coordinates": [
          131.121877,
          32.843375
        ]
      },
      "properties": {
        "NO": "695",
        "共通ID": "E4342800017112",
        "施設・場所名": "色見総合センター",
        "住所": "熊本県高森町大字色見1135",
        "指定緊急避難場所との住所同一": "",
        "その他市町村長が必要と認める事項": null,
        "受入対象者": null,
        "備考": ""
      }
    },
    {
      "type": "Feature",
      "geometry": {
        "type": "Point",
        "coordinates": [
          131.122049,
          32.843428
        ]
      },
      "properties": {
        "NO": "696",
        "共通ID": "E4342800017111",
        "施設・場所名": "色見保育園",
        "住所": "熊本県高森町大字色見1135",
        "指定緊急避難場所との住所同一": "",
        "その他市町村長が必要と認める事項": null,
        "受入対象者": null,
        "備考": ""
      }
    },
    {
      "type": "Feature",
      "geometry": {
        "type": "Point",
        "coordinates": [
          131.122271,
          32.843213
        ]
      },
      "properties": {
        "NO": "697",
        "共通ID": "E4342800018111",
        "施設・場所名": "色見生涯学習センター体育館",
        "住所": "熊本県高森町大字色見1136",
        "指定緊急避難場所との住所同一": "1",
        "その他市町村長が必要と認める事項": null,
        "受入対象者": null,
        "備考": ""
      }
    },
    {
      "type": "Feature",
      "geometry": {
        "type": "Point",
        "coordinates": [
          131.216143,
          32.781955
        ]
      },
      "properties": {
        "NO": "698",
        "共通ID": "E4342800019111",
        "施設・場所名": "草部総合センター",
        "住所": "熊本県高森町大字草部2286",
        "指定緊急避難場所との住所同一": "1",
        "その他市町村長が必要と認める事項": null,
        "受入対象者": null,
        "備考": ""
      }
    },
    {
      "type": "Feature",
      "geometry": {
        "type": "Point",
        "coordinates": [
          131.261753,
          32.830442
        ]
      },
      "properties": {
        "NO": "699",
        "共通ID": "E4342800020111",
        "施設・場所名": "高森町朋遊館",
        "住所": "熊本県高森町大字津留43-1",
        "指定緊急避難場所との住所同一": "1",
        "その他市町村長が必要と認める事項": null,
        "受入対象者": null,
        "備考": ""
      }
    },
    {
      "type": "Feature",
      "geometry": {
        "type": "Point",
        "coordinates": [
          131.256484,
          32.859068
        ]
      },
      "properties": {
        "NO": "700",
        "共通ID": "E4342800021111",
        "施設・場所名": "尾下体育館",
        "住所": "熊本県高森町大字尾下3920",
        "指定緊急避難場所との住所同一": "1",
        "その他市町村長が必要と認める事項": null,
        "受入対象者": null,
        "備考": ""
      }
    },
    {
      "type": "Feature",
      "geometry": {
        "type": "Point",
        "coordinates": [
          131.245613,
          32.824529
        ]
      },
      "properties": {
        "NO": "701",
        "共通ID": "E4342800022111",
        "施設・場所名": "高森東学園義務教育学校（旧小学校）体育館",
        "住所": "熊本県高森町大字野尻1897",
        "指定緊急避難場所との住所同一": "1",
        "その他市町村長が必要と認める事項": null,
        "受入対象者": null,
        "備考": ""
      }
    },
    {
      "type": "Feature",
      "geometry": {
        "type": "Point",
        "coordinates": [
          131.244696,
          32.825722
        ]
      },
      "properties": {
        "NO": "702",
        "共通ID": "E4342800023111",
        "施設・場所名": "高森東学園義務教育学校（旧中学校）体育館",
        "住所": "熊本県高森町大字野尻1912",
        "指定緊急避難場所との住所同一": "",
        "その他市町村長が必要と認める事項": null,
        "受入対象者": null,
        "備考": ""
      }
    },
    {
      "type": "Feature",
      "geometry": {
        "type": "Point",
        "coordinates": [
          131.192512,
          32.823593
        ]
      },
      "properties": {
        "NO": "703",
        "共通ID": "E4342800024111",
        "施設・場所名": "高森自然学校",
        "住所": "熊本県高森町大字矢津田223",
        "指定緊急避難場所との住所同一": "1",
        "その他市町村長が必要と認める事項": null,
        "受入対象者": null,
        "備考": ""
      }
    },
    {
      "type": "Feature",
      "geometry": {
        "type": "Point",
        "coordinates": [
          130.774368,
          32.907983
        ]
      },
      "properties": {
        "NO": "704",
        "共通ID": "E4321600001111",
        "施設・場所名": "栄体育館",
        "住所": "熊本県合志市栄1230-1",
        "指定緊急避難場所との住所同一": "1",
        "その他市町村長が必要と認める事項": "",
        "受入対象者": "",
        "備考": ""
      }
    },
    {
      "type": "Feature",
      "geometry": {
        "type": "Point",
        "coordinates": [
          130.77088,
          32.901129
        ]
      },
      "properties": {
        "NO": "705",
        "共通ID": "E4321600003111",
        "施設・場所名": "栄市民センター「みどり館」",
        "住所": "熊本県合志市栄2371",
        "指定緊急避難場所との住所同一": "1",
        "その他市町村長が必要と認める事項": "",
        "受入対象者": "",
        "備考": ""
      }
    },
    {
      "type": "Feature",
      "geometry": {
        "type": "Point",
        "coordinates": [
          130.756366,
          32.878614
        ]
      },
      "properties": {
        "NO": "706",
        "共通ID": "E4321600050113",
        "施設・場所名": "合志楓の森小・中学校",
        "住所": "熊本県合志市栄3793-5",
        "指定緊急避難場所との住所同一": "1",
        "その他市町村長が必要と認める事項": "",
        "受入対象者": "",
        "備考": ""
      }
    },
    {
      "type": "Feature",
      "geometry": {
        "type": "Point",
        "coordinates": [
          130.772455,
          32.863384
        ]
      },
      "properties": {
        "NO": "707",
        "共通ID": "E4321600008111",
        "施設・場所名": "南ヶ丘小学校",
        "住所": "熊本県合志市幾久富1909-101",
        "指定緊急避難場所との住所同一": "1",
        "その他市町村長が必要と認める事項": "",
        "受入対象者": "",
        "備考": ""
      }
    },
    {
      "type": "Feature",
      "geometry": {
        "type": "Point",
        "coordinates": [
          130.768842,
          32.869327
        ]
      },
      "properties": {
        "NO": "708",
        "共通ID": "E4321600010111",
        "施設・場所名": "泉ヶ丘体育館・泉ヶ丘市民センター",
        "住所": "熊本県合志市幾久富1947-7",
        "指定緊急避難場所との住所同一": "1",
        "その他市町村長が必要と認める事項": "",
        "受入対象者": "",
        "備考": ""
      }
    },
    {
      "type": "Feature",
      "geometry": {
        "type": "Point",
        "coordinates": [
          130.744633,
          32.890301
        ]
      },
      "properties": {
        "NO": "709",
        "共通ID": "E4321600011111",
        "施設・場所名": "御代志市民センター",
        "住所": "熊本県合志市御代志1661-16",
        "指定緊急避難場所との住所同一": "1",
        "その他市町村長が必要と認める事項": "",
        "受入対象者": "",
        "備考": ""
      }
    },
    {
      "type": "Feature",
      "geometry": {
        "type": "Point",
        "coordinates": [
          130.757673,
          32.913939
        ]
      },
      "properties": {
        "NO": "710",
        "共通ID": "E4321600013111",
        "施設・場所名": "西合志第一小学校",
        "住所": "熊本県合志市合生2197",
        "指定緊急避難場所との住所同一": "1",
        "その他市町村長が必要と認める事項": "",
        "受入対象者": "",
        "備考": ""
      }
    },
    {
      "type": "Feature",
      "geometry": {
        "type": "Point",
        "coordinates": [
          130.753765,
          32.913741
        ]
      },
      "properties": {
        "NO": "711",
        "共通ID": "E4321600014111",
        "施設・場所名": "合生文化会館",
        "住所": "熊本県合志市合生3616",
        "指定緊急避難場所との住所同一": "1",
        "その他市町村長が必要と認める事項": "",
        "受入対象者": "",
        "備考": ""
      }
    },
    {
      "type": "Feature",
      "geometry": {
        "type": "Point",
        "coordinates": [
          130.791455,
          32.894941
        ]
      },
      "properties": {
        "NO": "712",
        "共通ID": "E4321600016111",
        "施設・場所名": "合志小学校",
        "住所": "熊本県合志市上庄55",
        "指定緊急避難場所との住所同一": "1",
        "その他市町村長が必要と認める事項": "",
        "受入対象者": "",
        "備考": ""
      }
    },
    {
      "type": "Feature",
      "geometry": {
        "type": "Point",
        "coordinates": [
          130.739232,
          32.857254
        ]
      },
      "properties": {
        "NO": "713",
        "共通ID": "E4321600017111",
        "施設・場所名": "須屋市民センター",
        "住所": "熊本県合志市須屋1399",
        "指定緊急避難場所との住所同一": "1",
        "その他市町村長が必要と認める事項": "",
        "受入対象者": "",
        "備考": ""
      }
    },
    {
      "type": "Feature",
      "geometry": {
        "type": "Point",
        "coordinates": [
          130.735225,
          32.862575
        ]
      },
      "properties": {
        "NO": "714",
        "共通ID": "E4321600018111",
        "施設・場所名": "西合志南小学校",
        "住所": "熊本県合志市須屋1873",
        "指定緊急避難場所との住所同一": "1",
        "その他市町村長が必要と認める事項": "",
        "受入対象者": "",
        "備考": ""
      }
    },
    {
      "type": "Feature",
      "geometry": {
        "type": "Point",
        "coordinates": [
          130.733041,
          32.859549
        ]
      },
      "properties": {
        "NO": "715",
        "共通ID": "E4321600019111",
        "施設・場所名": "妙泉寺体育館",
        "住所": "熊本県合志市須屋1957",
        "指定緊急避難場所との住所同一": "",
        "その他市町村長が必要と認める事項": "",
        "受入対象者": "",
        "備考": ""
      }
    },
    {
      "type": "Feature",
      "geometry": {
        "type": "Point",
        "coordinates": [
          130.733477,
          32.873671
        ]
      },
      "properties": {
        "NO": "716",
        "共通ID": "E4321600020121",
        "施設・場所名": "保健福祉センター　ふれあい館",
        "住所": "熊本県合志市須屋2251-1",
        "指定緊急避難場所との住所同一": "",
        "その他市町村長が必要と認める事項": "",
        "受入対象者": "要配慮者とその家族",
        "備考": ""
      }
    },
    {
      "type": "Feature",
      "geometry": {
        "type": "Point",
        "coordinates": [
          130.733974,
          32.873905
        ]
      },
      "properties": {
        "NO": "717",
        "共通ID": "E4321600021111",
        "施設・場所名": "老人憩いの家",
        "住所": "熊本県合志市須屋2267-3",
        "指定緊急避難場所との住所同一": "1",
        "その他市町村長が必要と認める事項": "",
        "受入対象者": "",
        "備考": ""
      }
    },
    {
      "type": "Feature",
      "geometry": {
        "type": "Point",
        "coordinates": [
          130.744056,
          32.871556
        ]
      },
      "properties": {
        "NO": "718",
        "共通ID": "E4321600022111",
        "施設・場所名": "黒石体育館",
        "住所": "熊本県合志市須屋2788",
        "指定緊急避難場所との住所同一": "",
        "その他市町村長が必要と認める事項": "",
        "受入対象者": "",
        "備考": ""
      }
    },
    {
      "type": "Feature",
      "geometry": {
        "type": "Point",
        "coordinates": [
          130.748028,
          32.867108
        ]
      },
      "properties": {
        "NO": "719",
        "共通ID": "E4321600023111",
        "施設・場所名": "黒石防災拠点センター",
        "住所": "熊本県合志市須屋2811-2",
        "指定緊急避難場所との住所同一": "1",
        "その他市町村長が必要と認める事項": "",
        "受入対象者": "",
        "備考": ""
      }
    },
    {
      "type": "Feature",
      "geometry": {
        "type": "Point",
        "coordinates": [
          130.740925,
          32.865817
        ]
      },
      "properties": {
        "NO": "720",
        "共通ID": "E4321600024111",
        "施設・場所名": "西合志東小学校",
        "住所": "熊本県合志市須屋2948",
        "指定緊急避難場所との住所同一": "1",
        "その他市町村長が必要と認める事項": "",
        "受入対象者": "",
        "備考": ""
      }
    },
    {
      "type": "Feature",
      "geometry": {
        "type": "Point",
        "coordinates": [
          130.741964,
          32.866159
        ]
      },
      "properties": {
        "NO": "721",
        "共通ID": "E4321600025111",
        "施設・場所名": "西合志南中学校",
        "住所": "熊本県合志市須屋2956",
        "指定緊急避難場所との住所同一": "1",
        "その他市町村長が必要と認める事項": "",
        "受入対象者": "",
        "備考": ""
      }
    },
    {
      "type": "Feature",
      "geometry": {
        "type": "Point",
        "coordinates": [
          130.78987,
          32.88594
        ]
      },
      "properties": {
        "NO": "722",
        "共通ID": "E4321600028111",
        "施設・場所名": "合志市防災拠点センター",
        "住所": "熊本県合志市竹迫2140",
        "指定緊急避難場所との住所同一": "1",
        "その他市町村長が必要と認める事項": "",
        "受入対象者": "",
        "備考": ""
      }
    },
    {
      "type": "Feature",
      "geometry": {
        "type": "Point",
        "coordinates": [
          130.790678,
          32.886123
        ]
      },
      "properties": {
        "NO": "723",
        "共通ID": "E4321600031111",
        "施設・場所名": "総合センター「ヴィーブル」",
        "住所": "熊本県合志市福原2922",
        "指定緊急避難場所との住所同一": "1",
        "その他市町村長が必要と認める事項": "",
        "受入対象者": "",
        "備考": ""
      }
    },
    {
      "type": "Feature",
      "geometry": {
        "type": "Point",
        "coordinates": [
          130.770422,
          32.872189
        ]
      },
      "properties": {
        "NO": "724",
        "共通ID": "E4321600039111",
        "施設・場所名": "合志南小学校",
        "住所": "熊本県合志市豊岡2224-29",
        "指定緊急避難場所との住所同一": "1",
        "その他市町村長が必要と認める事項": "",
        "受入対象者": "",
        "備考": ""
      }
    },
    {
      "type": "Feature",
      "geometry": {
        "type": "Point",
        "coordinates": [
          130.789453,
          32.889508
        ]
      },
      "properties": {
        "NO": "725",
        "共通ID": "E4321600043111",
        "施設・場所名": "合志中学校",
        "住所": "熊本県合志市豊岡955",
        "指定緊急避難場所との住所同一": "1",
        "その他市町村長が必要と認める事項": "",
        "受入対象者": "",
        "備考": ""
      }
    },
    {
      "type": "Feature",
      "geometry": {
        "type": "Point",
        "coordinates": [
          130.732216,
          32.892759
        ]
      },
      "properties": {
        "NO": "726",
        "共通ID": "E4321600044111",
        "施設・場所名": "ユーパレス弁天",
        "住所": "熊本県合志市野々島2441-1",
        "指定緊急避難場所との住所同一": "1",
        "その他市町村長が必要と認める事項": "",
        "受入対象者": "",
        "備考": ""
      }
    },
    {
      "type": "Feature",
      "geometry": {
        "type": "Point",
        "coordinates": [
          130.74403,
          32.898831
        ]
      },
      "properties": {
        "NO": "727",
        "共通ID": "E4321600045111",
        "施設・場所名": "西合志中学校",
        "住所": "熊本県合志市野々島4393-1",
        "指定緊急避難場所との住所同一": "1",
        "その他市町村長が必要と認める事項": "",
        "受入対象者": "",
        "備考": ""
      }
    },
    {
      "type": "Feature",
      "geometry": {
        "type": "Point",
        "coordinates": [
          130.742791,
          32.908317
        ]
      },
      "properties": {
        "NO": "728",
        "共通ID": "E4321600047111",
        "施設・場所名": "西合志中央小学校",
        "住所": "熊本県合志市野々島4832",
        "指定緊急避難場所との住所同一": "1",
        "その他市町村長が必要と認める事項": "",
        "受入対象者": "",
        "備考": ""
      }
    },
    {
      "type": "Feature",
      "geometry": {
        "type": "Point",
        "coordinates": [
          130.738521,
          32.906602
        ]
      },
      "properties": {
        "NO": "729",
        "共通ID": "E4321600048111",
        "施設・場所名": "野々島防災拠点センター",
        "住所": "熊本県合志市野々島4855",
        "指定緊急避難場所との住所同一": "1",
        "その他市町村長が必要と認める事項": "",
        "受入対象者": "",
        "備考": ""
      }
    },
    {
      "type": "Feature",
      "geometry": {
        "type": "Point",
        "coordinates": [
          130.773475,
          32.242077
        ]
      },
      "properties": {
        "NO": "730",
        "共通ID": "E4351200001121",
        "施設・場所名": "介護老人保健施設　つつじのさと",
        "住所": "熊本県山江村大字山田乙1705",
        "指定緊急避難場所との住所同一": "",
        "その他市町村長が必要と認める事項": "",
        "受入対象者": "要配慮者",
        "備考": ""
      }
    },
    {
      "type": "Feature",
      "geometry": {
        "type": "Point",
        "coordinates": [
          130.772857,
          32.243585
        ]
      },
      "properties": {
        "NO": "731",
        "共通ID": "E4351200003111",
        "施設・場所名": "山田小学校体育館",
        "住所": "熊本県山江村大字山田乙2030",
        "指定緊急避難場所との住所同一": "1",
        "その他市町村長が必要と認める事項": null,
        "受入対象者": null,
        "備考": ""
      }
    },
    {
      "type": "Feature",
      "geometry": {
        "type": "Point",
        "coordinates": [
          130.773511,
          32.243164
        ]
      },
      "properties": {
        "NO": "732",
        "共通ID": "E4351200003112",
        "施設・場所名": "山田小学校グラウンド",
        "住所": "熊本県山江村大字山田乙2030",
        "指定緊急避難場所との住所同一": "1",
        "その他市町村長が必要と認める事項": "",
        "受入対象者": "",
        "備考": "車中泊用避難所"
      }
    },
    {
      "type": "Feature",
      "geometry": {
        "type": "Point",
        "coordinates": [
          130.766635,
          32.246046
        ]
      },
      "properties": {
        "NO": "733",
        "共通ID": "E4351200007111",
        "施設・場所名": "山江村体育館",
        "住所": "熊本県山江村大字山田甲1353-1",
        "指定緊急避難場所との住所同一": "1",
        "その他市町村長が必要と認める事項": null,
        "受入対象者": null,
        "備考": ""
      }
    },
    {
      "type": "Feature",
      "geometry": {
        "type": "Point",
        "coordinates": [
          130.767378,
          32.246761
        ]
      },
      "properties": {
        "NO": "734",
        "共通ID": "E4351200008111",
        "施設・場所名": "山江村農村環境改善センター",
        "住所": "熊本県山江村大字山田甲1356-1",
        "指定緊急避難場所との住所同一": "1",
        "その他市町村長が必要と認める事項": null,
        "受入対象者": null,
        "備考": ""
      }
    },
    {
      "type": "Feature",
      "geometry": {
        "type": "Point",
        "coordinates": [
          130.770995,
          32.252306
        ]
      },
      "properties": {
        "NO": "735",
        "共通ID": "E4351200017111",
        "施設・場所名": "山江保育園",
        "住所": "熊本県山江村大字山田丁189",
        "指定緊急避難場所との住所同一": "1",
        "その他市町村長が必要と認める事項": "",
        "受入対象者": "",
        "備考": ""
      }
    },
    {
      "type": "Feature",
      "geometry": {
        "type": "Point",
        "coordinates": [
          130.769242,
          32.251317
        ]
      },
      "properties": {
        "NO": "736",
        "共通ID": "E4351200010111",
        "施設・場所名": "山江中学校武道館",
        "住所": "熊本県山江村大字山田丁23-3",
        "指定緊急避難場所との住所同一": "1",
        "その他市町村長が必要と認める事項": null,
        "受入対象者": null,
        "備考": ""
      }
    },
    {
      "type": "Feature",
      "geometry": {
        "type": "Point",
        "coordinates": [
          130.769539,
          32.250807
        ]
      },
      "properties": {
        "NO": "737",
        "共通ID": "E4351200011121",
        "施設・場所名": "小規模多機能ホーム黎明館",
        "住所": "熊本県山江村大字山田丁26",
        "指定緊急避難場所との住所同一": "",
        "その他市町村長が必要と認める事項": null,
        "受入対象者": "要配慮者",
        "備考": ""
      }
    },
    {
      "type": "Feature",
      "geometry": {
        "type": "Point",
        "coordinates": [
          130.770341,
          32.251644
        ]
      },
      "properties": {
        "NO": "738",
        "共通ID": "E4351200013112",
        "施設・場所名": "山江中学校グラウンド",
        "住所": "熊本県山江村大字山田丁60",
        "指定緊急避難場所との住所同一": "1",
        "その他市町村長が必要と認める事項": "",
        "受入対象者": "",
        "備考": "車中泊用避難所"
      }
    },
    {
      "type": "Feature",
      "geometry": {
        "type": "Point",
        "coordinates": [
          130.769644,
          32.251385
        ]
      },
      "properties": {
        "NO": "739",
        "共通ID": "E4351200013111",
        "施設・場所名": "山江中学校体育館",
        "住所": "熊本県山江村大字山田丁60",
        "指定緊急避難場所との住所同一": "1",
        "その他市町村長が必要と認める事項": null,
        "受入対象者": null,
        "備考": ""
      }
    },
    {
      "type": "Feature",
      "geometry": {
        "type": "Point",
        "coordinates": [
          130.790713,
          32.238721
        ]
      },
      "properties": {
        "NO": "740",
        "共通ID": "E4351200015111",
        "施設・場所名": "第９区公民館",
        "住所": "熊本県山江村大字山田丙2396-2",
        "指定緊急避難場所との住所同一": "1",
        "その他市町村長が必要と認める事項": null,
        "受入対象者": null,
        "備考": ""
      }
    },
    {
      "type": "Feature",
      "geometry": {
        "type": "Point",
        "coordinates": [
          130.748497,
          32.258462
        ]
      },
      "properties": {
        "NO": "741",
        "共通ID": "E4351200016111",
        "施設・場所名": "万江体育館",
        "住所": "熊本県山江村大字万江甲912-1",
        "指定緊急避難場所との住所同一": "1",
        "その他市町村長が必要と認める事項": "",
        "受入対象者": "",
        "備考": ""
      }
    },
    {
      "type": "Feature",
      "geometry": {
        "type": "Point",
        "coordinates": [
          130.755067,
          32.257328
        ]
      },
      "properties": {
        "NO": "742",
        "共通ID": "E4351200018111",
        "施設・場所名": "丸岡公園農村広場",
        "住所": "熊本県山江村大字万江字丸岡675-3",
        "指定緊急避難場所との住所同一": "1",
        "その他市町村長が必要と認める事項": "",
        "受入対象者": "",
        "備考": "車中泊用避難所"
      }
    },
    {
      "type": "Feature",
      "geometry": {
        "type": "Point",
        "coordinates": [
          130.769339,
          33.026856
        ]
      },
      "properties": {
        "NO": "743",
        "共通ID": "E4320800002111",
        "施設・場所名": "あんずの丘多目的体育館",
        "住所": "熊本県山鹿市菊鹿町下永野650",
        "指定緊急避難場所との住所同一": "1",
        "その他市町村長が必要と認める事項": "",
        "受入対象者": "",
        "備考": ""
      }
    },
    {
      "type": "Feature",
      "geometry": {
        "type": "Point",
        "coordinates": [
          130.767947,
          33.027786
        ]
      },
      "properties": {
        "NO": "744",
        "共通ID": "E4320800003111",
        "施設・場所名": "菊鹿多目的研修集会施設",
        "住所": "熊本県山鹿市菊鹿町下内田165",
        "指定緊急避難場所との住所同一": "1",
        "その他市町村長が必要と認める事項": "",
        "受入対象者": "",
        "備考": ""
      }
    },
    {
      "type": "Feature",
      "geometry": {
        "type": "Point",
        "coordinates": [
          130.768629,
          33.02809
        ]
      },
      "properties": {
        "NO": "745",
        "共通ID": "E4320800005111",
        "施設・場所名": "菊鹿市民センター",
        "住所": "熊本県山鹿市菊鹿町下内田713",
        "指定緊急避難場所との住所同一": "1",
        "その他市町村長が必要と認める事項": null,
        "受入対象者": null,
        "備考": ""
      }
    },
    {
      "type": "Feature",
      "geometry": {
        "type": "Point",
        "coordinates": [
          130.780342,
          33.01148
        ]
      },
      "properties": {
        "NO": "746",
        "共通ID": "E4320800006111",
        "施設・場所名": "城北体育館",
        "住所": "熊本県山鹿市菊鹿町松尾57",
        "指定緊急避難場所との住所同一": "1",
        "その他市町村長が必要と認める事項": "",
        "受入対象者": "",
        "備考": ""
      }
    },
    {
      "type": "Feature",
      "geometry": {
        "type": "Point",
        "coordinates": [
          130.775257,
          33.062855
        ]
      },
      "properties": {
        "NO": "747",
        "共通ID": "E4320800010111",
        "施設・場所名": "内田構造改善センター",
        "住所": "熊本県山鹿市菊鹿町上内田618",
        "指定緊急避難場所との住所同一": "1",
        "その他市町村長が必要と認める事項": "",
        "受入対象者": "",
        "備考": ""
      }
    },
    {
      "type": "Feature",
      "geometry": {
        "type": "Point",
        "coordinates": [
          130.720853,
          33.029278
        ]
      },
      "properties": {
        "NO": "748",
        "共通ID": "E4320800015111",
        "施設・場所名": "三玉地区公民館",
        "住所": "熊本県山鹿市久原3007",
        "指定緊急避難場所との住所同一": "1",
        "その他市町村長が必要と認める事項": null,
        "受入対象者": null,
        "備考": ""
      }
    },
    {
      "type": "Feature",
      "geometry": {
        "type": "Point",
        "coordinates": [
          130.685371,
          33.025868
        ]
      },
      "properties": {
        "NO": "749",
        "共通ID": "E4320800016111",
        "施設・場所名": "八幡地区公民館",
        "住所": "熊本県山鹿市熊入町286-1",
        "指定緊急避難場所との住所同一": "1",
        "その他市町村長が必要と認める事項": "",
        "受入対象者": "",
        "備考": ""
      }
    },
    {
      "type": "Feature",
      "geometry": {
        "type": "Point",
        "coordinates": [
          130.688443,
          33.030845
        ]
      },
      "properties": {
        "NO": "750",
        "共通ID": "E4320800017111",
        "施設・場所名": "山鹿市総合体育館",
        "住所": "熊本県山鹿市熊入町416",
        "指定緊急避難場所との住所同一": "1",
        "その他市町村長が必要と認める事項": "",
        "受入対象者": "",
        "備考": ""
      }
    },
    {
      "type": "Feature",
      "geometry": {
        "type": "Point",
        "coordinates": [
          130.693362,
          33.013991
        ]
      },
      "properties": {
        "NO": "751",
        "共通ID": "E4320800020111",
        "施設・場所名": "山鹿小学校（体育館）",
        "住所": "熊本県山鹿市山鹿351",
        "指定緊急避難場所との住所同一": "1",
        "その他市町村長が必要と認める事項": "",
        "受入対象者": "",
        "備考": ""
      }
    },
    {
      "type": "Feature",
      "geometry": {
        "type": "Point",
        "coordinates": [
          130.690942,
          33.01744
        ]
      },
      "properties": {
        "NO": "752",
        "共通ID": "E4320800021111",
        "施設・場所名": "山鹿市民交流センター",
        "住所": "熊本県山鹿市山鹿987-3",
        "指定緊急避難場所との住所同一": "1",
        "その他市町村長が必要と認める事項": "",
        "受入対象者": "",
        "備考": ""
      }
    },
    {
      "type": "Feature",
      "geometry": {
        "type": "Point",
        "coordinates": [
          130.684242,
          32.972518
        ]
      },
      "properties": {
        "NO": "753",
        "共通ID": "E4320800023111",
        "施設・場所名": "鹿央体育館",
        "住所": "熊本県山鹿市鹿央町広230",
        "指定緊急避難場所との住所同一": "1",
        "その他市町村長が必要と認める事項": null,
        "受入対象者": null,
        "備考": ""
      }
    },
    {
      "type": "Feature",
      "geometry": {
        "type": "Point",
        "coordinates": [
          130.68341,
          32.974717
        ]
      },
      "properties": {
        "NO": "754",
        "共通ID": "E4320800024112",
        "施設・場所名": "鹿央多目的研修センター",
        "住所": "熊本県山鹿市鹿央町合里158-1",
        "指定緊急避難場所との住所同一": "1",
        "その他市町村長が必要と認める事項": "",
        "受入対象者": "",
        "備考": ""
      }
    },
    {
      "type": "Feature",
      "geometry": {
        "type": "Point",
        "coordinates": [
          130.683844,
          32.974807
        ]
      },
      "properties": {
        "NO": "755",
        "共通ID": "E4320800024111",
        "施設・場所名": "鹿央市民センター",
        "住所": "熊本県山鹿市鹿央町合里158-1",
        "指定緊急避難場所との住所同一": "1",
        "その他市町村長が必要と認める事項": "",
        "受入対象者": "",
        "備考": ""
      }
    },
    {
      "type": "Feature",
      "geometry": {
        "type": "Point",
        "coordinates": [
          130.650305,
          32.961197
        ]
      },
      "properties": {
        "NO": "756",
        "共通ID": "E4320800028111",
        "施設・場所名": "山内体育館",
        "住所": "熊本県山鹿市鹿央町梅木谷245",
        "指定緊急避難場所との住所同一": "1",
        "その他市町村長が必要と認める事項": null,
        "受入対象者": null,
        "備考": ""
      }
    },
    {
      "type": "Feature",
      "geometry": {
        "type": "Point",
        "coordinates": [
          130.692342,
          33.116455
        ]
      },
      "properties": {
        "NO": "757",
        "共通ID": "E4320800031111",
        "施設・場所名": "岩野運動場（体育館）",
        "住所": "熊本県山鹿市鹿北町岩野500",
        "指定緊急避難場所との住所同一": "1",
        "その他市町村長が必要と認める事項": "",
        "受入対象者": "",
        "備考": ""
      }
    },
    {
      "type": "Feature",
      "geometry": {
        "type": "Point",
        "coordinates": [
          130.694757,
          33.108787
        ]
      },
      "properties": {
        "NO": "758",
        "共通ID": "E4320800033111",
        "施設・場所名": "鹿北体育センター",
        "住所": "熊本県山鹿市鹿北町四丁1475",
        "指定緊急避難場所との住所同一": "1",
        "その他市町村長が必要と認める事項": null,
        "受入対象者": null,
        "備考": ""
      }
    },
    {
      "type": "Feature",
      "geometry": {
        "type": "Point",
        "coordinates": [
          130.694426,
          33.108495
        ]
      },
      "properties": {
        "NO": "759",
        "共通ID": "E4320800033112",
        "施設・場所名": "鹿北柔剣道場",
        "住所": "熊本県山鹿市鹿北町四丁1475",
        "指定緊急避難場所との住所同一": "1",
        "その他市町村長が必要と認める事項": "",
        "受入対象者": "",
        "備考": ""
      }
    },
    {
      "type": "Feature",
      "geometry": {
        "type": "Point",
        "coordinates": [
          130.693903,
          33.109103
        ]
      },
      "properties": {
        "NO": "760",
        "共通ID": "E4320800034111",
        "施設・場所名": "鹿北市民センター",
        "住所": "熊本県山鹿市鹿北町四丁1612",
        "指定緊急避難場所との住所同一": "1",
        "その他市町村長が必要と認める事項": "",
        "受入対象者": "",
        "備考": ""
      }
    },
    {
      "type": "Feature",
      "geometry": {
        "type": "Point",
        "coordinates": [
          130.735518,
          33.106203
        ]
      },
      "properties": {
        "NO": "761",
        "共通ID": "E4320800036111",
        "施設・場所名": "岳間研修センター",
        "住所": "熊本県山鹿市鹿北町多久1380-5",
        "指定緊急避難場所との住所同一": "1",
        "その他市町村長が必要と認める事項": "",
        "受入対象者": "",
        "備考": ""
      }
    },
    {
      "type": "Feature",
      "geometry": {
        "type": "Point",
        "coordinates": [
          130.739469,
          33.001175
        ]
      },
      "properties": {
        "NO": "762",
        "共通ID": "E4320800047111",
        "施設・場所名": "鹿本市民センター",
        "住所": "熊本県山鹿市鹿本町来民686-1",
        "指定緊急避難場所との住所同一": "1",
        "その他市町村長が必要と認める事項": "",
        "受入対象者": "",
        "備考": ""
      }
    },
    {
      "type": "Feature",
      "geometry": {
        "type": "Point",
        "coordinates": [
          130.742597,
          33.003755
        ]
      },
      "properties": {
        "NO": "763",
        "共通ID": "E4320800048111",
        "施設・場所名": "鹿本体育館",
        "住所": "熊本県山鹿市鹿本町来民722",
        "指定緊急避難場所との住所同一": "1",
        "その他市町村長が必要と認める事項": "",
        "受入対象者": "",
        "備考": ""
      }
    },
    {
      "type": "Feature",
      "geometry": {
        "type": "Point",
        "coordinates": [
          130.746802,
          33.003963
        ]
      },
      "properties": {
        "NO": "764",
        "共通ID": "E4320800049111",
        "施設・場所名": "鹿本ふれあいセンター",
        "住所": "熊本県山鹿市鹿本町来民962-1",
        "指定緊急避難場所との住所同一": "1",
        "その他市町村長が必要と認める事項": "",
        "受入対象者": "",
        "備考": ""
      }
    },
    {
      "type": "Feature",
      "geometry": {
        "type": "Point",
        "coordinates": [
          130.699933,
          33.009376
        ]
      },
      "properties": {
        "NO": "765",
        "共通ID": "E4320800051111",
        "施設・場所名": "山鹿市健康福祉センター",
        "住所": "熊本県山鹿市中578",
        "指定緊急避難場所との住所同一": "1",
        "その他市町村長が必要と認める事項": "",
        "受入対象者": "",
        "備考": ""
      }
    },
    {
      "type": "Feature",
      "geometry": {
        "type": "Point",
        "coordinates": [
          130.689343,
          33.05402
        ]
      },
      "properties": {
        "NO": "766",
        "共通ID": "E4320800054111",
        "施設・場所名": "三岳地区公民館",
        "住所": "熊本県山鹿市津留19-5",
        "指定緊急避難場所との住所同一": "1",
        "その他市町村長が必要と認める事項": "",
        "受入対象者": "",
        "備考": ""
      }
    },
    {
      "type": "Feature",
      "geometry": {
        "type": "Point",
        "coordinates": [
          130.662099,
          33.050237
        ]
      },
      "properties": {
        "NO": "767",
        "共通ID": "E4320800056111",
        "施設・場所名": "平小城地区公民館",
        "住所": "熊本県山鹿市平山5380",
        "指定緊急避難場所との住所同一": "1",
        "その他市町村長が必要と認める事項": null,
        "受入対象者": null,
        "備考": ""
      }
    },
    {
      "type": "Feature",
      "geometry": {
        "type": "Point",
        "coordinates": [
          130.659003,
          33.016471
        ]
      },
      "properties": {
        "NO": "768",
        "共通ID": "E4320800057112",
        "施設・場所名": "川辺地域コミュニティセンター",
        "住所": "熊本県山鹿市保多田1551",
        "指定緊急避難場所との住所同一": "1",
        "その他市町村長が必要と認める事項": "",
        "受入対象者": "",
        "備考": ""
      }
    },
    {
      "type": "Feature",
      "geometry": {
        "type": "Point",
        "coordinates": [
          130.716689,
          32.996369
        ]
      },
      "properties": {
        "NO": "769",
        "共通ID": "E4320800058111",
        "施設・場所名": "大道地区公民館",
        "住所": "熊本県山鹿市方保田155-3",
        "指定緊急避難場所との住所同一": "1",
        "その他市町村長が必要と認める事項": null,
        "受入対象者": null,
        "備考": ""
      }
    },
    {
      "type": "Feature",
      "geometry": {
        "type": "Point",
        "coordinates": [
          131.103691,
          32.731789
        ]
      },
      "properties": {
        "NO": "770",
        "共通ID": "E4344700002111",
        "施設・場所名": "旧朝日小学校（体育館含む。）",
        "住所": "熊本県山都町井無田1144",
        "指定緊急避難場所との住所同一": "1",
        "その他市町村長が必要と認める事項": null,
        "受入対象者": null,
        "備考": ""
      }
    },
    {
      "type": "Feature",
      "geometry": {
        "type": "Point",
        "coordinates": [
          130.928124,
          32.672813
        ]
      },
      "properties": {
        "NO": "771",
        "共通ID": "E4344700005111",
        "施設・場所名": "下矢部西部改善センター",
        "住所": "熊本県山都町猿渡4799-1",
        "指定緊急避難場所との住所同一": "1",
        "その他市町村長が必要と認める事項": null,
        "受入対象者": null,
        "備考": ""
      }
    },
    {
      "type": "Feature",
      "geometry": {
        "type": "Point",
        "coordinates": [
          130.990336,
          32.683502
        ]
      },
      "properties": {
        "NO": "772",
        "共通ID": "E4344700007111",
        "施設・場所名": "中央公民館（２Ｆ・３Ｆ）",
        "住所": "熊本県山都町下市33-1",
        "指定緊急避難場所との住所同一": "1",
        "その他市町村長が必要と認める事項": null,
        "受入対象者": null,
        "備考": ""
      }
    },
    {
      "type": "Feature",
      "geometry": {
        "type": "Point",
        "coordinates": [
          130.986827,
          32.685435
        ]
      },
      "properties": {
        "NO": "773",
        "共通ID": "E4344700040121",
        "施設・場所名": "介護付き有料老人ホーム　たんぽぽ",
        "住所": "熊本県山都町下馬尾299-1",
        "指定緊急避難場所との住所同一": "",
        "その他市町村長が必要と認める事項": null,
        "受入対象者": "災害対策基本法第49条の10第1項規定する者",
        "備考": ""
      }
    },
    {
      "type": "Feature",
      "geometry": {
        "type": "Point",
        "coordinates": [
          131.004853,
          32.730638
        ]
      },
      "properties": {
        "NO": "774",
        "共通ID": "E4344700010111",
        "施設・場所名": "下名連石老人憩いの家",
        "住所": "熊本県山都町下名連石463-1",
        "指定緊急避難場所との住所同一": "1",
        "その他市町村長が必要と認める事項": null,
        "受入対象者": null,
        "備考": ""
      }
    },
    {
      "type": "Feature",
      "geometry": {
        "type": "Point",
        "coordinates": [
          131.030889,
          32.711776
        ]
      },
      "properties": {
        "NO": "775",
        "共通ID": "E4344700018111",
        "施設・場所名": "ＪＡかみましき名連川支所",
        "住所": "熊本県山都町黒川564-5",
        "指定緊急避難場所との住所同一": "1",
        "その他市町村長が必要と認める事項": null,
        "受入対象者": null,
        "備考": ""
      }
    },
    {
      "type": "Feature",
      "geometry": {
        "type": "Point",
        "coordinates": [
          131.165246,
          32.729706
        ]
      },
      "properties": {
        "NO": "776",
        "共通ID": "E4344700038121",
        "施設・場所名": "特別養護老人ホーム　そよ風の里“ほたる”",
        "住所": "熊本県山都町今322-1",
        "指定緊急避難場所との住所同一": "",
        "その他市町村長が必要と認める事項": null,
        "受入対象者": "災害対策基本法第49条の10第1項規定する者",
        "備考": ""
      }
    },
    {
      "type": "Feature",
      "geometry": {
        "type": "Point",
        "coordinates": [
          131.165607,
          32.724945
        ]
      },
      "properties": {
        "NO": "777",
        "共通ID": "E4344700019111",
        "施設・場所名": "蘇陽支所",
        "住所": "熊本県山都町今500",
        "指定緊急避難場所との住所同一": "1",
        "その他市町村長が必要と認める事項": null,
        "受入対象者": null,
        "備考": ""
      }
    },
    {
      "type": "Feature",
      "geometry": {
        "type": "Point",
        "coordinates": [
          131.165607,
          32.724945
        ]
      },
      "properties": {
        "NO": "778",
        "共通ID": "E4344700019121",
        "施設・場所名": "蘇陽支所",
        "住所": "熊本県山都町今500",
        "指定緊急避難場所との住所同一": "1",
        "その他市町村長が必要と認める事項": null,
        "受入対象者": "災害対策基本法第49条の10第1項規定する者",
        "備考": ""
      }
    },
    {
      "type": "Feature",
      "geometry": {
        "type": "Point",
        "coordinates": [
          130.976804,
          32.68909
        ]
      },
      "properties": {
        "NO": "779",
        "共通ID": "E4344700072121",
        "施設・場所名": "養護老人ホーム　浜美荘",
        "住所": "熊本県山都町上寺2178-5",
        "指定緊急避難場所との住所同一": "",
        "その他市町村長が必要と認める事項": null,
        "受入対象者": "災害対策基本法第49条の10第1項規定する者",
        "備考": ""
      }
    },
    {
      "type": "Feature",
      "geometry": {
        "type": "Point",
        "coordinates": [
          130.993685,
          32.667532
        ]
      },
      "properties": {
        "NO": "780",
        "共通ID": "E4344700029111",
        "施設・場所名": "白糸第一体育館",
        "住所": "熊本県山都町新小886",
        "指定緊急避難場所との住所同一": "1",
        "その他市町村長が必要と認める事項": null,
        "受入対象者": null,
        "備考": ""
      }
    },
    {
      "type": "Feature",
      "geometry": {
        "type": "Point",
        "coordinates": [
          131.119654,
          32.678606
        ]
      },
      "properties": {
        "NO": "781",
        "共通ID": "E4344700071121",
        "施設・場所名": "サポートハウス　明星学園",
        "住所": "熊本県山都町神ノ前241-15",
        "指定緊急避難場所との住所同一": "",
        "その他市町村長が必要と認める事項": null,
        "受入対象者": "災害対策基本法第49条の10第1項規定する者",
        "備考": ""
      }
    },
    {
      "type": "Feature",
      "geometry": {
        "type": "Point",
        "coordinates": [
          131.025285,
          32.650145
        ]
      },
      "properties": {
        "NO": "782",
        "共通ID": "E4344700031112",
        "施設・場所名": "旧白糸第二小学校（体育館含む）",
        "住所": "熊本県山都町菅2287",
        "指定緊急避難場所との住所同一": "1",
        "その他市町村長が必要と認める事項": null,
        "受入対象者": null,
        "備考": ""
      }
    },
    {
      "type": "Feature",
      "geometry": {
        "type": "Point",
        "coordinates": [
          130.983875,
          32.680809
        ]
      },
      "properties": {
        "NO": "783",
        "共通ID": "E4344700064121",
        "施設・場所名": "特別養護老人ホーム　風ノ木",
        "住所": "熊本県山都町千滝211",
        "指定緊急避難場所との住所同一": "",
        "その他市町村長が必要と認める事項": null,
        "受入対象者": "災害対策基本法第49条の10第1項規定する者",
        "備考": ""
      }
    },
    {
      "type": "Feature",
      "geometry": {
        "type": "Point",
        "coordinates": [
          130.985712,
          32.679612
        ]
      },
      "properties": {
        "NO": "784",
        "共通ID": "E4344700034121",
        "施設・場所名": "矢部保健福祉センター千寿苑",
        "住所": "熊本県山都町千滝232",
        "指定緊急避難場所との住所同一": "1",
        "その他市町村長が必要と認める事項": null,
        "受入対象者": "災害対策基本法第49条の10第1項に規定する者",
        "備考": ""
      }
    },
    {
      "type": "Feature",
      "geometry": {
        "type": "Point",
        "coordinates": [
          131.087464,
          32.689033
        ]
      },
      "properties": {
        "NO": "785",
        "共通ID": "E4344700073111",
        "施設・場所名": "清和山村基幹集落センター",
        "住所": "熊本県山都町大平305-1",
        "指定緊急避難場所との住所同一": "",
        "その他市町村長が必要と認める事項": null,
        "受入対象者": null,
        "備考": ""
      }
    },
    {
      "type": "Feature",
      "geometry": {
        "type": "Point",
        "coordinates": [
          131.0876,
          32.689079
        ]
      },
      "properties": {
        "NO": "786",
        "共通ID": "E4344700036111",
        "施設・場所名": "清和基幹集落センター",
        "住所": "熊本県山都町大平306-1",
        "指定緊急避難場所との住所同一": "1",
        "その他市町村長が必要と認める事項": null,
        "受入対象者": null,
        "備考": ""
      }
    },
    {
      "type": "Feature",
      "geometry": {
        "type": "Point",
        "coordinates": [
          131.086701,
          32.691359
        ]
      },
      "properties": {
        "NO": "787",
        "共通ID": "E4344700037111",
        "施設・場所名": "清和支所",
        "住所": "熊本県山都町大平385",
        "指定緊急避難場所との住所同一": "1",
        "その他市町村長が必要と認める事項": null,
        "受入対象者": null,
        "備考": ""
      }
    },
    {
      "type": "Feature",
      "geometry": {
        "type": "Point",
        "coordinates": [
          131.140199,
          32.688367
        ]
      },
      "properties": {
        "NO": "788",
        "共通ID": "E4344700063121",
        "施設・場所名": "特別養護老人ホーム　蘇望苑",
        "住所": "熊本県山都町滝上223-2",
        "指定緊急避難場所との住所同一": "",
        "その他市町村長が必要と認める事項": null,
        "受入対象者": "災害対策基本法第49条の10第1項規定する者",
        "備考": ""
      }
    },
    {
      "type": "Feature",
      "geometry": {
        "type": "Point",
        "coordinates": [
          131.019509,
          32.681255
        ]
      },
      "properties": {
        "NO": "789",
        "共通ID": "E4344700039111",
        "施設・場所名": "皆和",
        "住所": "熊本県山都町男成1252-3",
        "指定緊急避難場所との住所同一": "1",
        "その他市町村長が必要と認める事項": null,
        "受入対象者": null,
        "備考": ""
      }
    },
    {
      "type": "Feature",
      "geometry": {
        "type": "Point",
        "coordinates": [
          130.97872,
          32.685586
        ]
      },
      "properties": {
        "NO": "790",
        "共通ID": "E4344700041121",
        "施設・場所名": "優心苑",
        "住所": "熊本県山都町南田221-4",
        "指定緊急避難場所との住所同一": "",
        "その他市町村長が必要と認める事項": null,
        "受入対象者": "災害対策基本法第49条の10第1項規定する者",
        "備考": ""
      }
    },
    {
      "type": "Feature",
      "geometry": {
        "type": "Point",
        "coordinates": [
          131.153672,
          32.683717
        ]
      },
      "properties": {
        "NO": "791",
        "共通ID": "E4344700050111",
        "施設・場所名": "馬見原公民館",
        "住所": "熊本県山都町馬見原218",
        "指定緊急避難場所との住所同一": "1",
        "その他市町村長が必要と認める事項": null,
        "受入対象者": null,
        "備考": ""
      }
    },
    {
      "type": "Feature",
      "geometry": {
        "type": "Point",
        "coordinates": [
          131.1603,
          32.682561
        ]
      },
      "properties": {
        "NO": "792",
        "共通ID": "E4344700042121",
        "施設・場所名": "はあとふる",
        "住所": "熊本県山都町馬見原791-4",
        "指定緊急避難場所との住所同一": "",
        "その他市町村長が必要と認める事項": null,
        "受入対象者": "災害対策基本法第49条の10第1項規定する者",
        "備考": ""
      }
    },
    {
      "type": "Feature",
      "geometry": {
        "type": "Point",
        "coordinates": [
          130.968003,
          32.662734
        ]
      },
      "properties": {
        "NO": "793",
        "共通ID": "E4344700051111",
        "施設・場所名": "下矢部東部体育館",
        "住所": "熊本県山都町白小野168",
        "指定緊急避難場所との住所同一": "1",
        "その他市町村長が必要と認める事項": null,
        "受入対象者": null,
        "備考": ""
      }
    },
    {
      "type": "Feature",
      "geometry": {
        "type": "Point",
        "coordinates": [
          130.928557,
          32.732151
        ]
      },
      "properties": {
        "NO": "794",
        "共通ID": "E4344700054111",
        "施設・場所名": "中島体育館",
        "住所": "熊本県山都町北中島2536",
        "指定緊急避難場所との住所同一": "1",
        "その他市町村長が必要と認める事項": null,
        "受入対象者": null,
        "備考": ""
      }
    },
    {
      "type": "Feature",
      "geometry": {
        "type": "Point",
        "coordinates": [
          130.937644,
          32.733174
        ]
      },
      "properties": {
        "NO": "795",
        "共通ID": "E4344700035121",
        "施設・場所名": "特別養護老人ホーム　矢部大矢荘",
        "住所": "熊本県山都町北中島268-4",
        "指定緊急避難場所との住所同一": "",
        "その他市町村長が必要と認める事項": null,
        "受入対象者": "災害対策基本法第49条の10第1項規定する者",
        "備考": ""
      }
    },
    {
      "type": "Feature",
      "geometry": {
        "type": "Point",
        "coordinates": [
          130.937194,
          32.731613
        ]
      },
      "properties": {
        "NO": "796",
        "共通ID": "E4344700070121",
        "施設・場所名": "ケアハウス　光露館",
        "住所": "熊本県山都町北中島2710-15",
        "指定緊急避難場所との住所同一": "",
        "その他市町村長が必要と認める事項": null,
        "受入対象者": "災害対策基本法第49条の10第1項規定する者",
        "備考": ""
      }
    },
    {
      "type": "Feature",
      "geometry": {
        "type": "Point",
        "coordinates": [
          130.975911,
          32.635954
        ]
      },
      "properties": {
        "NO": "797",
        "共通ID": "E4344700058112",
        "施設・場所名": "旧白糸第三小学校（体育館含む）",
        "住所": "熊本県山都町目丸2472",
        "指定緊急避難場所との住所同一": "1",
        "その他市町村長が必要と認める事項": null,
        "受入対象者": null,
        "備考": ""
      }
    },
    {
      "type": "Feature",
      "geometry": {
        "type": "Point",
        "coordinates": [
          131.011539,
          32.684859
        ]
      },
      "properties": {
        "NO": "798",
        "共通ID": "E4344700066121",
        "施設・場所名": "さくら荘",
        "住所": "熊本県山都町野尻1026-1",
        "指定緊急避難場所との住所同一": "",
        "その他市町村長が必要と認める事項": null,
        "受入対象者": "災害対策基本法第49条の10第1項規定する者",
        "備考": ""
      }
    },
    {
      "type": "Feature",
      "geometry": {
        "type": "Point",
        "coordinates": [
          131.182314,
          33.015571
        ]
      },
      "properties": {
        "NO": "799",
        "共通ID": "E4342500001111",
        "施設・場所名": "平川公民館",
        "住所": "熊本県産山村大字山鹿1332-14",
        "指定緊急避難場所との住所同一": "1",
        "その他市町村長が必要と認める事項": null,
        "受入対象者": null,
        "備考": ""
      }
    },
    {
      "type": "Feature",
      "geometry": {
        "type": "Point",
        "coordinates": [
          131.217604,
          32.994785
        ]
      },
      "properties": {
        "NO": "800",
        "共通ID": "E4342500002112",
        "施設・場所名": "産山小中学校体育館",
        "住所": "熊本県産山村大字山鹿474-1",
        "指定緊急避難場所との住所同一": "",
        "その他市町村長が必要と認める事項": null,
        "受入対象者": null,
        "備考": ""
      }
    },
    {
      "type": "Feature",
      "geometry": {
        "type": "Point",
        "coordinates": [
          131.217603,
          32.99488
        ]
      },
      "properties": {
        "NO": "801",
        "共通ID": "E4342500002111",
        "施設・場所名": "産山学園体育館",
        "住所": "熊本県産山村大字山鹿474-1",
        "指定緊急避難場所との住所同一": "",
        "その他市町村長が必要と認める事項": null,
        "受入対象者": null,
        "備考": ""
      }
    },
    {
      "type": "Feature",
      "geometry": {
        "type": "Point",
        "coordinates": [
          131.213953,
          32.99579
        ]
      },
      "properties": {
        "NO": "802",
        "共通ID": "E4342500003111",
        "施設・場所名": "山鹿地区公民館",
        "住所": "熊本県産山村大字山鹿556-1",
        "指定緊急避難場所との住所同一": "1",
        "その他市町村長が必要と認める事項": null,
        "受入対象者": null,
        "備考": ""
      }
    },
    {
      "type": "Feature",
      "geometry": {
        "type": "Point",
        "coordinates": [
          131.226345,
          33.00391
        ]
      },
      "properties": {
        "NO": "803",
        "共通ID": "E4342500004111",
        "施設・場所名": "日向消防詰所",
        "住所": "熊本県産山村大字産山1139-2",
        "指定緊急避難場所との住所同一": "1",
        "その他市町村長が必要と認める事項": null,
        "受入対象者": null,
        "備考": ""
      }
    },
    {
      "type": "Feature",
      "geometry": {
        "type": "Point",
        "coordinates": [
          131.217991,
          32.998907
        ]
      },
      "properties": {
        "NO": "804",
        "共通ID": "E4342500005111",
        "施設・場所名": "山鹿体育館",
        "住所": "熊本県産山村大字産山1240",
        "指定緊急避難場所との住所同一": "",
        "その他市町村長が必要と認める事項": null,
        "受入対象者": null,
        "備考": ""
      }
    },
    {
      "type": "Feature",
      "geometry": {
        "type": "Point",
        "coordinates": [
          131.224982,
          33.009071
        ]
      },
      "properties": {
        "NO": "805",
        "共通ID": "E4342500006111",
        "施設・場所名": "産山地区公民館",
        "住所": "熊本県産山村大字産山1355-2",
        "指定緊急避難場所との住所同一": "",
        "その他市町村長が必要と認める事項": null,
        "受入対象者": null,
        "備考": ""
      }
    },
    {
      "type": "Feature",
      "geometry": {
        "type": "Point",
        "coordinates": [
          131.200686,
          32.9854
        ]
      },
      "properties": {
        "NO": "806",
        "共通ID": "E4342500007121",
        "施設・場所名": "ほっと館（福祉避難所）",
        "住所": "熊本県産山村大字大利657-16",
        "指定緊急避難場所との住所同一": "",
        "その他市町村長が必要と認める事項": null,
        "受入対象者": "要配慮者",
        "備考": ""
      }
    },
    {
      "type": "Feature",
      "geometry": {
        "type": "Point",
        "coordinates": [
          131.243831,
          32.971715
        ]
      },
      "properties": {
        "NO": "807",
        "共通ID": "E4342500008111",
        "施設・場所名": "南部地区公民館",
        "住所": "熊本県産山村大字大利76-5",
        "指定緊急避難場所との住所同一": "1",
        "その他市町村長が必要と認める事項": null,
        "受入対象者": null,
        "備考": ""
      }
    },
    {
      "type": "Feature",
      "geometry": {
        "type": "Point",
        "coordinates": [
          131.196039,
          33.031756
        ]
      },
      "properties": {
        "NO": "808",
        "共通ID": "E4342500009111",
        "施設・場所名": "竹の畑公民館",
        "住所": "熊本県産山村大字田尻1111-1",
        "指定緊急避難場所との住所同一": "",
        "その他市町村長が必要と認める事項": null,
        "受入対象者": null,
        "備考": ""
      }
    },
    {
      "type": "Feature",
      "geometry": {
        "type": "Point",
        "coordinates": [
          131.175708,
          33.023125
        ]
      },
      "properties": {
        "NO": "809",
        "共通ID": "E4342500010111",
        "施設・場所名": "南田尻公民館",
        "住所": "熊本県産山村大字田尻1497-1",
        "指定緊急避難場所との住所同一": "",
        "その他市町村長が必要と認める事項": null,
        "受入対象者": null,
        "備考": ""
      }
    },
    {
      "type": "Feature",
      "geometry": {
        "type": "Point",
        "coordinates": [
          131.173729,
          33.031931
        ]
      },
      "properties": {
        "NO": "810",
        "共通ID": "E4342500011111",
        "施設・場所名": "田尻地区公民館",
        "住所": "熊本県産山村大字田尻614-1",
        "指定緊急避難場所との住所同一": "1",
        "その他市町村長が必要と認める事項": null,
        "受入対象者": null,
        "備考": ""
      }
    },
    {
      "type": "Feature",
      "geometry": {
        "type": "Point",
        "coordinates": [
          131.249427,
          32.965832
        ]
      },
      "properties": {
        "NO": "811",
        "共通ID": "E4342500012111",
        "施設・場所名": "片俣公民館",
        "住所": "熊本県産山村大字片俣460-4",
        "指定緊急避難場所との住所同一": "",
        "その他市町村長が必要と認める事項": null,
        "受入対象者": null,
        "備考": ""
      }
    },
    {
      "type": "Feature",
      "geometry": {
        "type": "Point",
        "coordinates": [
          131.044358,
          33.160074
        ]
      },
      "properties": {
        "NO": "812",
        "共通ID": "E4342400004111",
        "施設・場所名": "旧下城小学校体育館",
        "住所": "熊本県小国町大字下城3517-1",
        "指定緊急避難場所との住所同一": "1",
        "その他市町村長が必要と認める事項": null,
        "受入対象者": null,
        "備考": ""
      }
    },
    {
      "type": "Feature",
      "geometry": {
        "type": "Point",
        "coordinates": [
          131.045132,
          33.160017
        ]
      },
      "properties": {
        "NO": "813",
        "共通ID": "E4342400004112",
        "施設・場所名": "旧下城小学校",
        "住所": "熊本県小国町大字下城3517-1",
        "指定緊急避難場所との住所同一": "1",
        "その他市町村長が必要と認める事項": null,
        "受入対象者": null,
        "備考": ""
      }
    },
    {
      "type": "Feature",
      "geometry": {
        "type": "Point",
        "coordinates": [
          131.036378,
          33.180953
        ]
      },
      "properties": {
        "NO": "814",
        "共通ID": "E4342400006111",
        "施設・場所名": "杖立温泉会館",
        "住所": "熊本県小国町大字下城4143-1",
        "指定緊急避難場所との住所同一": "1",
        "その他市町村長が必要と認める事項": null,
        "受入対象者": null,
        "備考": ""
      }
    },
    {
      "type": "Feature",
      "geometry": {
        "type": "Point",
        "coordinates": [
          131.036238,
          33.180733
        ]
      },
      "properties": {
        "NO": "815",
        "共通ID": "E4342400007111",
        "施設・場所名": "杖立防災センター",
        "住所": "熊本県小国町大字下城4151-1",
        "指定緊急避難場所との住所同一": "1",
        "その他市町村長が必要と認める事項": null,
        "受入対象者": null,
        "備考": ""
      }
    },
    {
      "type": "Feature",
      "geometry": {
        "type": "Point",
        "coordinates": [
          131.068612,
          33.121362
        ]
      },
      "properties": {
        "NO": "816",
        "共通ID": "E4342400022111",
        "施設・場所名": "おぐに町民センター",
        "住所": "熊本県小国町大字宮原1536-1",
        "指定緊急避難場所との住所同一": "",
        "その他市町村長が必要と認める事項": null,
        "受入対象者": null,
        "備考": ""
      }
    },
    {
      "type": "Feature",
      "geometry": {
        "type": "Point",
        "coordinates": [
          131.072226,
          33.119019
        ]
      },
      "properties": {
        "NO": "817",
        "共通ID": "E4342400024111",
        "施設・場所名": "小国小学校体育館",
        "住所": "熊本県小国町大字宮原172-1",
        "指定緊急避難場所との住所同一": "1",
        "その他市町村長が必要と認める事項": null,
        "受入対象者": null,
        "備考": ""
      }
    },
    {
      "type": "Feature",
      "geometry": {
        "type": "Point",
        "coordinates": [
          131.065166,
          33.121411
        ]
      },
      "properties": {
        "NO": "818",
        "共通ID": "E4342400025121",
        "施設・場所名": "おぐに老人保健施設",
        "住所": "熊本県小国町大字宮原1742-1",
        "指定緊急避難場所との住所同一": "",
        "その他市町村長が必要と認める事項": null,
        "受入対象者": "要配慮者",
        "備考": ""
      }
    },
    {
      "type": "Feature",
      "geometry": {
        "type": "Point",
        "coordinates": [
          131.065393,
          33.121415
        ]
      },
      "properties": {
        "NO": "819",
        "共通ID": "E4342300001121",
        "施設・場所名": "おぐに老人保健施設",
        "住所": "熊本県小国町大字宮原1743",
        "指定緊急避難場所との住所同一": "",
        "その他市町村長が必要と認める事項": null,
        "受入対象者": "要配慮者",
        "備考": ""
      }
    },
    {
      "type": "Feature",
      "geometry": {
        "type": "Point",
        "coordinates": [
          131.061559,
          33.119542
        ]
      },
      "properties": {
        "NO": "820",
        "共通ID": "E4342400027111",
        "施設・場所名": "小国高等学校",
        "住所": "熊本県小国町大字宮原1887-1",
        "指定緊急避難場所との住所同一": "1",
        "その他市町村長が必要と認める事項": null,
        "受入対象者": null,
        "備考": ""
      }
    },
    {
      "type": "Feature",
      "geometry": {
        "type": "Point",
        "coordinates": [
          131.073331,
          33.117852
        ]
      },
      "properties": {
        "NO": "821",
        "共通ID": "E4342400029111",
        "施設・場所名": "小国中学校体育館",
        "住所": "熊本県小国町大字宮原200-1",
        "指定緊急避難場所との住所同一": "1",
        "その他市町村長が必要と認める事項": null,
        "受入対象者": null,
        "備考": ""
      }
    },
    {
      "type": "Feature",
      "geometry": {
        "type": "Point",
        "coordinates": [
          131.074125,
          33.116164
        ]
      },
      "properties": {
        "NO": "822",
        "共通ID": "E4342400031111",
        "施設・場所名": "小国ドーム",
        "住所": "熊本県小国町大字宮原214-2",
        "指定緊急避難場所との住所同一": "",
        "その他市町村長が必要と認める事項": null,
        "受入対象者": null,
        "備考": ""
      }
    },
    {
      "type": "Feature",
      "geometry": {
        "type": "Point",
        "coordinates": [
          131.06216,
          33.111999
        ]
      },
      "properties": {
        "NO": "823",
        "共通ID": "E4342400033111",
        "施設・場所名": "ＪＡ情報企画センター",
        "住所": "熊本県小国町大字宮原2300",
        "指定緊急避難場所との住所同一": "1",
        "その他市町村長が必要と認める事項": null,
        "受入対象者": null,
        "備考": ""
      }
    },
    {
      "type": "Feature",
      "geometry": {
        "type": "Point",
        "coordinates": [
          131.06018,
          33.11271
        ]
      },
      "properties": {
        "NO": "824",
        "共通ID": "E4342300002121",
        "施設・場所名": "小国町社会福祉協議会　サポートセンター悠愛",
        "住所": "熊本県小国町大字宮原2617",
        "指定緊急避難場所との住所同一": "",
        "その他市町村長が必要と認める事項": null,
        "受入対象者": "要配慮者",
        "備考": ""
      }
    },
    {
      "type": "Feature",
      "geometry": {
        "type": "Point",
        "coordinates": [
          131.059861,
          33.113269
        ]
      },
      "properties": {
        "NO": "825",
        "共通ID": "E4342400035121",
        "施設・場所名": "小国町社会福祉協議会　サポートセンター悠愛",
        "住所": "熊本県小国町大字宮原2617",
        "指定緊急避難場所との住所同一": "1",
        "その他市町村長が必要と認める事項": null,
        "受入対象者": "要配慮者",
        "備考": ""
      }
    },
    {
      "type": "Feature",
      "geometry": {
        "type": "Point",
        "coordinates": [
          131.067782,
          33.124987
        ]
      },
      "properties": {
        "NO": "826",
        "共通ID": "E4342400040121",
        "施設・場所名": "養護老人ホーム悠和の里",
        "住所": "熊本県小国町大字宮原741-3",
        "指定緊急避難場所との住所同一": "",
        "その他市町村長が必要と認める事項": null,
        "受入対象者": "要配慮者",
        "備考": ""
      }
    },
    {
      "type": "Feature",
      "geometry": {
        "type": "Point",
        "coordinates": [
          131.036654,
          33.129729
        ]
      },
      "properties": {
        "NO": "827",
        "共通ID": "E4342400043111",
        "施設・場所名": "旧蓬莱小学校体育館",
        "住所": "熊本県小国町大字黒渕2499-1",
        "指定緊急避難場所との住所同一": "1",
        "その他市町村長が必要と認める事項": null,
        "受入対象者": null,
        "備考": ""
      }
    },
    {
      "type": "Feature",
      "geometry": {
        "type": "Point",
        "coordinates": [
          131.037282,
          33.12905
        ]
      },
      "properties": {
        "NO": "828",
        "共通ID": "E4342400044111",
        "施設・場所名": "蓬莱保育園",
        "住所": "熊本県小国町大字黒渕2503",
        "指定緊急避難場所との住所同一": "",
        "その他市町村長が必要と認める事項": null,
        "受入対象者": null,
        "備考": ""
      }
    },
    {
      "type": "Feature",
      "geometry": {
        "type": "Point",
        "coordinates": [
          131.093564,
          33.109439
        ]
      },
      "properties": {
        "NO": "829",
        "共通ID": "E4342400047111",
        "施設・場所名": "上田多目的集会場",
        "住所": "熊本県小国町大字上田289-1",
        "指定緊急避難場所との住所同一": "1",
        "その他市町村長が必要と認める事項": null,
        "受入対象者": null,
        "備考": ""
      }
    },
    {
      "type": "Feature",
      "geometry": {
        "type": "Point",
        "coordinates": [
          131.102421,
          33.120922
        ]
      },
      "properties": {
        "NO": "830",
        "共通ID": "E4342400049111",
        "施設・場所名": "旧万成小学校",
        "住所": "熊本県小国町大字上田3469",
        "指定緊急避難場所との住所同一": "1",
        "その他市町村長が必要と認める事項": null,
        "受入対象者": null,
        "備考": ""
      }
    },
    {
      "type": "Feature",
      "geometry": {
        "type": "Point",
        "coordinates": [
          131.109633,
          33.159352
        ]
      },
      "properties": {
        "NO": "831",
        "共通ID": "E4342400052111",
        "施設・場所名": "西里多目的集会場",
        "住所": "熊本県小国町大字西里1838-3",
        "指定緊急避難場所との住所同一": "1",
        "その他市町村長が必要と認める事項": null,
        "受入対象者": null,
        "備考": ""
      }
    },
    {
      "type": "Feature",
      "geometry": {
        "type": "Point",
        "coordinates": [
          131.13587,
          33.155766
        ]
      },
      "properties": {
        "NO": "832",
        "共通ID": "E4342400053111",
        "施設・場所名": "ゆけむり茶屋",
        "住所": "熊本県小国町大字西里2816",
        "指定緊急避難場所との住所同一": "1",
        "その他市町村長が必要と認める事項": null,
        "受入対象者": null,
        "備考": ""
      }
    },
    {
      "type": "Feature",
      "geometry": {
        "type": "Point",
        "coordinates": [
          131.092354,
          33.158189
        ]
      },
      "properties": {
        "NO": "833",
        "共通ID": "E4342400057111",
        "施設・場所名": "旧西里小学校",
        "住所": "熊本県小国町大字西里985-2",
        "指定緊急避難場所との住所同一": "1",
        "その他市町村長が必要と認める事項": null,
        "受入対象者": null,
        "備考": ""
      }
    },
    {
      "type": "Feature",
      "geometry": {
        "type": "Point",
        "coordinates": [
          131.095812,
          33.142177
        ]
      },
      "properties": {
        "NO": "834",
        "共通ID": "E4342400059111",
        "施設・場所名": "旧北里小学校体育館",
        "住所": "熊本県小国町大字北里2473-1",
        "指定緊急避難場所との住所同一": "1",
        "その他市町村長が必要と認める事項": null,
        "受入対象者": null,
        "備考": ""
      }
    },
    {
      "type": "Feature",
      "geometry": {
        "type": "Point",
        "coordinates": [
          131.090651,
          33.140941
        ]
      },
      "properties": {
        "NO": "835",
        "共通ID": "E4342400061111",
        "施設・場所名": "木魂館",
        "住所": "熊本県小国町大字北里371-1",
        "指定緊急避難場所との住所同一": "1",
        "その他市町村長が必要と認める事項": null,
        "受入対象者": null,
        "備考": ""
      }
    },
    {
      "type": "Feature",
      "geometry": {
        "type": "Point",
        "coordinates": [
          130.450886,
          32.518801
        ]
      },
      "properties": {
        "NO": "836",
        "共通ID": "E4321200001111",
        "施設・場所名": "阿村体育館",
        "住所": "熊本県上天草市松島町阿村5779-1",
        "指定緊急避難場所との住所同一": "1",
        "その他市町村長が必要と認める事項": "",
        "受入対象者": "",
        "備考": ""
      }
    },
    {
      "type": "Feature",
      "geometry": {
        "type": "Point",
        "coordinates": [
          130.449041,
          32.516107
        ]
      },
      "properties": {
        "NO": "837",
        "共通ID": "E4321200002111",
        "施設・場所名": "旧阿村中学校体育館",
        "住所": "熊本県上天草市松島町阿村841-2",
        "指定緊急避難場所との住所同一": "1",
        "その他市町村長が必要と認める事項": "",
        "受入対象者": "",
        "備考": ""
      }
    },
    {
      "type": "Feature",
      "geometry": {
        "type": "Point",
        "coordinates": [
          130.377204,
          32.465503
        ]
      },
      "properties": {
        "NO": "838",
        "共通ID": "E4321200005111",
        "施設・場所名": "教良木河内交流センター（教良木出張所）",
        "住所": "熊本県上天草市松島町教良木2796",
        "指定緊急避難場所との住所同一": "1",
        "その他市町村長が必要と認める事項": "",
        "受入対象者": "",
        "備考": ""
      }
    },
    {
      "type": "Feature",
      "geometry": {
        "type": "Point",
        "coordinates": [
          130.364737,
          32.461651
        ]
      },
      "properties": {
        "NO": "839",
        "共通ID": "E4321200007111",
        "施設・場所名": "教良木河内山村広場体育館",
        "住所": "熊本県上天草市松島町教良木4647",
        "指定緊急避難場所との住所同一": "1",
        "その他市町村長が必要と認める事項": "",
        "受入対象者": "",
        "備考": ""
      }
    },
    {
      "type": "Feature",
      "geometry": {
        "type": "Point",
        "coordinates": [
          130.421673,
          32.497848
        ]
      },
      "properties": {
        "NO": "840",
        "共通ID": "E4321200008111",
        "施設・場所名": "松島中学校",
        "住所": "熊本県上天草市松島町合津2649",
        "指定緊急避難場所との住所同一": "1",
        "その他市町村長が必要と認める事項": "",
        "受入対象者": "",
        "備考": ""
      }
    },
    {
      "type": "Feature",
      "geometry": {
        "type": "Point",
        "coordinates": [
          130.431249,
          32.516011
        ]
      },
      "properties": {
        "NO": "841",
        "共通ID": "E4321200010111",
        "施設・場所名": "松島総合センターアロマ",
        "住所": "熊本県上天草市松島町合津4276-44",
        "指定緊急避難場所との住所同一": "1",
        "その他市町村長が必要と認める事項": "",
        "受入対象者": "",
        "備考": ""
      }
    },
    {
      "type": "Feature",
      "geometry": {
        "type": "Point",
        "coordinates": [
          130.418185,
          32.504147
        ]
      },
      "properties": {
        "NO": "842",
        "共通ID": "E4321200011111",
        "施設・場所名": "天草青年の家",
        "住所": "熊本県上天草市松島町合津5500",
        "指定緊急避難場所との住所同一": "1",
        "その他市町村長が必要と認める事項": "",
        "受入対象者": "",
        "備考": ""
      }
    },
    {
      "type": "Feature",
      "geometry": {
        "type": "Point",
        "coordinates": [
          130.406294,
          32.541519
        ]
      },
      "properties": {
        "NO": "843",
        "共通ID": "E4321200012111",
        "施設・場所名": "樋合体育館",
        "住所": "熊本県上天草市松島町合津6973-16",
        "指定緊急避難場所との住所同一": "1",
        "その他市町村長が必要と認める事項": "",
        "受入対象者": "",
        "備考": ""
      }
    },
    {
      "type": "Feature",
      "geometry": {
        "type": "Point",
        "coordinates": [
          130.466488,
          32.574673
        ]
      },
      "properties": {
        "NO": "844",
        "共通ID": "E4321200017111",
        "施設・場所名": "旧維和中学校体育館",
        "住所": "熊本県上天草市大矢野町維和1757",
        "指定緊急避難場所との住所同一": "1",
        "その他市町村長が必要と認める事項": "",
        "受入対象者": "",
        "備考": ""
      }
    },
    {
      "type": "Feature",
      "geometry": {
        "type": "Point",
        "coordinates": [
          130.465733,
          32.573762
        ]
      },
      "properties": {
        "NO": "845",
        "共通ID": "E4321200018111",
        "施設・場所名": "維和小学校",
        "住所": "熊本県上天草市大矢野町維和1787",
        "指定緊急避難場所との住所同一": "1",
        "その他市町村長が必要と認める事項": "",
        "受入対象者": "",
        "備考": ""
      }
    },
    {
      "type": "Feature",
      "geometry": {
        "type": "Point",
        "coordinates": [
          130.423341,
          32.585879
        ]
      },
      "properties": {
        "NO": "846",
        "共通ID": "E4321200019111",
        "施設・場所名": "上小学校",
        "住所": "熊本県上天草市大矢野町上1119",
        "指定緊急避難場所との住所同一": "1",
        "その他市町村長が必要と認める事項": "",
        "受入対象者": "",
        "備考": ""
      }
    },
    {
      "type": "Feature",
      "geometry": {
        "type": "Point",
        "coordinates": [
          130.427795,
          32.586938
        ]
      },
      "properties": {
        "NO": "847",
        "共通ID": "E4321200021111",
        "施設・場所名": "大矢野自然休養村管理センター",
        "住所": "熊本県上天草市大矢野町上1539",
        "指定緊急避難場所との住所同一": "1",
        "その他市町村長が必要と認める事項": "",
        "受入対象者": "",
        "備考": ""
      }
    },
    {
      "type": "Feature",
      "geometry": {
        "type": "Point",
        "coordinates": [
          130.422076,
          32.601643
        ]
      },
      "properties": {
        "NO": "848",
        "共通ID": "E4321200022111",
        "施設・場所名": "旧上北小学校体育館",
        "住所": "熊本県上天草市大矢野町上3360",
        "指定緊急避難場所との住所同一": "1",
        "その他市町村長が必要と認める事項": "",
        "受入対象者": "",
        "備考": ""
      }
    },
    {
      "type": "Feature",
      "geometry": {
        "type": "Point",
        "coordinates": [
          130.419649,
          32.577924
        ]
      },
      "properties": {
        "NO": "849",
        "共通ID": "E4321200024111",
        "施設・場所名": "大矢野老人福祉センター",
        "住所": "熊本県上天草市大矢野町中11582-1",
        "指定緊急避難場所との住所同一": "1",
        "その他市町村長が必要と認める事項": "",
        "受入対象者": "",
        "備考": ""
      }
    },
    {
      "type": "Feature",
      "geometry": {
        "type": "Point",
        "coordinates": [
          130.433757,
          32.573276
        ]
      },
      "properties": {
        "NO": "850",
        "共通ID": "E4321200025111",
        "施設・場所名": "中北小学校",
        "住所": "熊本県上天草市大矢野町中1918",
        "指定緊急避難場所との住所同一": "1",
        "その他市町村長が必要と認める事項": "",
        "受入対象者": "",
        "備考": ""
      }
    },
    {
      "type": "Feature",
      "geometry": {
        "type": "Point",
        "coordinates": [
          130.422964,
          32.573336
        ]
      },
      "properties": {
        "NO": "851",
        "共通ID": "E4321200026111",
        "施設・場所名": "大矢野総合体育館",
        "住所": "熊本県上天草市大矢野町中2289",
        "指定緊急避難場所との住所同一": "1",
        "その他市町村長が必要と認める事項": "",
        "受入対象者": "",
        "備考": ""
      }
    },
    {
      "type": "Feature",
      "geometry": {
        "type": "Point",
        "coordinates": [
          130.430264,
          32.582945
        ]
      },
      "properties": {
        "NO": "852",
        "共通ID": "E4321200027111",
        "施設・場所名": "大矢野中学校",
        "住所": "熊本県上天草市大矢野町中483",
        "指定緊急避難場所との住所同一": "1",
        "その他市町村長が必要と認める事項": "",
        "受入対象者": "",
        "備考": ""
      }
    },
    {
      "type": "Feature",
      "geometry": {
        "type": "Point",
        "coordinates": [
          130.441669,
          32.567816
        ]
      },
      "properties": {
        "NO": "853",
        "共通ID": "E4321200028111",
        "施設・場所名": "上天草高等学校",
        "住所": "熊本県上天草市大矢野町中5424",
        "指定緊急避難場所との住所同一": "1",
        "その他市町村長が必要と認める事項": "",
        "受入対象者": "",
        "備考": ""
      }
    },
    {
      "type": "Feature",
      "geometry": {
        "type": "Point",
        "coordinates": [
          130.435946,
          32.552076
        ]
      },
      "properties": {
        "NO": "854",
        "共通ID": "E4321200030111",
        "施設・場所名": "中南小学校",
        "住所": "熊本県上天草市大矢野町中9720",
        "指定緊急避難場所との住所同一": "1",
        "その他市町村長が必要と認める事項": "",
        "受入対象者": "",
        "備考": ""
      }
    },
    {
      "type": "Feature",
      "geometry": {
        "type": "Point",
        "coordinates": [
          130.421575,
          32.576648
        ]
      },
      "properties": {
        "NO": "855",
        "共通ID": "E4321200068111",
        "施設・場所名": "大矢野図書館",
        "住所": "熊本県上天草市大矢野町中977-5",
        "指定緊急避難場所との住所同一": "1",
        "その他市町村長が必要と認める事項": "",
        "受入対象者": "",
        "備考": ""
      }
    },
    {
      "type": "Feature",
      "geometry": {
        "type": "Point",
        "coordinates": [
          130.440171,
          32.592612
        ]
      },
      "properties": {
        "NO": "856",
        "共通ID": "E4321200031111",
        "施設・場所名": "登立小学校",
        "住所": "熊本県上天草市大矢野町登立14103",
        "指定緊急避難場所との住所同一": "1",
        "その他市町村長が必要と認める事項": "",
        "受入対象者": "",
        "備考": ""
      }
    },
    {
      "type": "Feature",
      "geometry": {
        "type": "Point",
        "coordinates": [
          130.342043,
          32.603668
        ]
      },
      "properties": {
        "NO": "857",
        "共通ID": "E4321200033111",
        "施設・場所名": "湯島小中学校",
        "住所": "熊本県上天草市大矢野町湯島154",
        "指定緊急避難場所との住所同一": "1",
        "その他市町村長が必要と認める事項": "",
        "受入対象者": "",
        "備考": ""
      }
    },
    {
      "type": "Feature",
      "geometry": {
        "type": "Point",
        "coordinates": [
          130.402562,
          32.428557
        ]
      },
      "properties": {
        "NO": "858",
        "共通ID": "E4321200036111",
        "施設・場所名": "姫戸体育館",
        "住所": "熊本県上天草市姫戸町二間戸3408",
        "指定緊急避難場所との住所同一": "1",
        "その他市町村長が必要と認める事項": "",
        "受入対象者": "",
        "備考": ""
      }
    },
    {
      "type": "Feature",
      "geometry": {
        "type": "Point",
        "coordinates": [
          130.407024,
          32.440742
        ]
      },
      "properties": {
        "NO": "859",
        "共通ID": "E4321200040111",
        "施設・場所名": "姫戸中学校",
        "住所": "熊本県上天草市姫戸町姫浦2500",
        "指定緊急避難場所との住所同一": "1",
        "その他市町村長が必要と認める事項": "",
        "受入対象者": "",
        "備考": ""
      }
    },
    {
      "type": "Feature",
      "geometry": {
        "type": "Point",
        "coordinates": [
          130.41506,
          32.442314
        ]
      },
      "properties": {
        "NO": "860",
        "共通ID": "E4321200042112",
        "施設・場所名": "姫戸老人福祉センター",
        "住所": "熊本県上天草市姫戸町姫浦3055-15",
        "指定緊急避難場所との住所同一": "1",
        "その他市町村長が必要と認める事項": "",
        "受入対象者": "",
        "備考": ""
      }
    },
    {
      "type": "Feature",
      "geometry": {
        "type": "Point",
        "coordinates": [
          130.41633,
          32.447271
        ]
      },
      "properties": {
        "NO": "861",
        "共通ID": "E4321200043111",
        "施設・場所名": "姫戸統括支所（姫戸地域振興センター）",
        "住所": "熊本県上天草市姫戸町姫浦3384-5",
        "指定緊急避難場所との住所同一": "1",
        "その他市町村長が必要と認める事項": "",
        "受入対象者": "",
        "備考": ""
      }
    },
    {
      "type": "Feature",
      "geometry": {
        "type": "Point",
        "coordinates": [
          130.406261,
          32.433636
        ]
      },
      "properties": {
        "NO": "862",
        "共通ID": "E4321200047112",
        "施設・場所名": "姫戸小学校体育館",
        "住所": "熊本県上天草市姫戸町姫浦656-3",
        "指定緊急避難場所との住所同一": "1",
        "その他市町村長が必要と認める事項": "",
        "受入対象者": "",
        "備考": ""
      }
    },
    {
      "type": "Feature",
      "geometry": {
        "type": "Point",
        "coordinates": [
          130.392065,
          32.393878
        ]
      },
      "properties": {
        "NO": "863",
        "共通ID": "E4321200049111",
        "施設・場所名": "龍ヶ岳体育館",
        "住所": "熊本県上天草市龍ケ岳町高戸1419-12",
        "指定緊急避難場所との住所同一": "1",
        "その他市町村長が必要と認める事項": "",
        "受入対象者": "",
        "備考": ""
      }
    },
    {
      "type": "Feature",
      "geometry": {
        "type": "Point",
        "coordinates": [
          130.367451,
          32.390945
        ]
      },
      "properties": {
        "NO": "864",
        "共通ID": "E4321200056111",
        "施設・場所名": "大道老人福祉センター",
        "住所": "熊本県上天草市龍ケ岳町大道3669-1",
        "指定緊急避難場所との住所同一": "1",
        "その他市町村長が必要と認める事項": "",
        "受入対象者": "",
        "備考": ""
      }
    },
    {
      "type": "Feature",
      "geometry": {
        "type": "Point",
        "coordinates": [
          130.411461,
          32.395607
        ]
      },
      "properties": {
        "NO": "865",
        "共通ID": "E4321200058111",
        "施設・場所名": "樋島老人福祉センター（樋島出張所）",
        "住所": "熊本県上天草市龍ケ岳町樋島2-11",
        "指定緊急避難場所との住所同一": "1",
        "その他市町村長が必要と認める事項": "",
        "受入対象者": "",
        "備考": ""
      }
    },
    {
      "type": "Feature",
      "geometry": {
        "type": "Point",
        "coordinates": [
          130.412432,
          32.391385
        ]
      },
      "properties": {
        "NO": "866",
        "共通ID": "E4321200061111",
        "施設・場所名": "樋島体育館",
        "住所": "熊本県上天草市龍ケ岳町樋島500-1",
        "指定緊急避難場所との住所同一": "1",
        "その他市町村長が必要と認める事項": "",
        "受入対象者": "",
        "備考": ""
      }
    },
    {
      "type": "Feature",
      "geometry": {
        "type": "Point",
        "coordinates": [
          130.389595,
          32.394224
        ]
      },
      "properties": {
        "NO": "867",
        "共通ID": "E4321200067111",
        "施設・場所名": "龍ヶ岳統括支所（龍ヶ岳地域振興センター）",
        "住所": "熊本県上天草市龍ヶ岳町高戸1412",
        "指定緊急避難場所との住所同一": "",
        "その他市町村長が必要と認める事項": "",
        "受入対象者": "",
        "備考": ""
      }
    },
    {
      "type": "Feature",
      "geometry": {
        "type": "Point",
        "coordinates": [
          130.39999,
          32.3966
        ]
      },
      "properties": {
        "NO": "868",
        "共通ID": "E4321200064111",
        "施設・場所名": "龍ヶ岳中学校",
        "住所": "熊本県上天草市龍ヶ岳町高戸3053-1",
        "指定緊急避難場所との住所同一": "1",
        "その他市町村長が必要と認める事項": "",
        "受入対象者": "",
        "備考": ""
      }
    },
    {
      "type": "Feature",
      "geometry": {
        "type": "Point",
        "coordinates": [
          130.720161,
          32.23078
        ]
      },
      "properties": {
        "NO": "869",
        "共通ID": "E4320300002121",
        "施設・場所名": "特別養護老人ホーム龍生園",
        "住所": "熊本県人吉市下原田町字瓜生田1057-9",
        "指定緊急避難場所との住所同一": "",
        "その他市町村長が必要と認める事項": "左記の者のうち、要介護者は家族付添い",
        "受入対象者": "高齢者（要配慮者）",
        "備考": ""
      }
    },
    {
      "type": "Feature",
      "geometry": {
        "type": "Point",
        "coordinates": [
          130.724358,
          32.231716
        ]
      },
      "properties": {
        "NO": "870",
        "共通ID": "E4320300034111",
        "施設・場所名": "中原コミュニティセンター",
        "住所": "熊本県人吉市下原田町字荒毛2136",
        "指定緊急避難場所との住所同一": "1",
        "その他市町村長が必要と認める事項": "",
        "受入対象者": "",
        "備考": ""
      }
    },
    {
      "type": "Feature",
      "geometry": {
        "type": "Point",
        "coordinates": [
          130.736667,
          32.206405
        ]
      },
      "properties": {
        "NO": "871",
        "共通ID": "E4320300004111",
        "施設・場所名": "西瀬小学校",
        "住所": "熊本県人吉市下戸越町1654-1",
        "指定緊急避難場所との住所同一": "1",
        "その他市町村長が必要と認める事項": null,
        "受入対象者": null,
        "備考": ""
      }
    },
    {
      "type": "Feature",
      "geometry": {
        "type": "Point",
        "coordinates": [
          130.73616,
          32.207001
        ]
      },
      "properties": {
        "NO": "872",
        "共通ID": "E4320300039111",
        "施設・場所名": "西瀬コミュニティセンター",
        "住所": "熊本県人吉市下戸越町1678-1",
        "指定緊急避難場所との住所同一": "",
        "その他市町村長が必要と認める事項": "",
        "受入対象者": "",
        "備考": ""
      }
    },
    {
      "type": "Feature",
      "geometry": {
        "type": "Point",
        "coordinates": [
          130.793486,
          32.190651
        ]
      },
      "properties": {
        "NO": "873",
        "共通ID": "E4320300040121",
        "施設・場所名": "介護老人保健施設タンポポ",
        "住所": "熊本県人吉市下漆田町1538",
        "指定緊急避難場所との住所同一": "",
        "その他市町村長が必要と認める事項": "",
        "受入対象者": "高齢者（要支援・介護認定を受けていない要配慮者）、その他、在宅で一般の避難所での生活では何らかの支障をきたす者（要付添）",
        "備考": ""
      }
    },
    {
      "type": "Feature",
      "geometry": {
        "type": "Point",
        "coordinates": [
          130.739131,
          32.218115
        ]
      },
      "properties": {
        "NO": "874",
        "共通ID": "E4320300006111",
        "施設・場所名": "人吉スポーツパレス",
        "住所": "熊本県人吉市下城本町1566-1",
        "指定緊急避難場所との住所同一": "1",
        "その他市町村長が必要と認める事項": null,
        "受入対象者": null,
        "備考": ""
      }
    },
    {
      "type": "Feature",
      "geometry": {
        "type": "Point",
        "coordinates": [
          130.775402,
          32.196393
        ]
      },
      "properties": {
        "NO": "875",
        "共通ID": "E4320300008111",
        "施設・場所名": "東間コミュニティセンター",
        "住所": "熊本県人吉市蟹作町1531-1",
        "指定緊急避難場所との住所同一": "1",
        "その他市町村長が必要と認める事項": null,
        "受入対象者": null,
        "備考": ""
      }
    },
    {
      "type": "Feature",
      "geometry": {
        "type": "Point",
        "coordinates": [
          130.781436,
          32.193606
        ]
      },
      "properties": {
        "NO": "876",
        "共通ID": "E4320300009121",
        "施設・場所名": "人吉市養護老人ホーム延寿荘",
        "住所": "熊本県人吉市蟹作町211-1",
        "指定緊急避難場所との住所同一": "",
        "その他市町村長が必要と認める事項": "左記の者のうち、事前に市が特定し、環境調整を事前に行った者",
        "受入対象者": "高齢者（自立度の高い方）",
        "備考": ""
      }
    },
    {
      "type": "Feature",
      "geometry": {
        "type": "Point",
        "coordinates": [
          130.781583,
          32.193248
        ]
      },
      "properties": {
        "NO": "877",
        "共通ID": "E4320300009122",
        "施設・場所名": "障害者支援施設うぐいす",
        "住所": "熊本県人吉市蟹作町211-1",
        "指定緊急避難場所との住所同一": "",
        "その他市町村長が必要と認める事項": null,
        "受入対象者": "知的障害者及びその家族",
        "備考": ""
      }
    },
    {
      "type": "Feature",
      "geometry": {
        "type": "Point",
        "coordinates": [
          130.774887,
          32.195192
        ]
      },
      "properties": {
        "NO": "878",
        "共通ID": "E4320300010121",
        "施設・場所名": "地域密着型特別養護老人ホームアゼリア",
        "住所": "熊本県人吉市蟹作町3690",
        "指定緊急避難場所との住所同一": "",
        "その他市町村長が必要と認める事項": "左記の者のうち、事前に市が特定し、環境調整を事前に行った者",
        "受入対象者": "高齢者",
        "備考": ""
      }
    },
    {
      "type": "Feature",
      "geometry": {
        "type": "Point",
        "coordinates": [
          130.776959,
          32.230032
        ]
      },
      "properties": {
        "NO": "879",
        "共通ID": "E4320300011111",
        "施設・場所名": "中小企業大学校",
        "住所": "熊本県人吉市鬼木町1769-1",
        "指定緊急避難場所との住所同一": "1",
        "その他市町村長が必要と認める事項": null,
        "受入対象者": null,
        "備考": ""
      }
    },
    {
      "type": "Feature",
      "geometry": {
        "type": "Point",
        "coordinates": [
          130.743757,
          32.236021
        ]
      },
      "properties": {
        "NO": "880",
        "共通ID": "E4320300013121",
        "施設・場所名": "障がい者支援施設けやき",
        "住所": "熊本県人吉市合ノ原町461-2",
        "指定緊急避難場所との住所同一": "",
        "その他市町村長が必要と認める事項": null,
        "受入対象者": "市が特定した者で介助者同伴のみ",
        "備考": ""
      }
    },
    {
      "type": "Feature",
      "geometry": {
        "type": "Point",
        "coordinates": [
          130.761727,
          32.20687
        ]
      },
      "properties": {
        "NO": "881",
        "共通ID": "E4320300014121",
        "施設・場所名": "特別養護老人ホーム聖心ホーム",
        "住所": "熊本県人吉市寺町9-5",
        "指定緊急避難場所との住所同一": "",
        "その他市町村長が必要と認める事項": "左記の者のうち、事前に市が特定し、環境調整を事前に行った者",
        "受入対象者": "高齢者",
        "備考": ""
      }
    },
    {
      "type": "Feature",
      "geometry": {
        "type": "Point",
        "coordinates": [
          130.689084,
          32.190311
        ]
      },
      "properties": {
        "NO": "882",
        "共通ID": "E4320300015111",
        "施設・場所名": "西瀬コミュニティセンター鹿目分館",
        "住所": "熊本県人吉市鹿目町2515",
        "指定緊急避難場所との住所同一": "1",
        "その他市町村長が必要と認める事項": null,
        "受入対象者": null,
        "備考": ""
      }
    },
    {
      "type": "Feature",
      "geometry": {
        "type": "Point",
        "coordinates": [
          130.766888,
          32.216283
        ]
      },
      "properties": {
        "NO": "883",
        "共通ID": "E4320300016111",
        "施設・場所名": "人吉東小学校",
        "住所": "熊本県人吉市七日町100-1",
        "指定緊急避難場所との住所同一": "1",
        "その他市町村長が必要と認める事項": null,
        "受入対象者": null,
        "備考": ""
      }
    },
    {
      "type": "Feature",
      "geometry": {
        "type": "Point",
        "coordinates": [
          130.803963,
          32.167802
        ]
      },
      "properties": {
        "NO": "884",
        "共通ID": "E4320300018111",
        "施設・場所名": "第三中学校",
        "住所": "熊本県人吉市上田代町2008",
        "指定緊急避難場所との住所同一": "1",
        "その他市町村長が必要と認める事項": null,
        "受入対象者": null,
        "備考": ""
      }
    },
    {
      "type": "Feature",
      "geometry": {
        "type": "Point",
        "coordinates": [
          130.744083,
          32.221688
        ]
      },
      "properties": {
        "NO": "885",
        "共通ID": "E4320300019111",
        "施設・場所名": "第二中学校",
        "住所": "熊本県人吉市上林町622",
        "指定緊急避難場所との住所同一": "1",
        "その他市町村長が必要と認める事項": null,
        "受入対象者": null,
        "備考": ""
      }
    },
    {
      "type": "Feature",
      "geometry": {
        "type": "Point",
        "coordinates": [
          130.752503,
          32.219249
        ]
      },
      "properties": {
        "NO": "886",
        "共通ID": "E4320300021111",
        "施設・場所名": "球磨工業高校",
        "住所": "熊本県人吉市城本町800",
        "指定緊急避難場所との住所同一": "1",
        "その他市町村長が必要と認める事項": null,
        "受入対象者": null,
        "備考": ""
      }
    },
    {
      "type": "Feature",
      "geometry": {
        "type": "Point",
        "coordinates": [
          130.754518,
          32.219342
        ]
      },
      "properties": {
        "NO": "887",
        "共通ID": "E4320300022111",
        "施設・場所名": "人吉西小学校",
        "住所": "熊本県人吉市城本町873",
        "指定緊急避難場所との住所同一": "1",
        "その他市町村長が必要と認める事項": null,
        "受入対象者": null,
        "備考": ""
      }
    },
    {
      "type": "Feature",
      "geometry": {
        "type": "Point",
        "coordinates": [
          130.759309,
          32.20572
        ]
      },
      "properties": {
        "NO": "888",
        "共通ID": "E4320300038121",
        "施設・場所名": "人吉市保健センター",
        "住所": "熊本県人吉市西間下町118-1",
        "指定緊急避難場所との住所同一": "1",
        "その他市町村長が必要と認める事項": "",
        "受入対象者": "視覚障害者、聴覚障害者",
        "備考": ""
      }
    },
    {
      "type": "Feature",
      "geometry": {
        "type": "Point",
        "coordinates": [
          130.759307,
          32.205734
        ]
      },
      "properties": {
        "NO": "889",
        "共通ID": "E4320300038111",
        "施設・場所名": "人吉市保健センター",
        "住所": "熊本県人吉市西間下町118-1",
        "指定緊急避難場所との住所同一": "1",
        "その他市町村長が必要と認める事項": "",
        "受入対象者": "",
        "備考": ""
      }
    },
    {
      "type": "Feature",
      "geometry": {
        "type": "Point",
        "coordinates": [
          130.802183,
          32.163111
        ]
      },
      "properties": {
        "NO": "890",
        "共通ID": "E4320300025111",
        "施設・場所名": "大畑コミュニティセンター",
        "住所": "熊本県人吉市大畑町4071-2",
        "指定緊急避難場所との住所同一": "1",
        "その他市町村長が必要と認める事項": null,
        "受入対象者": null,
        "備考": ""
      }
    },
    {
      "type": "Feature",
      "geometry": {
        "type": "Point",
        "coordinates": [
          130.803548,
          32.162922
        ]
      },
      "properties": {
        "NO": "891",
        "共通ID": "E4320300026111",
        "施設・場所名": "大畑小学校",
        "住所": "熊本県人吉市大畑町4097",
        "指定緊急避難場所との住所同一": "1",
        "その他市町村長が必要と認める事項": null,
        "受入対象者": null,
        "備考": ""
      }
    },
    {
      "type": "Feature",
      "geometry": {
        "type": "Point",
        "coordinates": [
          130.719534,
          32.224806
        ]
      },
      "properties": {
        "NO": "892",
        "共通ID": "E4320300037111",
        "施設・場所名": "中原小学校",
        "住所": "熊本県人吉市中神町字段548",
        "指定緊急避難場所との住所同一": "1",
        "その他市町村長が必要と認める事項": "",
        "受入対象者": "",
        "備考": ""
      }
    },
    {
      "type": "Feature",
      "geometry": {
        "type": "Point",
        "coordinates": [
          130.68229,
          32.138212
        ]
      },
      "properties": {
        "NO": "893",
        "共通ID": "E4320300028111",
        "施設・場所名": "田野活性化センター",
        "住所": "熊本県人吉市田野町3392-2",
        "指定緊急避難場所との住所同一": "1",
        "その他市町村長が必要と認める事項": null,
        "受入対象者": null,
        "備考": ""
      }
    },
    {
      "type": "Feature",
      "geometry": {
        "type": "Point",
        "coordinates": [
          130.759332,
          32.207752
        ]
      },
      "properties": {
        "NO": "894",
        "共通ID": "E4320300029111",
        "施設・場所名": "第一中学校",
        "住所": "熊本県人吉市土手町36-3",
        "指定緊急避難場所との住所同一": "1",
        "その他市町村長が必要と認める事項": null,
        "受入対象者": null,
        "備考": ""
      }
    },
    {
      "type": "Feature",
      "geometry": {
        "type": "Point",
        "coordinates": [
          130.766611,
          32.203725
        ]
      },
      "properties": {
        "NO": "895",
        "共通ID": "E4320300030111",
        "施設・場所名": "東間小学校",
        "住所": "熊本県人吉市東間下町2683",
        "指定緊急避難場所との住所同一": "1",
        "その他市町村長が必要と認める事項": null,
        "受入対象者": null,
        "備考": ""
      }
    },
    {
      "type": "Feature",
      "geometry": {
        "type": "Point",
        "coordinates": [
          130.761221,
          32.217517
        ]
      },
      "properties": {
        "NO": "896",
        "共通ID": "E4320300031111",
        "施設・場所名": "人吉商工会議所",
        "住所": "熊本県人吉市南泉田町3-3",
        "指定緊急避難場所との住所同一": "",
        "その他市町村長が必要と認める事項": null,
        "受入対象者": null,
        "備考": ""
      }
    },
    {
      "type": "Feature",
      "geometry": {
        "type": "Point",
        "coordinates": [
          130.767882,
          32.220476
        ]
      },
      "properties": {
        "NO": "897",
        "共通ID": "E4320300032111",
        "施設・場所名": "人吉高校",
        "住所": "熊本県人吉市北泉田町350",
        "指定緊急避難場所との住所同一": "1",
        "その他市町村長が必要と認める事項": "",
        "受入対象者": "",
        "備考": ""
      }
    },
    {
      "type": "Feature",
      "geometry": {
        "type": "Point",
        "coordinates": [
          130.987046,
          32.294948
        ]
      },
      "properties": {
        "NO": "898",
        "共通ID": "E4350700007122",
        "施設・場所名": "岩野公民館",
        "住所": "熊本県水上村大字岩野2678",
        "指定緊急避難場所との住所同一": "1",
        "その他市町村長が必要と認める事項": null,
        "受入対象者": "要配慮者",
        "備考": ""
      }
    },
    {
      "type": "Feature",
      "geometry": {
        "type": "Point",
        "coordinates": [
          130.986918,
          32.294517
        ]
      },
      "properties": {
        "NO": "899",
        "共通ID": "E4350700007121",
        "施設・場所名": "保健センター",
        "住所": "熊本県水上村大字岩野2678",
        "指定緊急避難場所との住所同一": "1",
        "その他市町村長が必要と認める事項": null,
        "受入対象者": "要配慮者",
        "備考": ""
      }
    },
    {
      "type": "Feature",
      "geometry": {
        "type": "Point",
        "coordinates": [
          130.986653,
          32.294011
        ]
      },
      "properties": {
        "NO": "900",
        "共通ID": "E4350700009111",
        "施設・場所名": "村民体育館",
        "住所": "熊本県水上村大字岩野2886",
        "指定緊急避難場所との住所同一": "1",
        "その他市町村長が必要と認める事項": null,
        "受入対象者": null,
        "備考": ""
      }
    },
    {
      "type": "Feature",
      "geometry": {
        "type": "Point",
        "coordinates": [
          131.009457,
          32.314352
        ]
      },
      "properties": {
        "NO": "901",
        "共通ID": "E4350700012121",
        "施設・場所名": "水上村役場",
        "住所": "熊本県水上村大字岩野90",
        "指定緊急避難場所との住所同一": "1",
        "その他市町村長が必要と認める事項": null,
        "受入対象者": "要配慮者",
        "備考": ""
      }
    },
    {
      "type": "Feature",
      "geometry": {
        "type": "Point",
        "coordinates": [
          131.024321,
          32.379072
        ]
      },
      "properties": {
        "NO": "902",
        "共通ID": "E4350700014121",
        "施設・場所名": "江代地域防災拠点施設",
        "住所": "熊本県水上村大字江代1255-3",
        "指定緊急避難場所との住所同一": "1",
        "その他市町村長が必要と認める事項": null,
        "受入対象者": "要配慮者",
        "備考": ""
      }
    },
    {
      "type": "Feature",
      "geometry": {
        "type": "Point",
        "coordinates": [
          131.024518,
          32.378945
        ]
      },
      "properties": {
        "NO": "903",
        "共通ID": "E4350700015111",
        "施設・場所名": "旧古屋敷体育館",
        "住所": "熊本県水上村大字江代1274-1",
        "指定緊急避難場所との住所同一": "1",
        "その他市町村長が必要と認める事項": null,
        "受入対象者": null,
        "備考": ""
      }
    },
    {
      "type": "Feature",
      "geometry": {
        "type": "Point",
        "coordinates": [
          131.021942,
          32.378838
        ]
      },
      "properties": {
        "NO": "904",
        "共通ID": "E4350700017121",
        "施設・場所名": "江代地区集会施設",
        "住所": "熊本県水上村大字江代1658-2",
        "指定緊急避難場所との住所同一": "1",
        "その他市町村長が必要と認める事項": null,
        "受入対象者": "要配慮者",
        "備考": ""
      }
    },
    {
      "type": "Feature",
      "geometry": {
        "type": "Point",
        "coordinates": [
          131.041199,
          32.319812
        ]
      },
      "properties": {
        "NO": "905",
        "共通ID": "E4350700025111",
        "施設・場所名": "湯山保育所",
        "住所": "熊本県水上村大字湯山1549",
        "指定緊急避難場所との住所同一": "1",
        "その他市町村長が必要と認める事項": null,
        "受入対象者": null,
        "備考": ""
      }
    },
    {
      "type": "Feature",
      "geometry": {
        "type": "Point",
        "coordinates": [
          131.044752,
          32.315633
        ]
      },
      "properties": {
        "NO": "906",
        "共通ID": "E4350700031121",
        "施設・場所名": "湯山地域交流センター",
        "住所": "熊本県水上村大字湯山412",
        "指定緊急避難場所との住所同一": "1",
        "その他市町村長が必要と認める事項": null,
        "受入対象者": "要配慮者",
        "備考": ""
      }
    },
    {
      "type": "Feature",
      "geometry": {
        "type": "Point",
        "coordinates": [
          131.044802,
          32.315759
        ]
      },
      "properties": {
        "NO": "907",
        "共通ID": "E4350700031111",
        "施設・場所名": "旧湯山小学校体育館",
        "住所": "熊本県水上村大字湯山412",
        "指定緊急避難場所との住所同一": "1",
        "その他市町村長が必要と認める事項": "",
        "受入対象者": "",
        "備考": ""
      }
    },
    {
      "type": "Feature",
      "geometry": {
        "type": "Point",
        "coordinates": [
          130.402503,
          32.208505
        ]
      },
      "properties": {
        "NO": "908",
        "共通ID": "E4320500003111",
        "施設・場所名": "５区公民館",
        "住所": "熊本県水俣市旭町2-56-5",
        "指定緊急避難場所との住所同一": "1",
        "その他市町村長が必要と認める事項": null,
        "受入対象者": null,
        "備考": ""
      }
    },
    {
      "type": "Feature",
      "geometry": {
        "type": "Point",
        "coordinates": [
          130.397551,
          32.209128
        ]
      },
      "properties": {
        "NO": "909",
        "共通ID": "E4320500004111",
        "施設・場所名": "第二小学校体育館（校舎２階）",
        "住所": "熊本県水俣市栄町1-2-1",
        "指定緊急避難場所との住所同一": "1",
        "その他市町村長が必要と認める事項": null,
        "受入対象者": null,
        "備考": ""
      }
    },
    {
      "type": "Feature",
      "geometry": {
        "type": "Point",
        "coordinates": [
          130.519589,
          32.166722
        ]
      },
      "properties": {
        "NO": "910",
        "共通ID": "E4320500005111",
        "施設・場所名": "日当野公民館",
        "住所": "熊本県水俣市越小場164-4",
        "指定緊急避難場所との住所同一": "1",
        "その他市町村長が必要と認める事項": null,
        "受入対象者": null,
        "備考": ""
      }
    },
    {
      "type": "Feature",
      "geometry": {
        "type": "Point",
        "coordinates": [
          130.521113,
          32.152773
        ]
      },
      "properties": {
        "NO": "911",
        "共通ID": "E4320500006111",
        "施設・場所名": "越小場公民館",
        "住所": "熊本県水俣市越小場845-1",
        "指定緊急避難場所との住所同一": "1",
        "その他市町村長が必要と認める事項": null,
        "受入対象者": null,
        "備考": ""
      }
    },
    {
      "type": "Feature",
      "geometry": {
        "type": "Point",
        "coordinates": [
          130.394523,
          32.213718
        ]
      },
      "properties": {
        "NO": "912",
        "共通ID": "E4320500007111",
        "施設・場所名": "第二中学校体育館（校舎２階）",
        "住所": "熊本県水俣市塩浜町3-1",
        "指定緊急避難場所との住所同一": "1",
        "その他市町村長が必要と認める事項": null,
        "受入対象者": null,
        "備考": ""
      }
    },
    {
      "type": "Feature",
      "geometry": {
        "type": "Point",
        "coordinates": [
          130.394668,
          32.213752
        ]
      },
      "properties": {
        "NO": "913",
        "共通ID": "E4320500007112",
        "施設・場所名": "第二中学校校舎",
        "住所": "熊本県水俣市塩浜町3-1",
        "指定緊急避難場所との住所同一": "1",
        "その他市町村長が必要と認める事項": null,
        "受入対象者": null,
        "備考": ""
      }
    },
    {
      "type": "Feature",
      "geometry": {
        "type": "Point",
        "coordinates": [
          130.45913,
          32.173349
        ]
      },
      "properties": {
        "NO": "914",
        "共通ID": "E4320500010111",
        "施設・場所名": "葛彩館",
        "住所": "熊本県水俣市葛渡67-1",
        "指定緊急避難場所との住所同一": "1",
        "その他市町村長が必要と認める事項": null,
        "受入対象者": null,
        "備考": ""
      }
    },
    {
      "type": "Feature",
      "geometry": {
        "type": "Point",
        "coordinates": [
          130.525735,
          32.173029
        ]
      },
      "properties": {
        "NO": "915",
        "共通ID": "E4320500012111",
        "施設・場所名": "２３区集会所",
        "住所": "熊本県水俣市久木野1041-1",
        "指定緊急避難場所との住所同一": "1",
        "その他市町村長が必要と認める事項": null,
        "受入対象者": null,
        "備考": ""
      }
    },
    {
      "type": "Feature",
      "geometry": {
        "type": "Point",
        "coordinates": [
          130.527618,
          32.171968
        ]
      },
      "properties": {
        "NO": "916",
        "共通ID": "E4320500013111",
        "施設・場所名": "愛林館",
        "住所": "熊本県水俣市久木野1071-4",
        "指定緊急避難場所との住所同一": "1",
        "その他市町村長が必要と認める事項": null,
        "受入対象者": null,
        "備考": ""
      }
    },
    {
      "type": "Feature",
      "geometry": {
        "type": "Point",
        "coordinates": [
          130.382562,
          32.188737
        ]
      },
      "properties": {
        "NO": "917",
        "共通ID": "E4320500017111",
        "施設・場所名": "おれんじ館",
        "住所": "熊本県水俣市月浦195-2",
        "指定緊急避難場所との住所同一": "1",
        "その他市町村長が必要と認める事項": null,
        "受入対象者": null,
        "備考": ""
      }
    },
    {
      "type": "Feature",
      "geometry": {
        "type": "Point",
        "coordinates": [
          130.386615,
          32.189472
        ]
      },
      "properties": {
        "NO": "918",
        "共通ID": "E4320500018111",
        "施設・場所名": "坂口公民館",
        "住所": "熊本県水俣市月浦319",
        "指定緊急避難場所との住所同一": "1",
        "その他市町村長が必要と認める事項": null,
        "受入対象者": null,
        "備考": ""
      }
    },
    {
      "type": "Feature",
      "geometry": {
        "type": "Point",
        "coordinates": [
          130.383,
          32.185991
        ]
      },
      "properties": {
        "NO": "919",
        "共通ID": "E4320500019111",
        "施設・場所名": "出月公民館",
        "住所": "熊本県水俣市月浦367-7",
        "指定緊急避難場所との住所同一": "1",
        "その他市町村長が必要と認める事項": null,
        "受入対象者": null,
        "備考": ""
      }
    },
    {
      "type": "Feature",
      "geometry": {
        "type": "Point",
        "coordinates": [
          130.393854,
          32.193766
        ]
      },
      "properties": {
        "NO": "920",
        "共通ID": "E4320500020111",
        "施設・場所名": "はぜのき館",
        "住所": "熊本県水俣市月浦453-3",
        "指定緊急避難場所との住所同一": "1",
        "その他市町村長が必要と認める事項": null,
        "受入対象者": null,
        "備考": ""
      }
    },
    {
      "type": "Feature",
      "geometry": {
        "type": "Point",
        "coordinates": [
          130.415417,
          32.207796
        ]
      },
      "properties": {
        "NO": "921",
        "共通ID": "E4320500024111",
        "施設・場所名": "厚生会館",
        "住所": "熊本県水俣市古城1-6-88",
        "指定緊急避難場所との住所同一": "1",
        "その他市町村長が必要と認める事項": null,
        "受入対象者": null,
        "備考": ""
      }
    },
    {
      "type": "Feature",
      "geometry": {
        "type": "Point",
        "coordinates": [
          130.431744,
          32.209893
        ]
      },
      "properties": {
        "NO": "922",
        "共通ID": "E4320500028111",
        "施設・場所名": "初野集会所",
        "住所": "熊本県水俣市初野186",
        "指定緊急避難場所との住所同一": "1",
        "その他市町村長が必要と認める事項": null,
        "受入対象者": null,
        "備考": ""
      }
    },
    {
      "type": "Feature",
      "geometry": {
        "type": "Point",
        "coordinates": [
          130.433504,
          32.21337
        ]
      },
      "properties": {
        "NO": "923",
        "共通ID": "E4320500029111",
        "施設・場所名": "水東小学校",
        "住所": "熊本県水俣市初野55",
        "指定緊急避難場所との住所同一": "1",
        "その他市町村長が必要と認める事項": null,
        "受入対象者": null,
        "備考": ""
      }
    },
    {
      "type": "Feature",
      "geometry": {
        "type": "Point",
        "coordinates": [
          130.447633,
          32.179453
        ]
      },
      "properties": {
        "NO": "924",
        "共通ID": "E4320500030111",
        "施設・場所名": "深川駅跡地休憩所",
        "住所": "熊本県水俣市深川地内",
        "指定緊急避難場所との住所同一": "1",
        "その他市町村長が必要と認める事項": null,
        "受入対象者": null,
        "備考": ""
      }
    },
    {
      "type": "Feature",
      "geometry": {
        "type": "Point",
        "coordinates": [
          130.408676,
          32.211829
        ]
      },
      "properties": {
        "NO": "925",
        "共通ID": "E4320500031111",
        "施設・場所名": "水俣市役所",
        "住所": "熊本県水俣市陣内1-1-1",
        "指定緊急避難場所との住所同一": "1",
        "その他市町村長が必要と認める事項": "",
        "受入対象者": "",
        "備考": ""
      }
    },
    {
      "type": "Feature",
      "geometry": {
        "type": "Point",
        "coordinates": [
          130.408352,
          32.213111
        ]
      },
      "properties": {
        "NO": "926",
        "共通ID": "E4320500032111",
        "施設・場所名": "第一小学校体育館",
        "住所": "熊本県水俣市陣内1-1-2",
        "指定緊急避難場所との住所同一": "1",
        "その他市町村長が必要と認める事項": null,
        "受入対象者": null,
        "備考": ""
      }
    },
    {
      "type": "Feature",
      "geometry": {
        "type": "Point",
        "coordinates": [
          130.479804,
          32.162034
        ]
      },
      "properties": {
        "NO": "927",
        "共通ID": "E4320500033111",
        "施設・場所名": "石坂川生涯学習センター",
        "住所": "熊本県水俣市石坂川113",
        "指定緊急避難場所との住所同一": "1",
        "その他市町村長が必要と認める事項": null,
        "受入対象者": null,
        "備考": ""
      }
    },
    {
      "type": "Feature",
      "geometry": {
        "type": "Point",
        "coordinates": [
          130.496174,
          32.138421
        ]
      },
      "properties": {
        "NO": "928",
        "共通ID": "E4320500035111",
        "施設・場所名": "旧石飛分校",
        "住所": "熊本県水俣市石坂川370-84",
        "指定緊急避難場所との住所同一": "1",
        "その他市町村長が必要と認める事項": null,
        "受入対象者": null,
        "備考": ""
      }
    },
    {
      "type": "Feature",
      "geometry": {
        "type": "Point",
        "coordinates": [
          130.400902,
          32.213556
        ]
      },
      "properties": {
        "NO": "929",
        "共通ID": "E4320500036112",
        "施設・場所名": "水俣市高齢者福祉センター",
        "住所": "熊本県水俣市洗切町1-1",
        "指定緊急避難場所との住所同一": "1",
        "その他市町村長が必要と認める事項": null,
        "受入対象者": null,
        "備考": ""
      }
    },
    {
      "type": "Feature",
      "geometry": {
        "type": "Point",
        "coordinates": [
          130.400988,
          32.213514
        ]
      },
      "properties": {
        "NO": "930",
        "共通ID": "E4320500036111",
        "施設・場所名": "公民館分館",
        "住所": "熊本県水俣市洗切町1-1",
        "指定緊急避難場所との住所同一": "1",
        "その他市町村長が必要と認める事項": null,
        "受入対象者": null,
        "備考": ""
      }
    },
    {
      "type": "Feature",
      "geometry": {
        "type": "Point",
        "coordinates": [
          130.379577,
          32.175975
        ]
      },
      "properties": {
        "NO": "931",
        "共通ID": "E4320500038111",
        "施設・場所名": "袋小中学校体育館",
        "住所": "熊本県水俣市袋1403-2",
        "指定緊急避難場所との住所同一": "1",
        "その他市町村長が必要と認める事項": null,
        "受入対象者": null,
        "備考": ""
      }
    },
    {
      "type": "Feature",
      "geometry": {
        "type": "Point",
        "coordinates": [
          130.384616,
          32.177946
        ]
      },
      "properties": {
        "NO": "932",
        "共通ID": "E4320500042111",
        "施設・場所名": "総合体育館（南部館）",
        "住所": "熊本県水俣市袋９３３外",
        "指定緊急避難場所との住所同一": "1",
        "その他市町村長が必要と認める事項": null,
        "受入対象者": null,
        "備考": ""
      }
    },
    {
      "type": "Feature",
      "geometry": {
        "type": "Point",
        "coordinates": [
          130.568121,
          32.172379
        ]
      },
      "properties": {
        "NO": "933",
        "共通ID": "E4320500044111",
        "施設・場所名": "大川公民館",
        "住所": "熊本県水俣市大川553-2",
        "指定緊急避難場所との住所同一": "1",
        "その他市町村長が必要と認める事項": null,
        "受入対象者": null,
        "備考": ""
      }
    },
    {
      "type": "Feature",
      "geometry": {
        "type": "Point",
        "coordinates": [
          130.406995,
          32.20863
        ]
      },
      "properties": {
        "NO": "934",
        "共通ID": "E4320500046111",
        "施設・場所名": "総合体育館（本館）",
        "住所": "熊本県水俣市中央公園1",
        "指定緊急避難場所との住所同一": "1",
        "その他市町村長が必要と認める事項": null,
        "受入対象者": null,
        "備考": ""
      }
    },
    {
      "type": "Feature",
      "geometry": {
        "type": "Point",
        "coordinates": [
          130.438347,
          32.193266
        ]
      },
      "properties": {
        "NO": "935",
        "共通ID": "E4320500047112",
        "施設・場所名": "水俣市企業支援センター深川分室",
        "住所": "熊本県水俣市中鶴539-1",
        "指定緊急避難場所との住所同一": "1",
        "その他市町村長が必要と認める事項": null,
        "受入対象者": null,
        "備考": ""
      }
    },
    {
      "type": "Feature",
      "geometry": {
        "type": "Point",
        "coordinates": [
          130.438117,
          32.192867
        ]
      },
      "properties": {
        "NO": "936",
        "共通ID": "E4320500047111",
        "施設・場所名": "深川生涯学習センター",
        "住所": "熊本県水俣市中鶴539-1",
        "指定緊急避難場所との住所同一": "1",
        "その他市町村長が必要と認める事項": null,
        "受入対象者": null,
        "備考": ""
      }
    },
    {
      "type": "Feature",
      "geometry": {
        "type": "Point",
        "coordinates": [
          130.404547,
          32.175353
        ]
      },
      "properties": {
        "NO": "937",
        "共通ID": "E4320500048111",
        "施設・場所名": "野川公民館",
        "住所": "熊本県水俣市長崎1201",
        "指定緊急避難場所との住所同一": "1",
        "その他市町村長が必要と認める事項": null,
        "受入対象者": null,
        "備考": ""
      }
    },
    {
      "type": "Feature",
      "geometry": {
        "type": "Point",
        "coordinates": [
          130.426944,
          32.151151
        ]
      },
      "properties": {
        "NO": "938",
        "共通ID": "E4320500049111",
        "施設・場所名": "木臼野公民館",
        "住所": "熊本県水俣市長崎278",
        "指定緊急避難場所との住所同一": "1",
        "その他市町村長が必要と認める事項": null,
        "受入対象者": null,
        "備考": ""
      }
    },
    {
      "type": "Feature",
      "geometry": {
        "type": "Point",
        "coordinates": [
          130.417491,
          32.156891
        ]
      },
      "properties": {
        "NO": "939",
        "共通ID": "E4320500050111",
        "施設・場所名": "茂川公民館",
        "住所": "熊本県水俣市長崎443-2",
        "指定緊急避難場所との住所同一": "1",
        "その他市町村長が必要と認める事項": null,
        "受入対象者": null,
        "備考": ""
      }
    },
    {
      "type": "Feature",
      "geometry": {
        "type": "Point",
        "coordinates": [
          130.413307,
          32.175781
        ]
      },
      "properties": {
        "NO": "940",
        "共通ID": "E4320500051111",
        "施設・場所名": "１６部消防格納庫",
        "住所": "熊本県水俣市長崎960",
        "指定緊急避難場所との住所同一": "1",
        "その他市町村長が必要と認める事項": null,
        "受入対象者": null,
        "備考": ""
      }
    },
    {
      "type": "Feature",
      "geometry": {
        "type": "Point",
        "coordinates": [
          130.423745,
          32.202467
        ]
      },
      "properties": {
        "NO": "941",
        "共通ID": "E4320500052111",
        "施設・場所名": "７区公民館",
        "住所": "熊本県水俣市長野町8-8",
        "指定緊急避難場所との住所同一": "1",
        "その他市町村長が必要と認める事項": null,
        "受入対象者": null,
        "備考": ""
      }
    },
    {
      "type": "Feature",
      "geometry": {
        "type": "Point",
        "coordinates": [
          130.439494,
          32.147545
        ]
      },
      "properties": {
        "NO": "942",
        "共通ID": "E4320500053111",
        "施設・場所名": "湯の鶴温泉保健センター",
        "住所": "熊本県水俣市湯出1532-2",
        "指定緊急避難場所との住所同一": "1",
        "その他市町村長が必要と認める事項": null,
        "受入対象者": null,
        "備考": ""
      }
    },
    {
      "type": "Feature",
      "geometry": {
        "type": "Point",
        "coordinates": [
          130.441152,
          32.153226
        ]
      },
      "properties": {
        "NO": "943",
        "共通ID": "E4320500054111",
        "施設・場所名": "旧湯出中学校校舎",
        "住所": "熊本県水俣市湯出1641",
        "指定緊急避難場所との住所同一": "1",
        "その他市町村長が必要と認める事項": null,
        "受入対象者": null,
        "備考": ""
      }
    },
    {
      "type": "Feature",
      "geometry": {
        "type": "Point",
        "coordinates": [
          130.410027,
          32.202958
        ]
      },
      "properties": {
        "NO": "944",
        "共通ID": "E4320500055111",
        "施設・場所名": "水俣環境アカデミア",
        "住所": "熊本県水俣市南福寺6-1",
        "指定緊急避難場所との住所同一": "1",
        "その他市町村長が必要と認める事項": null,
        "受入対象者": null,
        "備考": ""
      }
    },
    {
      "type": "Feature",
      "geometry": {
        "type": "Point",
        "coordinates": [
          130.452329,
          32.175092
        ]
      },
      "properties": {
        "NO": "945",
        "共通ID": "E4320500057111",
        "施設・場所名": "桜野集会所",
        "住所": "熊本県水俣市薄原276",
        "指定緊急避難場所との住所同一": "1",
        "その他市町村長が必要と認める事項": null,
        "受入対象者": null,
        "備考": ""
      }
    },
    {
      "type": "Feature",
      "geometry": {
        "type": "Point",
        "coordinates": [
          130.389711,
          32.198713
        ]
      },
      "properties": {
        "NO": "946",
        "共通ID": "E4320500058111",
        "施設・場所名": "八ノ窪公民館",
        "住所": "熊本県水俣市八ノ窪町2-269",
        "指定緊急避難場所との住所同一": "1",
        "その他市町村長が必要と認める事項": null,
        "受入対象者": null,
        "備考": ""
      }
    },
    {
      "type": "Feature",
      "geometry": {
        "type": "Point",
        "coordinates": [
          130.402197,
          32.217857
        ]
      },
      "properties": {
        "NO": "947",
        "共通ID": "E4320500059111",
        "施設・場所名": "武道館",
        "住所": "熊本県水俣市八幡町3-9-2",
        "指定緊急避難場所との住所同一": "1",
        "その他市町村長が必要と認める事項": null,
        "受入対象者": null,
        "備考": ""
      }
    },
    {
      "type": "Feature",
      "geometry": {
        "type": "Point",
        "coordinates": [
          130.403143,
          32.212875
        ]
      },
      "properties": {
        "NO": "948",
        "共通ID": "E4320500060111",
        "施設・場所名": "公民館",
        "住所": "熊本県水俣市浜町2-10-26",
        "指定緊急避難場所との住所同一": "1",
        "その他市町村長が必要と認める事項": null,
        "受入対象者": null,
        "備考": ""
      }
    },
    {
      "type": "Feature",
      "geometry": {
        "type": "Point",
        "coordinates": [
          130.405268,
          32.205645
        ]
      },
      "properties": {
        "NO": "949",
        "共通ID": "E4320500061111",
        "施設・場所名": "（旧）第三中学校体育館",
        "住所": "熊本県水俣市平町2-7-1",
        "指定緊急避難場所との住所同一": "1",
        "その他市町村長が必要と認める事項": null,
        "受入対象者": null,
        "備考": ""
      }
    },
    {
      "type": "Feature",
      "geometry": {
        "type": "Point",
        "coordinates": [
          130.490772,
          32.188797
        ]
      },
      "properties": {
        "NO": "950",
        "共通ID": "E4320500063111",
        "施設・場所名": "中屋敷公民館",
        "住所": "熊本県水俣市宝川内1118-1",
        "指定緊急避難場所との住所同一": "1",
        "その他市町村長が必要と認める事項": null,
        "受入対象者": null,
        "備考": ""
      }
    },
    {
      "type": "Feature",
      "geometry": {
        "type": "Point",
        "coordinates": [
          130.468102,
          32.179486
        ]
      },
      "properties": {
        "NO": "951",
        "共通ID": "E4320500064111",
        "施設・場所名": "集・川原公民館",
        "住所": "熊本県水俣市宝川内山神1-2",
        "指定緊急避難場所との住所同一": "1",
        "その他市町村長が必要と認める事項": null,
        "受入対象者": null,
        "備考": ""
      }
    },
    {
      "type": "Feature",
      "geometry": {
        "type": "Point",
        "coordinates": [
          130.406787,
          32.214874
        ]
      },
      "properties": {
        "NO": "952",
        "共通ID": "E4320500065121",
        "施設・場所名": "もやい館",
        "住所": "熊本県水俣市牧の内3-1",
        "指定緊急避難場所との住所同一": "1",
        "その他市町村長が必要と認める事項": null,
        "受入対象者": "要配慮者",
        "備考": ""
      }
    },
    {
      "type": "Feature",
      "geometry": {
        "type": "Point",
        "coordinates": [
          130.374754,
          32.203519
        ]
      },
      "properties": {
        "NO": "953",
        "共通ID": "E4320500066111",
        "施設・場所名": "水俣病資料館",
        "住所": "熊本県水俣市明神町53",
        "指定緊急避難場所との住所同一": "1",
        "その他市町村長が必要と認める事項": null,
        "受入対象者": null,
        "備考": ""
      }
    },
    {
      "type": "Feature",
      "geometry": {
        "type": "Point",
        "coordinates": [
          130.888318,
          32.812597
        ]
      },
      "properties": {
        "NO": "954",
        "共通ID": "E4343200001111",
        "施設・場所名": "河原小学校",
        "住所": "熊本県西原村河原976",
        "指定緊急避難場所との住所同一": "",
        "その他市町村長が必要と認める事項": null,
        "受入対象者": null,
        "備考": ""
      }
    },
    {
      "type": "Feature",
      "geometry": {
        "type": "Point",
        "coordinates": [
          130.912496,
          32.841949
        ]
      },
      "properties": {
        "NO": "955",
        "共通ID": "E4343200002111",
        "施設・場所名": "山西小学校",
        "住所": "熊本県西原村小森2767",
        "指定緊急避難場所との住所同一": "",
        "その他市町村長が必要と認める事項": null,
        "受入対象者": null,
        "備考": ""
      }
    },
    {
      "type": "Feature",
      "geometry": {
        "type": "Point",
        "coordinates": [
          130.902506,
          32.837144
        ]
      },
      "properties": {
        "NO": "956",
        "共通ID": "E4343200003111",
        "施設・場所名": "西原村農業構造改善センター",
        "住所": "熊本県西原村小森3204-1",
        "指定緊急避難場所との住所同一": "1",
        "その他市町村長が必要と認める事項": null,
        "受入対象者": null,
        "備考": ""
      }
    },
    {
      "type": "Feature",
      "geometry": {
        "type": "Point",
        "coordinates": [
          130.902486,
          32.835927
        ]
      },
      "properties": {
        "NO": "957",
        "共通ID": "E4343200004111",
        "施設・場所名": "西原中学校",
        "住所": "熊本県西原村小森3251",
        "指定緊急避難場所との住所同一": "",
        "その他市町村長が必要と認める事項": null,
        "受入対象者": null,
        "備考": ""
      }
    },
    {
      "type": "Feature",
      "geometry": {
        "type": "Point",
        "coordinates": [
          130.900163,
          32.836873
        ]
      },
      "properties": {
        "NO": "958",
        "共通ID": "E4343200007111",
        "施設・場所名": "西原村総合体育館",
        "住所": "熊本県西原村大字小森3161",
        "指定緊急避難場所との住所同一": "",
        "その他市町村長が必要と認める事項": "",
        "受入対象者": "",
        "備考": ""
      }
    },
    {
      "type": "Feature",
      "geometry": {
        "type": "Point",
        "coordinates": [
          130.883767,
          32.829383
        ]
      },
      "properties": {
        "NO": "959",
        "共通ID": "E4343200005121",
        "施設・場所名": "みどりの館",
        "住所": "熊本県西原村布田897-1",
        "指定緊急避難場所との住所同一": "",
        "その他市町村長が必要と認める事項": null,
        "受入対象者": "要配慮者",
        "備考": ""
      }
    },
    {
      "type": "Feature",
      "geometry": {
        "type": "Point",
        "coordinates": [
          130.836656,
          32.341393
        ]
      },
      "properties": {
        "NO": "960",
        "共通ID": "E4351000001111",
        "施設・場所名": "上四浦集落センター",
        "住所": "熊本県相良村大字四浦西4449-25",
        "指定緊急避難場所との住所同一": "1",
        "その他市町村長が必要と認める事項": null,
        "受入対象者": null,
        "備考": ""
      }
    },
    {
      "type": "Feature",
      "geometry": {
        "type": "Point",
        "coordinates": [
          130.843759,
          32.290499
        ]
      },
      "properties": {
        "NO": "961",
        "共通ID": "E4351000002111",
        "施設・場所名": "相良村林業総合センター",
        "住所": "熊本県相良村大字四浦東2080",
        "指定緊急避難場所との住所同一": "1",
        "その他市町村長が必要と認める事項": null,
        "受入対象者": null,
        "備考": ""
      }
    },
    {
      "type": "Feature",
      "geometry": {
        "type": "Point",
        "coordinates": [
          130.843389,
          32.302112
        ]
      },
      "properties": {
        "NO": "962",
        "共通ID": "E4351000003111",
        "施設・場所名": "相良北小学校体育館",
        "住所": "熊本県相良村大字四浦東2449",
        "指定緊急避難場所との住所同一": "1",
        "その他市町村長が必要と認める事項": null,
        "受入対象者": null,
        "備考": ""
      }
    },
    {
      "type": "Feature",
      "geometry": {
        "type": "Point",
        "coordinates": [
          130.797051,
          32.235601
        ]
      },
      "properties": {
        "NO": "963",
        "共通ID": "E4351000004121",
        "施設・場所名": "相良村総合体育館",
        "住所": "熊本県相良村大字深水2493-1",
        "指定緊急避難場所との住所同一": "1",
        "その他市町村長が必要と認める事項": null,
        "受入対象者": "要配慮者",
        "備考": ""
      }
    },
    {
      "type": "Feature",
      "geometry": {
        "type": "Point",
        "coordinates": [
          130.818831,
          32.258573
        ]
      },
      "properties": {
        "NO": "964",
        "共通ID": "E4351000005111",
        "施設・場所名": "松馬場集落センター",
        "住所": "熊本県相良村大字川辺1920",
        "指定緊急避難場所との住所同一": "1",
        "その他市町村長が必要と認める事項": null,
        "受入対象者": null,
        "備考": ""
      }
    },
    {
      "type": "Feature",
      "geometry": {
        "type": "Point",
        "coordinates": [
          130.826898,
          32.265924
        ]
      },
      "properties": {
        "NO": "965",
        "共通ID": "E4351000006111",
        "施設・場所名": "川辺構造改善センター",
        "住所": "熊本県相良村大字川辺2491",
        "指定緊急避難場所との住所同一": "1",
        "その他市町村長が必要と認める事項": null,
        "受入対象者": null,
        "備考": ""
      }
    },
    {
      "type": "Feature",
      "geometry": {
        "type": "Point",
        "coordinates": [
          130.797735,
          32.216653
        ]
      },
      "properties": {
        "NO": "966",
        "共通ID": "E4351000007111",
        "施設・場所名": "柳瀬構造改善センター",
        "住所": "熊本県相良村大字柳瀬377",
        "指定緊急避難場所との住所同一": "1",
        "その他市町村長が必要と認める事項": null,
        "受入対象者": null,
        "備考": ""
      }
    },
    {
      "type": "Feature",
      "geometry": {
        "type": "Point",
        "coordinates": [
          130.959244,
          32.248144
        ]
      },
      "properties": {
        "NO": "967",
        "共通ID": "E4350500001111",
        "施設・場所名": "久米小学校体育館",
        "住所": "熊本県多良木町大字久米128",
        "指定緊急避難場所との住所同一": "",
        "その他市町村長が必要と認める事項": null,
        "受入対象者": null,
        "備考": ""
      }
    },
    {
      "type": "Feature",
      "geometry": {
        "type": "Point",
        "coordinates": [
          130.941876,
          32.275491
        ]
      },
      "properties": {
        "NO": "968",
        "共通ID": "E4350500002111",
        "施設・場所名": "黒肥地小学校体育館",
        "住所": "熊本県多良木町大字黒肥地1629",
        "指定緊急避難場所との住所同一": "1",
        "その他市町村長が必要と認める事項": "",
        "受入対象者": "",
        "備考": ""
      }
    },
    {
      "type": "Feature",
      "geometry": {
        "type": "Point",
        "coordinates": [
          130.932308,
          32.260917
        ]
      },
      "properties": {
        "NO": "969",
        "共通ID": "E4350500003111",
        "施設・場所名": "多良木町民体育館",
        "住所": "熊本県多良木町大字多良木1467-3",
        "指定緊急避難場所との住所同一": "",
        "その他市町村長が必要と認める事項": null,
        "受入対象者": null,
        "備考": ""
      }
    },
    {
      "type": "Feature",
      "geometry": {
        "type": "Point",
        "coordinates": [
          130.931752,
          32.261367
        ]
      },
      "properties": {
        "NO": "970",
        "共通ID": "E4350500004111",
        "施設・場所名": "多良木町武道館",
        "住所": "熊本県多良木町大字多良木1471-1",
        "指定緊急避難場所との住所同一": "",
        "その他市町村長が必要と認める事項": null,
        "受入対象者": null,
        "備考": ""
      }
    },
    {
      "type": "Feature",
      "geometry": {
        "type": "Point",
        "coordinates": [
          130.933323,
          32.263426
        ]
      },
      "properties": {
        "NO": "971",
        "共通ID": "E4350500005111",
        "施設・場所名": "ふれあい交流センターえびすの湯",
        "住所": "熊本県多良木町大字多良木1561",
        "指定緊急避難場所との住所同一": "",
        "その他市町村長が必要と認める事項": null,
        "受入対象者": null,
        "備考": ""
      }
    },
    {
      "type": "Feature",
      "geometry": {
        "type": "Point",
        "coordinates": [
          130.936312,
          32.264398
        ]
      },
      "properties": {
        "NO": "972",
        "共通ID": "E4350500006111",
        "施設・場所名": "多良木町多目的研修センター",
        "住所": "熊本県多良木町大字多良木1586",
        "指定緊急避難場所との住所同一": "",
        "その他市町村長が必要と認める事項": null,
        "受入対象者": null,
        "備考": ""
      }
    },
    {
      "type": "Feature",
      "geometry": {
        "type": "Point",
        "coordinates": [
          130.935741,
          32.264028
        ]
      },
      "properties": {
        "NO": "973",
        "共通ID": "E4350500007111",
        "施設・場所名": "多良木町役場内休憩室",
        "住所": "熊本県多良木町大字多良木1648",
        "指定緊急避難場所との住所同一": "",
        "その他市町村長が必要と認める事項": null,
        "受入対象者": null,
        "備考": ""
      }
    },
    {
      "type": "Feature",
      "geometry": {
        "type": "Point",
        "coordinates": [
          130.939956,
          32.262696
        ]
      },
      "properties": {
        "NO": "974",
        "共通ID": "E4350500010111",
        "施設・場所名": "多良木小学校体育館",
        "住所": "熊本県多良木町大字多良木876",
        "指定緊急避難場所との住所同一": "1",
        "その他市町村長が必要と認める事項": "",
        "受入対象者": "",
        "備考": ""
      }
    },
    {
      "type": "Feature",
      "geometry": {
        "type": "Point",
        "coordinates": [
          130.879102,
          32.876722
        ]
      },
      "properties": {
        "NO": "975",
        "共通ID": "E4340300001111",
        "施設・場所名": "大津町立大津小学校",
        "住所": "熊本県大津町大字引水210",
        "指定緊急避難場所との住所同一": "1",
        "その他市町村長が必要と認める事項": "",
        "受入対象者": "",
        "備考": ""
      }
    },
    {
      "type": "Feature",
      "geometry": {
        "type": "Point",
        "coordinates": [
          130.875769,
          32.875962
        ]
      },
      "properties": {
        "NO": "976",
        "共通ID": "E4340300002111",
        "施設・場所名": "大津町生涯学習センター",
        "住所": "熊本県大津町大字引水62",
        "指定緊急避難場所との住所同一": "1",
        "その他市町村長が必要と認める事項": null,
        "受入対象者": null,
        "備考": ""
      }
    },
    {
      "type": "Feature",
      "geometry": {
        "type": "Point",
        "coordinates": [
          130.85697,
          32.885732
        ]
      },
      "properties": {
        "NO": "977",
        "共通ID": "E4340300006121",
        "施設・場所名": "熊本県立大津支援学校",
        "住所": "熊本県大津町大字室1381",
        "指定緊急避難場所との住所同一": "",
        "その他市町村長が必要と認める事項": "",
        "受入対象者": "要配慮者",
        "備考": "最大150名（生徒在校時30名）\n在校生、卒業生及び町が特定した者"
      }
    },
    {
      "type": "Feature",
      "geometry": {
        "type": "Point",
        "coordinates": [
          130.867204,
          32.878502
        ]
      },
      "properties": {
        "NO": "978",
        "共通ID": "E4340300007121",
        "施設・場所名": "大津町老人福祉センター",
        "住所": "熊本県大津町大字室151-1",
        "指定緊急避難場所との住所同一": "1",
        "その他市町村長が必要と認める事項": "",
        "受入対象者": "要配慮者",
        "備考": "町が特定した者"
      }
    },
    {
      "type": "Feature",
      "geometry": {
        "type": "Point",
        "coordinates": [
          130.867206,
          32.878498
        ]
      },
      "properties": {
        "NO": "979",
        "共通ID": "E4340300007111",
        "施設・場所名": "大津町老人福祉センター",
        "住所": "熊本県大津町大字室151-1",
        "指定緊急避難場所との住所同一": "1",
        "その他市町村長が必要と認める事項": null,
        "受入対象者": null,
        "備考": ""
      }
    },
    {
      "type": "Feature",
      "geometry": {
        "type": "Point",
        "coordinates": [
          130.856786,
          32.887813
        ]
      },
      "properties": {
        "NO": "980",
        "共通ID": "E4340300008121",
        "施設・場所名": "養護老人ホーム　光進園",
        "住所": "熊本県大津町大字室1707",
        "指定緊急避難場所との住所同一": "",
        "その他市町村長が必要と認める事項": "",
        "受入対象者": "要配慮者",
        "備考": "町が特定した者"
      }
    },
    {
      "type": "Feature",
      "geometry": {
        "type": "Point",
        "coordinates": [
          130.860849,
          32.88555
        ]
      },
      "properties": {
        "NO": "981",
        "共通ID": "E4340300009111",
        "施設・場所名": "熊本県立翔陽高等学校",
        "住所": "熊本県大津町大字室1782",
        "指定緊急避難場所との住所同一": "1",
        "その他市町村長が必要と認める事項": null,
        "受入対象者": null,
        "備考": ""
      }
    },
    {
      "type": "Feature",
      "geometry": {
        "type": "Point",
        "coordinates": [
          130.858847,
          32.884587
        ]
      },
      "properties": {
        "NO": "982",
        "共通ID": "E4340300010111",
        "施設・場所名": "大津町立室小学校",
        "住所": "熊本県大津町大字室1825",
        "指定緊急避難場所との住所同一": "1",
        "その他市町村長が必要と認める事項": null,
        "受入対象者": null,
        "備考": ""
      }
    },
    {
      "type": "Feature",
      "geometry": {
        "type": "Point",
        "coordinates": [
          130.863529,
          32.881112
        ]
      },
      "properties": {
        "NO": "983",
        "共通ID": "E4340300011111",
        "施設・場所名": "大津地区公民館分館",
        "住所": "熊本県大津町大字室2042-35",
        "指定緊急避難場所との住所同一": "1",
        "その他市町村長が必要と認める事項": null,
        "受入対象者": null,
        "備考": ""
      }
    },
    {
      "type": "Feature",
      "geometry": {
        "type": "Point",
        "coordinates": [
          130.897103,
          32.874859
        ]
      },
      "properties": {
        "NO": "984",
        "共通ID": "E4340300012111",
        "施設・場所名": "大津町運動公園",
        "住所": "熊本県大津町大字森1000",
        "指定緊急避難場所との住所同一": "1",
        "その他市町村長が必要と認める事項": null,
        "受入対象者": null,
        "備考": ""
      }
    },
    {
      "type": "Feature",
      "geometry": {
        "type": "Point",
        "coordinates": [
          130.889214,
          32.864036
        ]
      },
      "properties": {
        "NO": "985",
        "共通ID": "E4340300013121",
        "施設・場所名": "障がい者支援施設　三気の里",
        "住所": "熊本県大津町大字森54-2",
        "指定緊急避難場所との住所同一": "",
        "その他市町村長が必要と認める事項": "",
        "受入対象者": "要配慮者",
        "備考": "町が特定した者"
      }
    },
    {
      "type": "Feature",
      "geometry": {
        "type": "Point",
        "coordinates": [
          130.921028,
          32.913567
        ]
      },
      "properties": {
        "NO": "986",
        "共通ID": "E4340300014111",
        "施設・場所名": "大津町野外活動等研修センター",
        "住所": "熊本県大津町大字真木136",
        "指定緊急避難場所との住所同一": "1",
        "その他市町村長が必要と認める事項": null,
        "受入対象者": null,
        "備考": ""
      }
    },
    {
      "type": "Feature",
      "geometry": {
        "type": "Point",
        "coordinates": [
          130.873215,
          32.862885
        ]
      },
      "properties": {
        "NO": "987",
        "共通ID": "E4340300015121",
        "施設・場所名": "介護老人保健施設　おおつかの郷",
        "住所": "熊本県大津町大字陣内1165",
        "指定緊急避難場所との住所同一": "",
        "その他市町村長が必要と認める事項": "",
        "受入対象者": "要配慮者",
        "備考": "町が特定した者"
      }
    },
    {
      "type": "Feature",
      "geometry": {
        "type": "Point",
        "coordinates": [
          130.870724,
          32.860152
        ]
      },
      "properties": {
        "NO": "988",
        "共通ID": "E4340300016111",
        "施設・場所名": "大津町立大津南小学校",
        "住所": "熊本県大津町大字陣内1582",
        "指定緊急避難場所との住所同一": "1",
        "その他市町村長が必要と認める事項": null,
        "受入対象者": null,
        "備考": ""
      }
    },
    {
      "type": "Feature",
      "geometry": {
        "type": "Point",
        "coordinates": [
          130.850284,
          32.910124
        ]
      },
      "properties": {
        "NO": "989",
        "共通ID": "E4340300018111",
        "施設・場所名": "大津町立護川小学校",
        "住所": "熊本県大津町大字杉水3092",
        "指定緊急避難場所との住所同一": "1",
        "その他市町村長が必要と認める事項": null,
        "受入対象者": null,
        "備考": ""
      }
    },
    {
      "type": "Feature",
      "geometry": {
        "type": "Point",
        "coordinates": [
          130.844161,
          32.898016
        ]
      },
      "properties": {
        "NO": "990",
        "共通ID": "E4340300019111",
        "施設・場所名": "大津町人権啓発福祉センター",
        "住所": "熊本県大津町大字杉水932-3",
        "指定緊急避難場所との住所同一": "1",
        "その他市町村長が必要と認める事項": null,
        "受入対象者": null,
        "備考": ""
      }
    },
    {
      "type": "Feature",
      "geometry": {
        "type": "Point",
        "coordinates": [
          130.870762,
          32.876698
        ]
      },
      "properties": {
        "NO": "991",
        "共通ID": "E4340300020111",
        "施設・場所名": "子育て健診センター",
        "住所": "熊本県大津町大字大津1156-3",
        "指定緊急避難場所との住所同一": "1",
        "その他市町村長が必要と認める事項": null,
        "受入対象者": null,
        "備考": ""
      }
    },
    {
      "type": "Feature",
      "geometry": {
        "type": "Point",
        "coordinates": [
          130.87,
          32.879239
        ]
      },
      "properties": {
        "NO": "992",
        "共通ID": "E4340300021121",
        "施設・場所名": "小規模多機能型居宅介護おおづセンターホーム",
        "住所": "熊本県大津町大字大津1187-1",
        "指定緊急避難場所との住所同一": "",
        "その他市町村長が必要と認める事項": "",
        "受入対象者": "要配慮者",
        "備考": "町が特定した者"
      }
    },
    {
      "type": "Feature",
      "geometry": {
        "type": "Point",
        "coordinates": [
          130.869362,
          32.879248
        ]
      },
      "properties": {
        "NO": "993",
        "共通ID": "E4340300022111",
        "施設・場所名": "大津町まちづくり交流センター",
        "住所": "熊本県大津町大字大津1189-2",
        "指定緊急避難場所との住所同一": "1",
        "その他市町村長が必要と認める事項": null,
        "受入対象者": null,
        "備考": ""
      }
    },
    {
      "type": "Feature",
      "geometry": {
        "type": "Point",
        "coordinates": [
          130.868016,
          32.878286
        ]
      },
      "properties": {
        "NO": "994",
        "共通ID": "E4340300023111",
        "施設・場所名": "オークスプラザ",
        "住所": "熊本県大津町大字大津1220-1",
        "指定緊急避難場所との住所同一": "",
        "その他市町村長が必要と認める事項": null,
        "受入対象者": null,
        "備考": ""
      }
    },
    {
      "type": "Feature",
      "geometry": {
        "type": "Point",
        "coordinates": [
          130.870211,
          32.874155
        ]
      },
      "properties": {
        "NO": "995",
        "共通ID": "E4340300024111",
        "施設・場所名": "大津町立大津中学校",
        "住所": "熊本県大津町大字大津1270",
        "指定緊急避難場所との住所同一": "1",
        "その他市町村長が必要と認める事項": null,
        "受入対象者": null,
        "備考": ""
      }
    },
    {
      "type": "Feature",
      "geometry": {
        "type": "Point",
        "coordinates": [
          130.87219,
          32.873239
        ]
      },
      "properties": {
        "NO": "996",
        "共通ID": "E4340300025111",
        "施設・場所名": "熊本県立大津高等学校",
        "住所": "熊本県大津町大字大津1340",
        "指定緊急避難場所との住所同一": "1",
        "その他市町村長が必要と認める事項": null,
        "受入対象者": null,
        "備考": ""
      }
    },
    {
      "type": "Feature",
      "geometry": {
        "type": "Point",
        "coordinates": [
          130.876219,
          32.882053
        ]
      },
      "properties": {
        "NO": "997",
        "共通ID": "E4340300027121",
        "施設・場所名": "介護老人福祉施設つつじ山荘",
        "住所": "熊本県大津町大字大津2061",
        "指定緊急避難場所との住所同一": "",
        "その他市町村長が必要と認める事項": "",
        "受入対象者": "要配慮者",
        "備考": "町が特定した者"
      }
    },
    {
      "type": "Feature",
      "geometry": {
        "type": "Point",
        "coordinates": [
          130.866169,
          32.886268
        ]
      },
      "properties": {
        "NO": "998",
        "共通ID": "E4340300028121",
        "施設・場所名": "若草児童学園",
        "住所": "熊本県大津町大字大津214-1",
        "指定緊急避難場所との住所同一": "",
        "その他市町村長が必要と認める事項": "",
        "受入対象者": "要配慮者",
        "備考": "町が特定した者"
      }
    },
    {
      "type": "Feature",
      "geometry": {
        "type": "Point",
        "coordinates": [
          130.868206,
          32.889934
        ]
      },
      "properties": {
        "NO": "999",
        "共通ID": "E4340300029111",
        "施設・場所名": "大津町立大津北中学校",
        "住所": "熊本県大津町大字大津310",
        "指定緊急避難場所との住所同一": "1",
        "その他市町村長が必要と認める事項": null,
        "受入対象者": null,
        "備考": ""
      }
    },
    {
      "type": "Feature",
      "geometry": {
        "type": "Point",
        "coordinates": [
          130.917983,
          32.866396
        ]
      },
      "properties": {
        "NO": "1000",
        "共通ID": "E4340300030111",
        "施設・場所名": "大津町立大津東小学校",
        "住所": "熊本県大津町大字大林44",
        "指定緊急避難場所との住所同一": "1",
        "その他市町村長が必要と認める事項": null,
        "受入対象者": null,
        "備考": ""
      }
    },
    {
      "type": "Feature",
      "geometry": {
        "type": "Point",
        "coordinates": [
          130.912162,
          32.870042
        ]
      },
      "properties": {
        "NO": "1001",
        "共通ID": "E4340300031111",
        "施設・場所名": "瀬田地区避難所",
        "住所": "熊本県大津町大字大林802-2",
        "指定緊急避難場所との住所同一": "1",
        "その他市町村長が必要と認める事項": null,
        "受入対象者": null,
        "備考": ""
      }
    },
    {
      "type": "Feature",
      "geometry": {
        "type": "Point",
        "coordinates": [
          130.912006,
          32.870201
        ]
      },
      "properties": {
        "NO": "1002",
        "共通ID": "E4340300031112",
        "施設・場所名": "大津町菊阿体育館",
        "住所": "熊本県大津町大字大林802-2",
        "指定緊急避難場所との住所同一": "1",
        "その他市町村長が必要と認める事項": null,
        "受入対象者": null,
        "備考": ""
      }
    },
    {
      "type": "Feature",
      "geometry": {
        "type": "Point",
        "coordinates": [
          130.883738,
          32.905727
        ]
      },
      "properties": {
        "NO": "1003",
        "共通ID": "E4340300032111",
        "施設・場所名": "大津町立大津北小学校",
        "住所": "熊本県大津町大字平川2261",
        "指定緊急避難場所との住所同一": "1",
        "その他市町村長が必要と認める事項": null,
        "受入対象者": null,
        "備考": ""
      }
    },
    {
      "type": "Feature",
      "geometry": {
        "type": "Point",
        "coordinates": [
          130.882364,
          32.90747
        ]
      },
      "properties": {
        "NO": "1004",
        "共通ID": "E4340300033121",
        "施設・場所名": "障がい者支援施設　つくしの里",
        "住所": "熊本県大津町大字平川400",
        "指定緊急避難場所との住所同一": "",
        "その他市町村長が必要と認める事項": "",
        "受入対象者": "要配慮者",
        "備考": "町が特定した者"
      }
    },
    {
      "type": "Feature",
      "geometry": {
        "type": "Point",
        "coordinates": [
          130.881464,
          32.917455
        ]
      },
      "properties": {
        "NO": "1005",
        "共通ID": "E4340300034111",
        "施設・場所名": "大津町矢護川コミュニティセンター",
        "住所": "熊本県大津町大字矢護川476",
        "指定緊急避難場所との住所同一": "1",
        "その他市町村長が必要と認める事項": null,
        "受入対象者": null,
        "備考": ""
      }
    },
    {
      "type": "Feature",
      "geometry": {
        "type": "Point",
        "coordinates": [
          130.886491,
          32.885029
        ]
      },
      "properties": {
        "NO": "1006",
        "共通ID": "E4340300035111",
        "施設・場所名": "大津町立美咲野小学校",
        "住所": "熊本県大津町美咲野2-1733-1",
        "指定緊急避難場所との住所同一": "1",
        "その他市町村長が必要と認める事項": null,
        "受入対象者": null,
        "備考": ""
      }
    },
    {
      "type": "Feature",
      "geometry": {
        "type": "Point",
        "coordinates": [
          130.476842,
          32.933271
        ]
      },
      "properties": {
        "NO": "1007",
        "共通ID": "E4336800006111",
        "施設・場所名": "長洲町立六栄小学校",
        "住所": "熊本県長洲町大字宮野957-1",
        "指定緊急避難場所との住所同一": "1",
        "その他市町村長が必要と認める事項": null,
        "受入対象者": null,
        "備考": ""
      }
    },
    {
      "type": "Feature",
      "geometry": {
        "type": "Point",
        "coordinates": [
          130.479191,
          32.932771
        ]
      },
      "properties": {
        "NO": "1008",
        "共通ID": "E4336800007111",
        "施設・場所名": "長洲町地域福祉センター",
        "住所": "熊本県長洲町大字宮野999",
        "指定緊急避難場所との住所同一": "1",
        "その他市町村長が必要と認める事項": null,
        "受入対象者": null,
        "備考": ""
      }
    },
    {
      "type": "Feature",
      "geometry": {
        "type": "Point",
        "coordinates": [
          130.456036,
          32.939873
        ]
      },
      "properties": {
        "NO": "1009",
        "共通ID": "E4336800008111",
        "施設・場所名": "長洲町立清里小学校",
        "住所": "熊本県長洲町大字高浜1250",
        "指定緊急避難場所との住所同一": "1",
        "その他市町村長が必要と認める事項": null,
        "受入対象者": null,
        "備考": ""
      }
    },
    {
      "type": "Feature",
      "geometry": {
        "type": "Point",
        "coordinates": [
          130.443774,
          32.93259
        ]
      },
      "properties": {
        "NO": "1010",
        "共通ID": "E4336800016111",
        "施設・場所名": "長洲町町民研修センター",
        "住所": "熊本県長洲町大字長洲1443",
        "指定緊急避難場所との住所同一": "1",
        "その他市町村長が必要と認める事項": null,
        "受入対象者": null,
        "備考": ""
      }
    },
    {
      "type": "Feature",
      "geometry": {
        "type": "Point",
        "coordinates": [
          130.446435,
          32.931687
        ]
      },
      "properties": {
        "NO": "1011",
        "共通ID": "E4336800017111",
        "施設・場所名": "長洲町立長洲小学校",
        "住所": "熊本県長洲町大字長洲1776",
        "指定緊急避難場所との住所同一": "1",
        "その他市町村長が必要と認める事項": null,
        "受入対象者": null,
        "備考": ""
      }
    },
    {
      "type": "Feature",
      "geometry": {
        "type": "Point",
        "coordinates": [
          130.45236,
          32.928882
        ]
      },
      "properties": {
        "NO": "1012",
        "共通ID": "E4336800018111",
        "施設・場所名": "長洲町中央公民館",
        "住所": "熊本県長洲町大字長洲2772-2",
        "指定緊急避難場所との住所同一": "1",
        "その他市町村長が必要と認める事項": null,
        "受入対象者": null,
        "備考": ""
      }
    },
    {
      "type": "Feature",
      "geometry": {
        "type": "Point",
        "coordinates": [
          130.440215,
          32.940227
        ]
      },
      "properties": {
        "NO": "1013",
        "共通ID": "E4336800020112",
        "施設・場所名": "長洲町民体育館",
        "住所": "熊本県長洲町大字長洲805-1",
        "指定緊急避難場所との住所同一": "1",
        "その他市町村長が必要と認める事項": "",
        "受入対象者": "",
        "備考": ""
      }
    },
    {
      "type": "Feature",
      "geometry": {
        "type": "Point",
        "coordinates": [
          130.473398,
          32.920234
        ]
      },
      "properties": {
        "NO": "1014",
        "共通ID": "E4336800022111",
        "施設・場所名": "長洲町立腹赤小学校",
        "住所": "熊本県長洲町大字腹赤125",
        "指定緊急避難場所との住所同一": "1",
        "その他市町村長が必要と認める事項": null,
        "受入対象者": null,
        "備考": ""
      }
    },
    {
      "type": "Feature",
      "geometry": {
        "type": "Point",
        "coordinates": [
          130.474897,
          32.919863
        ]
      },
      "properties": {
        "NO": "1015",
        "共通ID": "E4336800023111",
        "施設・場所名": "長洲こどもの海保育園",
        "住所": "熊本県長洲町大字腹赤70",
        "指定緊急避難場所との住所同一": "1",
        "その他市町村長が必要と認める事項": null,
        "受入対象者": null,
        "備考": ""
      }
    },
    {
      "type": "Feature",
      "geometry": {
        "type": "Point",
        "coordinates": [
          130.47334,
          32.926564
        ]
      },
      "properties": {
        "NO": "1016",
        "共通ID": "E4336800024111",
        "施設・場所名": "長洲町立長洲中学校",
        "住所": "熊本県長洲町大字腹赤732",
        "指定緊急避難場所との住所同一": "1",
        "その他市町村長が必要と認める事項": "",
        "受入対象者": "",
        "備考": ""
      }
    },
    {
      "type": "Feature",
      "geometry": {
        "type": "Point",
        "coordinates": [
          130.456543,
          32.230631
        ]
      },
      "properties": {
        "NO": "1017",
        "共通ID": "E4348400002111",
        "施設・場所名": "つなぎ文化センター",
        "住所": "熊本県津奈木町大字岩城1588-2",
        "指定緊急避難場所との住所同一": "1",
        "その他市町村長が必要と認める事項": null,
        "受入対象者": null,
        "備考": ""
      }
    },
    {
      "type": "Feature",
      "geometry": {
        "type": "Point",
        "coordinates": [
          130.456468,
          32.230627
        ]
      },
      "properties": {
        "NO": "1018",
        "共通ID": "E4348400002122",
        "施設・場所名": "つなぎ文化センター",
        "住所": "熊本県津奈木町大字岩城1588-2",
        "指定緊急避難場所との住所同一": "1",
        "その他市町村長が必要と認める事項": null,
        "受入対象者": null,
        "備考": ""
      }
    },
    {
      "type": "Feature",
      "geometry": {
        "type": "Point",
        "coordinates": [
          130.440077,
          32.233929
        ]
      },
      "properties": {
        "NO": "1019",
        "共通ID": "E4348400005111",
        "施設・場所名": "農業就業改善センター",
        "住所": "熊本県津奈木町大字小津奈木2123",
        "指定緊急避難場所との住所同一": "1",
        "その他市町村長が必要と認める事項": "",
        "受入対象者": "",
        "備考": ""
      }
    },
    {
      "type": "Feature",
      "geometry": {
        "type": "Point",
        "coordinates": [
          130.252337,
          32.398062
        ]
      },
      "properties": {
        "NO": "1020",
        "共通ID": "E4321500002111",
        "施設・場所名": "金焼体育館",
        "住所": "熊本県天草市下浦町9475",
        "指定緊急避難場所との住所同一": "",
        "その他市町村長が必要と認める事項": null,
        "受入対象者": null,
        "備考": ""
      }
    },
    {
      "type": "Feature",
      "geometry": {
        "type": "Point",
        "coordinates": [
          130.080585,
          32.315821
        ]
      },
      "properties": {
        "NO": "1021",
        "共通ID": "E4321500005111",
        "施設・場所名": "河浦中央体育館",
        "住所": "熊本県天草市河浦町河浦35-24",
        "指定緊急避難場所との住所同一": "",
        "その他市町村長が必要と認める事項": null,
        "受入対象者": null,
        "備考": ""
      }
    },
    {
      "type": "Feature",
      "geometry": {
        "type": "Point",
        "coordinates": [
          130.071841,
          32.320879
        ]
      },
      "properties": {
        "NO": "1022",
        "共通ID": "E4321500005112",
        "施設・場所名": "河浦中学校体育館",
        "住所": "熊本県天草市河浦町河浦35-24",
        "指定緊急避難場所との住所同一": "",
        "その他市町村長が必要と認める事項": null,
        "受入対象者": null,
        "備考": ""
      }
    },
    {
      "type": "Feature",
      "geometry": {
        "type": "Point",
        "coordinates": [
          130.078419,
          32.33218
        ]
      },
      "properties": {
        "NO": "1023",
        "共通ID": "E4321500006111",
        "施設・場所名": "河浦小学校体育館",
        "住所": "熊本県天草市河浦町河浦4933",
        "指定緊急避難場所との住所同一": "",
        "その他市町村長が必要と認める事項": null,
        "受入対象者": null,
        "備考": ""
      }
    },
    {
      "type": "Feature",
      "geometry": {
        "type": "Point",
        "coordinates": [
          130.139182,
          32.298067
        ]
      },
      "properties": {
        "NO": "1024",
        "共通ID": "E4321500008111",
        "施設・場所名": "宮野河内体育館（旧宮野河内中学校体育館）",
        "住所": "熊本県天草市河浦町宮野河内1160",
        "指定緊急避難場所との住所同一": "",
        "その他市町村長が必要と認める事項": null,
        "受入対象者": null,
        "備考": ""
      }
    },
    {
      "type": "Feature",
      "geometry": {
        "type": "Point",
        "coordinates": [
          130.138199,
          32.30116
        ]
      },
      "properties": {
        "NO": "1025",
        "共通ID": "E4321500011111",
        "施設・場所名": "大蓮寺",
        "住所": "熊本県天草市河浦町宮野河内427",
        "指定緊急避難場所との住所同一": "",
        "その他市町村長が必要と認める事項": null,
        "受入対象者": null,
        "備考": ""
      }
    },
    {
      "type": "Feature",
      "geometry": {
        "type": "Point",
        "coordinates": [
          130.019615,
          32.326823
        ]
      },
      "properties": {
        "NO": "1026",
        "共通ID": "E4321500012111",
        "施設・場所名": "今富地域交流施設",
        "住所": "熊本県天草市河浦町今富956",
        "指定緊急避難場所との住所同一": "1",
        "その他市町村長が必要と認める事項": null,
        "受入対象者": null,
        "備考": ""
      }
    },
    {
      "type": "Feature",
      "geometry": {
        "type": "Point",
        "coordinates": [
          130.116336,
          32.336865
        ]
      },
      "properties": {
        "NO": "1027",
        "共通ID": "E4321500014111",
        "施設・場所名": "新合体育館（旧新合小学校体育館）",
        "住所": "熊本県天草市河浦町新合2008-4",
        "指定緊急避難場所との住所同一": "",
        "その他市町村長が必要と認める事項": null,
        "受入対象者": null,
        "備考": ""
      }
    },
    {
      "type": "Feature",
      "geometry": {
        "type": "Point",
        "coordinates": [
          130.082678,
          32.317157
        ]
      },
      "properties": {
        "NO": "1028",
        "共通ID": "E4321500015121",
        "施設・場所名": "天草西保健福祉センター",
        "住所": "熊本県天草市河浦町白木河内223-11",
        "指定緊急避難場所との住所同一": "",
        "その他市町村長が必要と認める事項": null,
        "受入対象者": "要配慮者",
        "備考": ""
      }
    },
    {
      "type": "Feature",
      "geometry": {
        "type": "Point",
        "coordinates": [
          130.200762,
          32.445554
        ]
      },
      "properties": {
        "NO": "1029",
        "共通ID": "E4321500020111",
        "施設・場所名": "本渡看護専門学校体育館",
        "住所": "熊本県天草市亀場町亀川12-1",
        "指定緊急避難場所との住所同一": "1",
        "その他市町村長が必要と認める事項": "",
        "受入対象者": "",
        "備考": ""
      }
    },
    {
      "type": "Feature",
      "geometry": {
        "type": "Point",
        "coordinates": [
          130.196346,
          32.436157
        ]
      },
      "properties": {
        "NO": "1030",
        "共通ID": "E4321500021111",
        "施設・場所名": "稜南中学校体育館",
        "住所": "熊本県天草市亀場町亀川1425",
        "指定緊急避難場所との住所同一": "1",
        "その他市町村長が必要と認める事項": null,
        "受入対象者": null,
        "備考": ""
      }
    },
    {
      "type": "Feature",
      "geometry": {
        "type": "Point",
        "coordinates": [
          130.194149,
          32.437475
        ]
      },
      "properties": {
        "NO": "1031",
        "共通ID": "E4321500022111",
        "施設・場所名": "亀場幼稚園",
        "住所": "熊本県天草市亀場町亀川1538-1",
        "指定緊急避難場所との住所同一": "",
        "その他市町村長が必要と認める事項": null,
        "受入対象者": null,
        "備考": ""
      }
    },
    {
      "type": "Feature",
      "geometry": {
        "type": "Point",
        "coordinates": [
          130.20278,
          32.447562
        ]
      },
      "properties": {
        "NO": "1032",
        "共通ID": "E4321500023111",
        "施設・場所名": "天草工業高校体育館",
        "住所": "熊本県天草市亀場町亀川38-36",
        "指定緊急避難場所との住所同一": "",
        "その他市町村長が必要と認める事項": null,
        "受入対象者": null,
        "備考": ""
      }
    },
    {
      "type": "Feature",
      "geometry": {
        "type": "Point",
        "coordinates": [
          130.072512,
          32.226047
        ]
      },
      "properties": {
        "NO": "1033",
        "共通ID": "E4321500025111",
        "施設・場所名": "山の浦生活改善センター",
        "住所": "熊本県天草市久玉町1731-9",
        "指定緊急避難場所との住所同一": "",
        "その他市町村長が必要と認める事項": null,
        "受入対象者": null,
        "備考": ""
      }
    },
    {
      "type": "Feature",
      "geometry": {
        "type": "Point",
        "coordinates": [
          130.033989,
          32.220678
        ]
      },
      "properties": {
        "NO": "1034",
        "共通ID": "E4321500026111",
        "施設・場所名": "牛深東小学校体育館",
        "住所": "熊本県天草市久玉町1963",
        "指定緊急避難場所との住所同一": "",
        "その他市町村長が必要と認める事項": null,
        "受入対象者": null,
        "備考": ""
      }
    },
    {
      "type": "Feature",
      "geometry": {
        "type": "Point",
        "coordinates": [
          130.035741,
          32.224978
        ]
      },
      "properties": {
        "NO": "1035",
        "共通ID": "E4321500028111",
        "施設・場所名": "牛深東中学校体育館",
        "住所": "熊本県天草市久玉町2364",
        "指定緊急避難場所との住所同一": "1",
        "その他市町村長が必要と認める事項": null,
        "受入対象者": null,
        "備考": ""
      }
    },
    {
      "type": "Feature",
      "geometry": {
        "type": "Point",
        "coordinates": [
          130.028462,
          32.212819
        ]
      },
      "properties": {
        "NO": "1036",
        "共通ID": "E4321500031111",
        "施設・場所名": "牛深総合体育館",
        "住所": "熊本県天草市久玉町5716-16",
        "指定緊急避難場所との住所同一": "",
        "その他市町村長が必要と認める事項": null,
        "受入対象者": null,
        "備考": ""
      }
    },
    {
      "type": "Feature",
      "geometry": {
        "type": "Point",
        "coordinates": [
          130.028446,
          32.213656
        ]
      },
      "properties": {
        "NO": "1037",
        "共通ID": "E4321500032111",
        "施設・場所名": "生涯学習センター",
        "住所": "熊本県天草市久玉町5716-4",
        "指定緊急避難場所との住所同一": "",
        "その他市町村長が必要と認める事項": null,
        "受入対象者": null,
        "備考": ""
      }
    },
    {
      "type": "Feature",
      "geometry": {
        "type": "Point",
        "coordinates": [
          130.027011,
          32.215792
        ]
      },
      "properties": {
        "NO": "1038",
        "共通ID": "E4321500278111",
        "施設・場所名": "吉田一区公民館",
        "住所": "熊本県天草市久玉町４００－１地先",
        "指定緊急避難場所との住所同一": "",
        "その他市町村長が必要と認める事項": null,
        "受入対象者": null,
        "備考": ""
      }
    },
    {
      "type": "Feature",
      "geometry": {
        "type": "Point",
        "coordinates": [
          130.126833,
          32.38523
        ]
      },
      "properties": {
        "NO": "1039",
        "共通ID": "E4321500033111",
        "施設・場所名": "旧宮地岳体育館",
        "住所": "熊本県天草市宮地岳町5516",
        "指定緊急避難場所との住所同一": "1",
        "その他市町村長が必要と認める事項": "",
        "受入対象者": "",
        "備考": ""
      }
    },
    {
      "type": "Feature",
      "geometry": {
        "type": "Point",
        "coordinates": [
          130.008465,
          32.201167
        ]
      },
      "properties": {
        "NO": "1040",
        "共通ID": "E4321500035111",
        "施設・場所名": "須口地区健康管理増進施設",
        "住所": "熊本県天草市牛深町1081-91",
        "指定緊急避難場所との住所同一": "",
        "その他市町村長が必要と認める事項": null,
        "受入対象者": null,
        "備考": ""
      }
    },
    {
      "type": "Feature",
      "geometry": {
        "type": "Point",
        "coordinates": [
          130.01444,
          32.200972
        ]
      },
      "properties": {
        "NO": "1041",
        "共通ID": "E4321500036111",
        "施設・場所名": "牛深中学校体育館",
        "住所": "熊本県天草市牛深町1211-25",
        "指定緊急避難場所との住所同一": "",
        "その他市町村長が必要と認める事項": null,
        "受入対象者": null,
        "備考": ""
      }
    },
    {
      "type": "Feature",
      "geometry": {
        "type": "Point",
        "coordinates": [
          130.025668,
          32.195712
        ]
      },
      "properties": {
        "NO": "1042",
        "共通ID": "E4321500276121",
        "施設・場所名": "牛深地区コミュニティセンター",
        "住所": "熊本県天草市牛深町122-2",
        "指定緊急避難場所との住所同一": "",
        "その他市町村長が必要と認める事項": null,
        "受入対象者": "要配慮者",
        "備考": ""
      }
    },
    {
      "type": "Feature",
      "geometry": {
        "type": "Point",
        "coordinates": [
          130.018736,
          32.197001
        ]
      },
      "properties": {
        "NO": "1043",
        "共通ID": "E4321500040111",
        "施設・場所名": "牛深小学校体育館",
        "住所": "熊本県天草市牛深町1985",
        "指定緊急避難場所との住所同一": "",
        "その他市町村長が必要と認める事項": null,
        "受入対象者": null,
        "備考": ""
      }
    },
    {
      "type": "Feature",
      "geometry": {
        "type": "Point",
        "coordinates": [
          130.016855,
          32.19708
        ]
      },
      "properties": {
        "NO": "1044",
        "共通ID": "E4321500277111",
        "施設・場所名": "鬼塚公民館",
        "住所": "熊本県天草市牛深町2058",
        "指定緊急避難場所との住所同一": "",
        "その他市町村長が必要と認める事項": null,
        "受入対象者": null,
        "備考": ""
      }
    },
    {
      "type": "Feature",
      "geometry": {
        "type": "Point",
        "coordinates": [
          130.017217,
          32.197072
        ]
      },
      "properties": {
        "NO": "1045",
        "共通ID": "E4321500041111",
        "施設・場所名": "サテライト施設うしぶか（旧牛深幼稚園）",
        "住所": "熊本県天草市牛深町2065-9",
        "指定緊急避難場所との住所同一": "1",
        "その他市町村長が必要と認める事項": null,
        "受入対象者": null,
        "備考": ""
      }
    },
    {
      "type": "Feature",
      "geometry": {
        "type": "Point",
        "coordinates": [
          130.026688,
          32.194605
        ]
      },
      "properties": {
        "NO": "1046",
        "共通ID": "E4321500042121",
        "施設・場所名": "市牛深支所",
        "住所": "熊本県天草市牛深町2286-103",
        "指定緊急避難場所との住所同一": "1",
        "その他市町村長が必要と認める事項": "",
        "受入対象者": "要配慮者",
        "備考": ""
      }
    },
    {
      "type": "Feature",
      "geometry": {
        "type": "Point",
        "coordinates": [
          130.021128,
          32.193977
        ]
      },
      "properties": {
        "NO": "1047",
        "共通ID": "E4321500043111",
        "施設・場所名": "真浦区公民館",
        "住所": "熊本県天草市牛深町2837-2",
        "指定緊急避難場所との住所同一": "",
        "その他市町村長が必要と認める事項": null,
        "受入対象者": null,
        "備考": ""
      }
    },
    {
      "type": "Feature",
      "geometry": {
        "type": "Point",
        "coordinates": [
          130.020535,
          32.192902
        ]
      },
      "properties": {
        "NO": "1048",
        "共通ID": "E4321500044111",
        "施設・場所名": "加世浦区公民館",
        "住所": "熊本県天草市牛深町2899-3",
        "指定緊急避難場所との住所同一": "",
        "その他市町村長が必要と認める事項": null,
        "受入対象者": null,
        "備考": ""
      }
    },
    {
      "type": "Feature",
      "geometry": {
        "type": "Point",
        "coordinates": [
          130.009563,
          32.218008
        ]
      },
      "properties": {
        "NO": "1049",
        "共通ID": "E4321500048111",
        "施設・場所名": "茂串体育館",
        "住所": "熊本県天草市牛深町599",
        "指定緊急避難場所との住所同一": "1",
        "その他市町村長が必要と認める事項": "",
        "受入対象者": "",
        "備考": ""
      }
    },
    {
      "type": "Feature",
      "geometry": {
        "type": "Point",
        "coordinates": [
          130.010914,
          32.239573
        ]
      },
      "properties": {
        "NO": "1050",
        "共通ID": "E4321500050111",
        "施設・場所名": "魚貫地区コミュニティセンター",
        "住所": "熊本県天草市魚貫町2129",
        "指定緊急避難場所との住所同一": "",
        "その他市町村長が必要と認める事項": null,
        "受入対象者": null,
        "備考": ""
      }
    },
    {
      "type": "Feature",
      "geometry": {
        "type": "Point",
        "coordinates": [
          130.181031,
          32.546577
        ]
      },
      "properties": {
        "NO": "1051",
        "共通ID": "E4321500053111",
        "施設・場所名": "鬼池体育館",
        "住所": "熊本県天草市五和町鬼池1184",
        "指定緊急避難場所との住所同一": "1",
        "その他市町村長が必要と認める事項": null,
        "受入対象者": null,
        "備考": ""
      }
    },
    {
      "type": "Feature",
      "geometry": {
        "type": "Point",
        "coordinates": [
          130.176316,
          32.548414
        ]
      },
      "properties": {
        "NO": "1052",
        "共通ID": "E4321500054111",
        "施設・場所名": "友辻公民館",
        "住所": "熊本県天草市五和町鬼池4450",
        "指定緊急避難場所との住所同一": "",
        "その他市町村長が必要と認める事項": null,
        "受入対象者": null,
        "備考": ""
      }
    },
    {
      "type": "Feature",
      "geometry": {
        "type": "Point",
        "coordinates": [
          130.19088,
          32.511442
        ]
      },
      "properties": {
        "NO": "1053",
        "共通ID": "E4321500057111",
        "施設・場所名": "小串公民館",
        "住所": "熊本県天草市五和町御領522-1",
        "指定緊急避難場所との住所同一": "1",
        "その他市町村長が必要と認める事項": null,
        "受入対象者": null,
        "備考": ""
      }
    },
    {
      "type": "Feature",
      "geometry": {
        "type": "Point",
        "coordinates": [
          130.185333,
          32.516413
        ]
      },
      "properties": {
        "NO": "1054",
        "共通ID": "E4321500058111",
        "施設・場所名": "在郷公民館",
        "住所": "熊本県天草市五和町御領6102-4",
        "指定緊急避難場所との住所同一": "",
        "その他市町村長が必要と認める事項": null,
        "受入対象者": null,
        "備考": ""
      }
    },
    {
      "type": "Feature",
      "geometry": {
        "type": "Point",
        "coordinates": [
          130.188883,
          32.517831
        ]
      },
      "properties": {
        "NO": "1055",
        "共通ID": "E4321500060121",
        "施設・場所名": "御領地区コミュニティセンター",
        "住所": "熊本県天草市五和町御領6692-1",
        "指定緊急避難場所との住所同一": "1",
        "その他市町村長が必要と認める事項": null,
        "受入対象者": "要配慮者",
        "備考": ""
      }
    },
    {
      "type": "Feature",
      "geometry": {
        "type": "Point",
        "coordinates": [
          130.191416,
          32.533064
        ]
      },
      "properties": {
        "NO": "1056",
        "共通ID": "E4321500062111",
        "施設・場所名": "五和中学校体育館",
        "住所": "熊本県天草市五和町御領9607-2",
        "指定緊急避難場所との住所同一": "1",
        "その他市町村長が必要と認める事項": null,
        "受入対象者": null,
        "備考": ""
      }
    },
    {
      "type": "Feature",
      "geometry": {
        "type": "Point",
        "coordinates": [
          130.123292,
          32.505479
        ]
      },
      "properties": {
        "NO": "1057",
        "共通ID": "E4321500064111",
        "施設・場所名": "大渡公民館",
        "住所": "熊本県天草市五和町手野1-1291-1",
        "指定緊急避難場所との住所同一": "",
        "その他市町村長が必要と認める事項": null,
        "受入対象者": null,
        "備考": ""
      }
    },
    {
      "type": "Feature",
      "geometry": {
        "type": "Point",
        "coordinates": [
          130.14979,
          32.515258
        ]
      },
      "properties": {
        "NO": "1058",
        "共通ID": "E4321500066111",
        "施設・場所名": "手野体育館",
        "住所": "熊本県天草市五和町手野1-3759",
        "指定緊急避難場所との住所同一": "",
        "その他市町村長が必要と認める事項": null,
        "受入対象者": null,
        "備考": ""
      }
    },
    {
      "type": "Feature",
      "geometry": {
        "type": "Point",
        "coordinates": [
          130.12599,
          32.518746
        ]
      },
      "properties": {
        "NO": "1059",
        "共通ID": "E4321500068111",
        "施設・場所名": "山浦公民館",
        "住所": "熊本県天草市五和町手野2-110",
        "指定緊急避難場所との住所同一": "",
        "その他市町村長が必要と認める事項": null,
        "受入対象者": null,
        "備考": ""
      }
    },
    {
      "type": "Feature",
      "geometry": {
        "type": "Point",
        "coordinates": [
          130.142186,
          32.532685
        ]
      },
      "properties": {
        "NO": "1060",
        "共通ID": "E4321500069111",
        "施設・場所名": "下方公民館",
        "住所": "熊本県天草市五和町手野2-1256",
        "指定緊急避難場所との住所同一": "",
        "その他市町村長が必要と認める事項": null,
        "受入対象者": null,
        "備考": ""
      }
    },
    {
      "type": "Feature",
      "geometry": {
        "type": "Point",
        "coordinates": [
          130.146172,
          32.522731
        ]
      },
      "properties": {
        "NO": "1061",
        "共通ID": "E4321500070111",
        "施設・場所名": "五和西体育館",
        "住所": "熊本県天草市五和町手野2-2096",
        "指定緊急避難場所との住所同一": "",
        "その他市町村長が必要と認める事項": null,
        "受入対象者": null,
        "備考": ""
      }
    },
    {
      "type": "Feature",
      "geometry": {
        "type": "Point",
        "coordinates": [
          130.158565,
          32.498263
        ]
      },
      "properties": {
        "NO": "1062",
        "共通ID": "E4321500072111",
        "施設・場所名": "打越公民館",
        "住所": "熊本県天草市五和町城河原1-2962-1",
        "指定緊急避難場所との住所同一": "",
        "その他市町村長が必要と認める事項": null,
        "受入対象者": null,
        "備考": ""
      }
    },
    {
      "type": "Feature",
      "geometry": {
        "type": "Point",
        "coordinates": [
          130.123846,
          32.487327
        ]
      },
      "properties": {
        "NO": "1063",
        "共通ID": "E4321500073111",
        "施設・場所名": "田代公民館",
        "住所": "熊本県天草市五和町城河原2-2083-4",
        "指定緊急避難場所との住所同一": "",
        "その他市町村長が必要と認める事項": null,
        "受入対象者": null,
        "備考": ""
      }
    },
    {
      "type": "Feature",
      "geometry": {
        "type": "Point",
        "coordinates": [
          130.14904,
          32.495629
        ]
      },
      "properties": {
        "NO": "1064",
        "共通ID": "E4321500074111",
        "施設・場所名": "城河原体育館",
        "住所": "熊本県天草市五和町城河原3-69",
        "指定緊急避難場所との住所同一": "",
        "その他市町村長が必要と認める事項": null,
        "受入対象者": null,
        "備考": ""
      }
    },
    {
      "type": "Feature",
      "geometry": {
        "type": "Point",
        "coordinates": [
          130.135136,
          32.54209
        ]
      },
      "properties": {
        "NO": "1065",
        "共通ID": "E4321500075111",
        "施設・場所名": "君川水公民館",
        "住所": "熊本県天草市五和町二江1477-7",
        "指定緊急避難場所との住所同一": "",
        "その他市町村長が必要と認める事項": null,
        "受入対象者": null,
        "備考": ""
      }
    },
    {
      "type": "Feature",
      "geometry": {
        "type": "Point",
        "coordinates": [
          130.140758,
          32.536699
        ]
      },
      "properties": {
        "NO": "1066",
        "共通ID": "E4321500076111",
        "施設・場所名": "田向公民館",
        "住所": "熊本県天草市五和町二江19-1",
        "指定緊急避難場所との住所同一": "",
        "その他市町村長が必要と認める事項": null,
        "受入対象者": null,
        "備考": ""
      }
    },
    {
      "type": "Feature",
      "geometry": {
        "type": "Point",
        "coordinates": [
          130.114559,
          32.550401
        ]
      },
      "properties": {
        "NO": "1067",
        "共通ID": "E4321500080111",
        "施設・場所名": "五和歴史民俗資料館",
        "住所": "熊本県天草市五和町二江384",
        "指定緊急避難場所との住所同一": "1",
        "その他市町村長が必要と認める事項": null,
        "受入対象者": null,
        "備考": ""
      }
    },
    {
      "type": "Feature",
      "geometry": {
        "type": "Point",
        "coordinates": [
          130.12259,
          32.550902
        ]
      },
      "properties": {
        "NO": "1068",
        "共通ID": "E4321500082111",
        "施設・場所名": "通詞島多目的集会所",
        "住所": "熊本県天草市五和町二江68-17",
        "指定緊急避難場所との住所同一": "",
        "その他市町村長が必要と認める事項": null,
        "受入対象者": null,
        "備考": ""
      }
    },
    {
      "type": "Feature",
      "geometry": {
        "type": "Point",
        "coordinates": [
          130.351762,
          32.36856
        ]
      },
      "properties": {
        "NO": "1069",
        "共通ID": "E4321500083111",
        "施設・場所名": "崎浦自治公民館",
        "住所": "熊本県天草市御所浦町横浦1054-7",
        "指定緊急避難場所との住所同一": "",
        "その他市町村長が必要と認める事項": null,
        "受入対象者": null,
        "備考": ""
      }
    },
    {
      "type": "Feature",
      "geometry": {
        "type": "Point",
        "coordinates": [
          130.344244,
          32.370933
        ]
      },
      "properties": {
        "NO": "1070",
        "共通ID": "E4321500086111",
        "施設・場所名": "旧御所浦北中学校",
        "住所": "熊本県天草市御所浦町横浦537",
        "指定緊急避難場所との住所同一": "",
        "その他市町村長が必要と認める事項": null,
        "受入対象者": null,
        "備考": ""
      }
    },
    {
      "type": "Feature",
      "geometry": {
        "type": "Point",
        "coordinates": [
          130.348207,
          32.368262
        ]
      },
      "properties": {
        "NO": "1071",
        "共通ID": "E4321500087111",
        "施設・場所名": "杉浦自治公民館",
        "住所": "熊本県天草市御所浦町横浦750-11",
        "指定緊急避難場所との住所同一": "",
        "その他市町村長が必要と認める事項": null,
        "受入対象者": null,
        "備考": ""
      }
    },
    {
      "type": "Feature",
      "geometry": {
        "type": "Point",
        "coordinates": [
          130.362133,
          32.346197
        ]
      },
      "properties": {
        "NO": "1072",
        "共通ID": "E4321500088111",
        "施設・場所名": "越地自治公民館",
        "住所": "熊本県天草市御所浦町御所浦1956-2",
        "指定緊急避難場所との住所同一": "",
        "その他市町村長が必要と認める事項": null,
        "受入対象者": null,
        "備考": ""
      }
    },
    {
      "type": "Feature",
      "geometry": {
        "type": "Point",
        "coordinates": [
          130.344278,
          32.345795
        ]
      },
      "properties": {
        "NO": "1073",
        "共通ID": "E4321500091111",
        "施設・場所名": "御所浦中学校体育館",
        "住所": "熊本県天草市御所浦町御所浦3171",
        "指定緊急避難場所との住所同一": "",
        "その他市町村長が必要と認める事項": null,
        "受入対象者": null,
        "備考": ""
      }
    },
    {
      "type": "Feature",
      "geometry": {
        "type": "Point",
        "coordinates": [
          130.338873,
          32.341278
        ]
      },
      "properties": {
        "NO": "1074",
        "共通ID": "E4321500092111",
        "施設・場所名": "御所浦小学校体育館",
        "住所": "熊本県天草市御所浦町御所浦3525-5",
        "指定緊急避難場所との住所同一": "",
        "その他市町村長が必要と認める事項": null,
        "受入対象者": null,
        "備考": ""
      }
    },
    {
      "type": "Feature",
      "geometry": {
        "type": "Point",
        "coordinates": [
          130.339083,
          32.340099
        ]
      },
      "properties": {
        "NO": "1075",
        "共通ID": "E4321500093121",
        "施設・場所名": "御所浦保健福祉センター",
        "住所": "熊本県天草市御所浦町御所浦3527",
        "指定緊急避難場所との住所同一": "",
        "その他市町村長が必要と認める事項": null,
        "受入対象者": "要配慮者",
        "備考": ""
      }
    },
    {
      "type": "Feature",
      "geometry": {
        "type": "Point",
        "coordinates": [
          130.334704,
          32.328647
        ]
      },
      "properties": {
        "NO": "1076",
        "共通ID": "E4321500097111",
        "施設・場所名": "唐木崎自治公民館",
        "住所": "熊本県天草市御所浦町御所浦4976-12",
        "指定緊急避難場所との住所同一": "",
        "その他市町村長が必要と認める事項": null,
        "受入対象者": null,
        "備考": ""
      }
    },
    {
      "type": "Feature",
      "geometry": {
        "type": "Point",
        "coordinates": [
          130.327995,
          32.347493
        ]
      },
      "properties": {
        "NO": "1077",
        "共通ID": "E4321500102111",
        "施設・場所名": "牧島地区コミュニティセンター",
        "住所": "熊本県天草市御所浦町牧島625-7",
        "指定緊急避難場所との住所同一": "",
        "その他市町村長が必要と認める事項": null,
        "受入対象者": null,
        "備考": ""
      }
    },
    {
      "type": "Feature",
      "geometry": {
        "type": "Point",
        "coordinates": [
          130.189044,
          32.490463
        ]
      },
      "properties": {
        "NO": "1078",
        "共通ID": "E4321500106111",
        "施設・場所名": "佐伊津小学校体育館",
        "住所": "熊本県天草市佐伊津町2312",
        "指定緊急避難場所との住所同一": "1",
        "その他市町村長が必要と認める事項": null,
        "受入対象者": null,
        "備考": ""
      }
    },
    {
      "type": "Feature",
      "geometry": {
        "type": "Point",
        "coordinates": [
          130.192483,
          32.497853
        ]
      },
      "properties": {
        "NO": "1079",
        "共通ID": "E4321500107111",
        "施設・場所名": "金ヶ丘団地集会所",
        "住所": "熊本県天草市佐伊津町5910",
        "指定緊急避難場所との住所同一": "",
        "その他市町村長が必要と認める事項": null,
        "受入対象者": null,
        "備考": ""
      }
    },
    {
      "type": "Feature",
      "geometry": {
        "type": "Point",
        "coordinates": [
          130.192497,
          32.49961
        ]
      },
      "properties": {
        "NO": "1080",
        "共通ID": "E4321500108111",
        "施設・場所名": "佐伊津体育館",
        "住所": "熊本県天草市佐伊津町5933",
        "指定緊急避難場所との住所同一": "",
        "その他市町村長が必要と認める事項": null,
        "受入対象者": null,
        "備考": ""
      }
    },
    {
      "type": "Feature",
      "geometry": {
        "type": "Point",
        "coordinates": [
          130.231043,
          32.423449
        ]
      },
      "properties": {
        "NO": "1081",
        "共通ID": "E4321500111111",
        "施設・場所名": "本渡東小学校体育館",
        "住所": "熊本県天草市志柿町5029-5",
        "指定緊急避難場所との住所同一": "1",
        "その他市町村長が必要と認める事項": null,
        "受入対象者": null,
        "備考": ""
      }
    },
    {
      "type": "Feature",
      "geometry": {
        "type": "Point",
        "coordinates": [
          130.221826,
          32.434106
        ]
      },
      "properties": {
        "NO": "1082",
        "共通ID": "E4321500112111",
        "施設・場所名": "本渡東中学校体育館",
        "住所": "熊本県天草市志柿町5031",
        "指定緊急避難場所との住所同一": "1",
        "その他市町村長が必要と認める事項": null,
        "受入対象者": null,
        "備考": ""
      }
    },
    {
      "type": "Feature",
      "geometry": {
        "type": "Point",
        "coordinates": [
          130.195949,
          32.449803
        ]
      },
      "properties": {
        "NO": "1083",
        "共通ID": "E4321500114121",
        "施設・場所名": "天草中央保健福祉センター",
        "住所": "熊本県天草市浄南町4-15",
        "指定緊急避難場所との住所同一": "1",
        "その他市町村長が必要と認める事項": "",
        "受入対象者": "要配慮者",
        "備考": ""
      }
    },
    {
      "type": "Feature",
      "geometry": {
        "type": "Point",
        "coordinates": [
          130.176374,
          32.314441
        ]
      },
      "properties": {
        "NO": "1084",
        "共通ID": "E4321500117111",
        "施設・場所名": "宮南体育館",
        "住所": "熊本県天草市新和町小宮地10821-1",
        "指定緊急避難場所との住所同一": "1",
        "その他市町村長が必要と認める事項": null,
        "受入対象者": null,
        "備考": ""
      }
    },
    {
      "type": "Feature",
      "geometry": {
        "type": "Point",
        "coordinates": [
          130.17954,
          32.366457
        ]
      },
      "properties": {
        "NO": "1085",
        "共通ID": "E4321500119111",
        "施設・場所名": "新和中学校体育館",
        "住所": "熊本県天草市新和町小宮地1304",
        "指定緊急避難場所との住所同一": "",
        "その他市町村長が必要と認める事項": null,
        "受入対象者": null,
        "備考": ""
      }
    },
    {
      "type": "Feature",
      "geometry": {
        "type": "Point",
        "coordinates": [
          130.180937,
          32.362977
        ]
      },
      "properties": {
        "NO": "1086",
        "共通ID": "E4321500120111",
        "施設・場所名": "新和小学校体育館",
        "住所": "熊本県天草市新和町小宮地620",
        "指定緊急避難場所との住所同一": "",
        "その他市町村長が必要と認める事項": null,
        "受入対象者": null,
        "備考": ""
      }
    },
    {
      "type": "Feature",
      "geometry": {
        "type": "Point",
        "coordinates": [
          130.181852,
          32.366478
        ]
      },
      "properties": {
        "NO": "1087",
        "共通ID": "E4321500123111",
        "施設・場所名": "新和体育館",
        "住所": "熊本県天草市新和町小宮地722",
        "指定緊急避難場所との住所同一": "",
        "その他市町村長が必要と認める事項": null,
        "受入対象者": null,
        "備考": ""
      }
    },
    {
      "type": "Feature",
      "geometry": {
        "type": "Point",
        "coordinates": [
          130.185113,
          32.370685
        ]
      },
      "properties": {
        "NO": "1088",
        "共通ID": "E4321500124111",
        "施設・場所名": "新和保健福祉総合センター",
        "住所": "熊本県天草市新和町小宮地763-3",
        "指定緊急避難場所との住所同一": "",
        "その他市町村長が必要と認める事項": "",
        "受入対象者": "",
        "備考": ""
      }
    },
    {
      "type": "Feature",
      "geometry": {
        "type": "Point",
        "coordinates": [
          130.185297,
          32.370673
        ]
      },
      "properties": {
        "NO": "1089",
        "共通ID": "E4321500124121",
        "施設・場所名": "新和保健福祉総合センター",
        "住所": "熊本県天草市新和町小宮地763-3",
        "指定緊急避難場所との住所同一": "",
        "その他市町村長が必要と認める事項": "",
        "受入対象者": "要配慮者",
        "備考": ""
      }
    },
    {
      "type": "Feature",
      "geometry": {
        "type": "Point",
        "coordinates": [
          130.187108,
          32.371379
        ]
      },
      "properties": {
        "NO": "1090",
        "共通ID": "E4321500125111",
        "施設・場所名": "ひだまり館",
        "住所": "熊本県天草市新和町小宮地785",
        "指定緊急避難場所との住所同一": "1",
        "その他市町村長が必要と認める事項": null,
        "受入対象者": null,
        "備考": ""
      }
    },
    {
      "type": "Feature",
      "geometry": {
        "type": "Point",
        "coordinates": [
          130.178083,
          32.38834
        ]
      },
      "properties": {
        "NO": "1091",
        "共通ID": "E4321500126111",
        "施設・場所名": "高見公民分館",
        "住所": "熊本県天草市新和町大宮地1346",
        "指定緊急避難場所との住所同一": "",
        "その他市町村長が必要と認める事項": null,
        "受入対象者": null,
        "備考": ""
      }
    },
    {
      "type": "Feature",
      "geometry": {
        "type": "Point",
        "coordinates": [
          130.173528,
          32.3905
        ]
      },
      "properties": {
        "NO": "1092",
        "共通ID": "E4321500127111",
        "施設・場所名": "大宮地地区コミュニティセンター",
        "住所": "熊本県天草市新和町大宮地4275-1",
        "指定緊急避難場所との住所同一": "1",
        "その他市町村長が必要と認める事項": null,
        "受入対象者": null,
        "備考": ""
      }
    },
    {
      "type": "Feature",
      "geometry": {
        "type": "Point",
        "coordinates": [
          130.173803,
          32.390229
        ]
      },
      "properties": {
        "NO": "1093",
        "共通ID": "E4321500128111",
        "施設・場所名": "大宮地体育館",
        "住所": "熊本県天草市新和町大宮地4277-1",
        "指定緊急避難場所との住所同一": "",
        "その他市町村長が必要と認める事項": null,
        "受入対象者": null,
        "備考": ""
      }
    },
    {
      "type": "Feature",
      "geometry": {
        "type": "Point",
        "coordinates": [
          130.207878,
          32.349087
        ]
      },
      "properties": {
        "NO": "1094",
        "共通ID": "E4321500130111",
        "施設・場所名": "新和Ｂ＆Ｇ海洋センター",
        "住所": "熊本県天草市新和町大多尾2138-3",
        "指定緊急避難場所との住所同一": "",
        "その他市町村長が必要と認める事項": null,
        "受入対象者": null,
        "備考": ""
      }
    },
    {
      "type": "Feature",
      "geometry": {
        "type": "Point",
        "coordinates": [
          130.214371,
          32.368502
        ]
      },
      "properties": {
        "NO": "1095",
        "共通ID": "E4321500133111",
        "施設・場所名": "長野公民分館",
        "住所": "熊本県天草市新和町大多尾3947-6",
        "指定緊急避難場所との住所同一": "",
        "その他市町村長が必要と認める事項": null,
        "受入対象者": null,
        "備考": ""
      }
    },
    {
      "type": "Feature",
      "geometry": {
        "type": "Point",
        "coordinates": [
          130.216624,
          32.384258
        ]
      },
      "properties": {
        "NO": "1096",
        "共通ID": "E4321500135111",
        "施設・場所名": "天附公民分館",
        "住所": "熊本県天草市新和町大多尾4556-2",
        "指定緊急避難場所との住所同一": "",
        "その他市町村長が必要と認める事項": null,
        "受入対象者": null,
        "備考": ""
      }
    },
    {
      "type": "Feature",
      "geometry": {
        "type": "Point",
        "coordinates": [
          130.082438,
          32.244424
        ]
      },
      "properties": {
        "NO": "1097",
        "共通ID": "E4321500264111",
        "施設・場所名": "浅海生活改善センター",
        "住所": "熊本県天草市深海町2779-1",
        "指定緊急避難場所との住所同一": "",
        "その他市町村長が必要と認める事項": null,
        "受入対象者": null,
        "備考": ""
      }
    },
    {
      "type": "Feature",
      "geometry": {
        "type": "Point",
        "coordinates": [
          130.090471,
          32.253633
        ]
      },
      "properties": {
        "NO": "1098",
        "共通ID": "E4321500144111",
        "施設・場所名": "深海体育館",
        "住所": "熊本県天草市深海町4462-3",
        "指定緊急避難場所との住所同一": "",
        "その他市町村長が必要と認める事項": null,
        "受入対象者": null,
        "備考": ""
      }
    },
    {
      "type": "Feature",
      "geometry": {
        "type": "Point",
        "coordinates": [
          130.205721,
          32.449645
        ]
      },
      "properties": {
        "NO": "1099",
        "共通ID": "E4321500146111",
        "施設・場所名": "瀬戸保育園",
        "住所": "熊本県天草市瀬戸町52",
        "指定緊急避難場所との住所同一": "",
        "その他市町村長が必要と認める事項": null,
        "受入対象者": null,
        "備考": ""
      }
    },
    {
      "type": "Feature",
      "geometry": {
        "type": "Point",
        "coordinates": [
          130.310218,
          32.444323
        ]
      },
      "properties": {
        "NO": "1100",
        "共通ID": "E4321500148111",
        "施設・場所名": "中河内公民館",
        "住所": "熊本県天草市栖本町河内4436-2",
        "指定緊急避難場所との住所同一": "",
        "その他市町村長が必要と認める事項": null,
        "受入対象者": null,
        "備考": ""
      }
    },
    {
      "type": "Feature",
      "geometry": {
        "type": "Point",
        "coordinates": [
          130.332313,
          32.454375
        ]
      },
      "properties": {
        "NO": "1101",
        "共通ID": "E4321500149111",
        "施設・場所名": "大河内公民館",
        "住所": "熊本県天草市栖本町河内536",
        "指定緊急避難場所との住所同一": "",
        "その他市町村長が必要と認める事項": null,
        "受入対象者": null,
        "備考": ""
      }
    },
    {
      "type": "Feature",
      "geometry": {
        "type": "Point",
        "coordinates": [
          130.294978,
          32.441693
        ]
      },
      "properties": {
        "NO": "1102",
        "共通ID": "E4321500150111",
        "施設・場所名": "下河内公民館",
        "住所": "熊本県天草市栖本町河内5838-2",
        "指定緊急避難場所との住所同一": "",
        "その他市町村長が必要と認める事項": null,
        "受入対象者": null,
        "備考": ""
      }
    },
    {
      "type": "Feature",
      "geometry": {
        "type": "Point",
        "coordinates": [
          130.286345,
          32.404511
        ]
      },
      "properties": {
        "NO": "1103",
        "共通ID": "E4321500151111",
        "施設・場所名": "稚児﨑公民館",
        "住所": "熊本県天草市栖本町古江1115-1",
        "指定緊急避難場所との住所同一": "",
        "その他市町村長が必要と認める事項": null,
        "受入対象者": null,
        "備考": ""
      }
    },
    {
      "type": "Feature",
      "geometry": {
        "type": "Point",
        "coordinates": [
          130.275875,
          32.408729
        ]
      },
      "properties": {
        "NO": "1104",
        "共通ID": "E4321500152111",
        "施設・場所名": "栖本体育館",
        "住所": "熊本県天草市栖本町古江153-4",
        "指定緊急避難場所との住所同一": "",
        "その他市町村長が必要と認める事項": null,
        "受入対象者": null,
        "備考": ""
      }
    },
    {
      "type": "Feature",
      "geometry": {
        "type": "Point",
        "coordinates": [
          130.284116,
          32.40625
        ]
      },
      "properties": {
        "NO": "1105",
        "共通ID": "E4321500153111",
        "施設・場所名": "古江公民館",
        "住所": "熊本県天草市栖本町古江739-2",
        "指定緊急避難場所との住所同一": "1",
        "その他市町村長が必要と認める事項": null,
        "受入対象者": null,
        "備考": ""
      }
    },
    {
      "type": "Feature",
      "geometry": {
        "type": "Point",
        "coordinates": [
          130.278752,
          32.424787
        ]
      },
      "properties": {
        "NO": "1106",
        "共通ID": "E4321500155111",
        "施設・場所名": "打田公民館",
        "住所": "熊本県天草市栖本町打田315",
        "指定緊急避難場所との住所同一": "",
        "その他市町村長が必要と認める事項": null,
        "受入対象者": null,
        "備考": ""
      }
    },
    {
      "type": "Feature",
      "geometry": {
        "type": "Point",
        "coordinates": [
          130.274185,
          32.414262
        ]
      },
      "properties": {
        "NO": "1107",
        "共通ID": "E4321500157111",
        "施設・場所名": "円性寺",
        "住所": "熊本県天草市栖本町湯船原1055-1",
        "指定緊急避難場所との住所同一": "1",
        "その他市町村長が必要と認める事項": "",
        "受入対象者": "",
        "備考": ""
      }
    },
    {
      "type": "Feature",
      "geometry": {
        "type": "Point",
        "coordinates": [
          130.281385,
          32.423874
        ]
      },
      "properties": {
        "NO": "1108",
        "共通ID": "E4321500158111",
        "施設・場所名": "湯上公民館",
        "住所": "熊本県天草市栖本町湯船原441-1",
        "指定緊急避難場所との住所同一": "",
        "その他市町村長が必要と認める事項": null,
        "受入対象者": null,
        "備考": ""
      }
    },
    {
      "type": "Feature",
      "geometry": {
        "type": "Point",
        "coordinates": [
          130.28085,
          32.423354
        ]
      },
      "properties": {
        "NO": "1109",
        "共通ID": "E4321500159111",
        "施設・場所名": "西真寺",
        "住所": "熊本県天草市栖本町湯船原458",
        "指定緊急避難場所との住所同一": "",
        "その他市町村長が必要と認める事項": null,
        "受入対象者": null,
        "備考": ""
      }
    },
    {
      "type": "Feature",
      "geometry": {
        "type": "Point",
        "coordinates": [
          130.275399,
          32.416142
        ]
      },
      "properties": {
        "NO": "1110",
        "共通ID": "E4321500160111",
        "施設・場所名": "栖本中学校体育館",
        "住所": "熊本県天草市栖本町湯船原690-4",
        "指定緊急避難場所との住所同一": "",
        "その他市町村長が必要と認める事項": null,
        "受入対象者": null,
        "備考": ""
      }
    },
    {
      "type": "Feature",
      "geometry": {
        "type": "Point",
        "coordinates": [
          130.272001,
          32.414262
        ]
      },
      "properties": {
        "NO": "1111",
        "共通ID": "E4321500161111",
        "施設・場所名": "浜公民館",
        "住所": "熊本県天草市栖本町湯船原787-14",
        "指定緊急避難場所との住所同一": "",
        "その他市町村長が必要と認める事項": null,
        "受入対象者": null,
        "備考": ""
      }
    },
    {
      "type": "Feature",
      "geometry": {
        "type": "Point",
        "coordinates": [
          130.272919,
          32.413679
        ]
      },
      "properties": {
        "NO": "1112",
        "共通ID": "E4321500162111",
        "施設・場所名": "法真寺",
        "住所": "熊本県天草市栖本町湯船原956-1",
        "指定緊急避難場所との住所同一": "1",
        "その他市町村長が必要と認める事項": null,
        "受入対象者": null,
        "備考": ""
      }
    },
    {
      "type": "Feature",
      "geometry": {
        "type": "Point",
        "coordinates": [
          130.271134,
          32.420419
        ]
      },
      "properties": {
        "NO": "1113",
        "共通ID": "E4321500164111",
        "施設・場所名": "村公民館",
        "住所": "熊本県天草市栖本町馬場216",
        "指定緊急避難場所との住所同一": "",
        "その他市町村長が必要と認める事項": null,
        "受入対象者": null,
        "備考": ""
      }
    },
    {
      "type": "Feature",
      "geometry": {
        "type": "Point",
        "coordinates": [
          130.274993,
          32.421341
        ]
      },
      "properties": {
        "NO": "1114",
        "共通ID": "E4321500165111",
        "施設・場所名": "栖本小学校体育館",
        "住所": "熊本県天草市栖本町馬場25",
        "指定緊急避難場所との住所同一": "",
        "その他市町村長が必要と認める事項": null,
        "受入対象者": null,
        "備考": ""
      }
    },
    {
      "type": "Feature",
      "geometry": {
        "type": "Point",
        "coordinates": [
          130.26724,
          32.415794
        ]
      },
      "properties": {
        "NO": "1115",
        "共通ID": "E4321500166121",
        "施設・場所名": "栖本福祉会館",
        "住所": "熊本県天草市栖本町馬場3682-1",
        "指定緊急避難場所との住所同一": "1",
        "その他市町村長が必要と認める事項": null,
        "受入対象者": "要配慮者",
        "備考": ""
      }
    },
    {
      "type": "Feature",
      "geometry": {
        "type": "Point",
        "coordinates": [
          130.2625,
          32.4139
        ]
      },
      "properties": {
        "NO": "1116",
        "共通ID": "E4321500167111",
        "施設・場所名": "川下公民館",
        "住所": "熊本県天草市栖本町馬場3775-3",
        "指定緊急避難場所との住所同一": "",
        "その他市町村長が必要と認める事項": null,
        "受入対象者": null,
        "備考": ""
      }
    },
    {
      "type": "Feature",
      "geometry": {
        "type": "Point",
        "coordinates": [
          130.268548,
          32.427155
        ]
      },
      "properties": {
        "NO": "1117",
        "共通ID": "E4321500168111",
        "施設・場所名": "山浦公民館",
        "住所": "熊本県天草市栖本町馬場690-1",
        "指定緊急避難場所との住所同一": "1",
        "その他市町村長が必要と認める事項": null,
        "受入対象者": null,
        "備考": ""
      }
    },
    {
      "type": "Feature",
      "geometry": {
        "type": "Point",
        "coordinates": [
          130.184679,
          32.456098
        ]
      },
      "properties": {
        "NO": "1118",
        "共通ID": "E4321500170111",
        "施設・場所名": "本渡南小学校体育館",
        "住所": "熊本県天草市川原町4-21",
        "指定緊急避難場所との住所同一": "1",
        "その他市町村長が必要と認める事項": "",
        "受入対象者": "",
        "備考": ""
      }
    },
    {
      "type": "Feature",
      "geometry": {
        "type": "Point",
        "coordinates": [
          130.35221,
          32.427013
        ]
      },
      "properties": {
        "NO": "1119",
        "共通ID": "E4321500171111",
        "施設・場所名": "松尾公民館",
        "住所": "熊本県天草市倉岳町浦1050-2",
        "指定緊急避難場所との住所同一": "",
        "その他市町村長が必要と認める事項": null,
        "受入対象者": null,
        "備考": ""
      }
    },
    {
      "type": "Feature",
      "geometry": {
        "type": "Point",
        "coordinates": [
          130.35711,
          32.42928
        ]
      },
      "properties": {
        "NO": "1120",
        "共通ID": "E4321500172111",
        "施設・場所名": "浦６区公民館",
        "住所": "熊本県天草市倉岳町浦1254-8",
        "指定緊急避難場所との住所同一": "",
        "その他市町村長が必要と認める事項": null,
        "受入対象者": null,
        "備考": ""
      }
    },
    {
      "type": "Feature",
      "geometry": {
        "type": "Point",
        "coordinates": [
          130.346102,
          32.437557
        ]
      },
      "properties": {
        "NO": "1121",
        "共通ID": "E4321500173111",
        "施設・場所名": "浦２区公民館",
        "住所": "熊本県天草市倉岳町浦2323-1",
        "指定緊急避難場所との住所同一": "",
        "その他市町村長が必要と認める事項": null,
        "受入対象者": null,
        "備考": ""
      }
    },
    {
      "type": "Feature",
      "geometry": {
        "type": "Point",
        "coordinates": [
          130.360773,
          32.432301
        ]
      },
      "properties": {
        "NO": "1122",
        "共通ID": "E4321500175111",
        "施設・場所名": "浦１区公民館",
        "住所": "熊本県天草市倉岳町浦3073",
        "指定緊急避難場所との住所同一": "",
        "その他市町村長が必要と認める事項": null,
        "受入対象者": null,
        "備考": ""
      }
    },
    {
      "type": "Feature",
      "geometry": {
        "type": "Point",
        "coordinates": [
          130.349005,
          32.421945
        ]
      },
      "properties": {
        "NO": "1123",
        "共通ID": "E4321500178111",
        "施設・場所名": "浦５区公民館",
        "住所": "熊本県天草市倉岳町浦4896",
        "指定緊急避難場所との住所同一": "",
        "その他市町村長が必要と認める事項": null,
        "受入対象者": null,
        "備考": ""
      }
    },
    {
      "type": "Feature",
      "geometry": {
        "type": "Point",
        "coordinates": [
          130.306407,
          32.398592
        ]
      },
      "properties": {
        "NO": "1124",
        "共通ID": "E4321500180111",
        "施設・場所名": "宮田５区公民館",
        "住所": "熊本県天草市倉岳町宮田1136-1",
        "指定緊急避難場所との住所同一": "",
        "その他市町村長が必要と認める事項": null,
        "受入対象者": null,
        "備考": ""
      }
    },
    {
      "type": "Feature",
      "geometry": {
        "type": "Point",
        "coordinates": [
          130.316412,
          32.399673
        ]
      },
      "properties": {
        "NO": "1125",
        "共通ID": "E4321500182111",
        "施設・場所名": "宮田２区公民館",
        "住所": "熊本県天草市倉岳町宮田2487-3",
        "指定緊急避難場所との住所同一": "",
        "その他市町村長が必要と認める事項": null,
        "受入対象者": null,
        "備考": ""
      }
    },
    {
      "type": "Feature",
      "geometry": {
        "type": "Point",
        "coordinates": [
          130.32507,
          32.401093
        ]
      },
      "properties": {
        "NO": "1126",
        "共通ID": "E4321500183111",
        "施設・場所名": "宮田１区公民館",
        "住所": "熊本県天草市倉岳町宮田3754-2",
        "指定緊急避難場所との住所同一": "",
        "その他市町村長が必要と認める事項": null,
        "受入対象者": null,
        "備考": ""
      }
    },
    {
      "type": "Feature",
      "geometry": {
        "type": "Point",
        "coordinates": [
          130.343886,
          32.410679
        ]
      },
      "properties": {
        "NO": "1127",
        "共通ID": "E4321500185111",
        "施設・場所名": "棚底地区コミュニティセンター",
        "住所": "熊本県天草市倉岳町棚底1786-4",
        "指定緊急避難場所との住所同一": "",
        "その他市町村長が必要と認める事項": null,
        "受入対象者": null,
        "備考": ""
      }
    },
    {
      "type": "Feature",
      "geometry": {
        "type": "Point",
        "coordinates": [
          130.340922,
          32.409567
        ]
      },
      "properties": {
        "NO": "1128",
        "共通ID": "E4321500281121",
        "施設・場所名": "市倉岳支所",
        "住所": "熊本県天草市倉岳町棚底1919",
        "指定緊急避難場所との住所同一": "",
        "その他市町村長が必要と認める事項": "",
        "受入対象者": "",
        "備考": ""
      }
    },
    {
      "type": "Feature",
      "geometry": {
        "type": "Point",
        "coordinates": [
          130.337888,
          32.411162
        ]
      },
      "properties": {
        "NO": "1129",
        "共通ID": "E4321500189111",
        "施設・場所名": "倉岳小学校体育館",
        "住所": "熊本県天草市倉岳町棚底2114",
        "指定緊急避難場所との住所同一": "",
        "その他市町村長が必要と認める事項": null,
        "受入対象者": null,
        "備考": ""
      }
    },
    {
      "type": "Feature",
      "geometry": {
        "type": "Point",
        "coordinates": [
          130.333585,
          32.413172
        ]
      },
      "properties": {
        "NO": "1130",
        "共通ID": "E4321500190111",
        "施設・場所名": "棚底２区公民館",
        "住所": "熊本県天草市倉岳町棚底2210-1",
        "指定緊急避難場所との住所同一": "",
        "その他市町村長が必要と認める事項": null,
        "受入対象者": null,
        "備考": ""
      }
    },
    {
      "type": "Feature",
      "geometry": {
        "type": "Point",
        "coordinates": [
          130.338767,
          32.406812
        ]
      },
      "properties": {
        "NO": "1131",
        "共通ID": "E4321500191111",
        "施設・場所名": "棚底５区公民館",
        "住所": "熊本県天草市倉岳町棚底2480-3",
        "指定緊急避難場所との住所同一": "",
        "その他市町村長が必要と認める事項": null,
        "受入対象者": null,
        "備考": ""
      }
    },
    {
      "type": "Feature",
      "geometry": {
        "type": "Point",
        "coordinates": [
          130.33582,
          32.406686
        ]
      },
      "properties": {
        "NO": "1132",
        "共通ID": "E4321500192111",
        "施設・場所名": "棚底４区公民館",
        "住所": "熊本県天草市倉岳町棚底2658-3",
        "指定緊急避難場所との住所同一": "",
        "その他市町村長が必要と認める事項": null,
        "受入対象者": null,
        "備考": ""
      }
    },
    {
      "type": "Feature",
      "geometry": {
        "type": "Point",
        "coordinates": [
          130.008918,
          32.398028
        ]
      },
      "properties": {
        "NO": "1133",
        "共通ID": "E4321500197111",
        "施設・場所名": "下田南体育館",
        "住所": "熊本県天草市天草町下田南737-1",
        "指定緊急避難場所との住所同一": "1",
        "その他市町村長が必要と認める事項": null,
        "受入対象者": null,
        "備考": ""
      }
    },
    {
      "type": "Feature",
      "geometry": {
        "type": "Point",
        "coordinates": [
          130.013782,
          32.424977
        ]
      },
      "properties": {
        "NO": "1134",
        "共通ID": "E4321500199111",
        "施設・場所名": "下田北地区コミュニティセンター",
        "住所": "熊本県天草市天草町下田北534-1",
        "指定緊急避難場所との住所同一": "1",
        "その他市町村長が必要と認める事項": null,
        "受入対象者": null,
        "備考": ""
      }
    },
    {
      "type": "Feature",
      "geometry": {
        "type": "Point",
        "coordinates": [
          129.998033,
          32.372857
        ]
      },
      "properties": {
        "NO": "1135",
        "共通ID": "E4321500200111",
        "施設・場所名": "天草小学校体育館",
        "住所": "熊本県天草市天草町高浜南2714",
        "指定緊急避難場所との住所同一": "1",
        "その他市町村長が必要と認める事項": null,
        "受入対象者": null,
        "備考": ""
      }
    },
    {
      "type": "Feature",
      "geometry": {
        "type": "Point",
        "coordinates": [
          129.99782,
          32.378672
        ]
      },
      "properties": {
        "NO": "1136",
        "共通ID": "E4321500201111",
        "施設・場所名": "天草勤労者体育館",
        "住所": "熊本県天草市天草町高浜南488-1",
        "指定緊急避難場所との住所同一": "1",
        "その他市町村長が必要と認める事項": null,
        "受入対象者": null,
        "備考": ""
      }
    },
    {
      "type": "Feature",
      "geometry": {
        "type": "Point",
        "coordinates": [
          129.997528,
          32.378389
        ]
      },
      "properties": {
        "NO": "1137",
        "共通ID": "E4321500202121",
        "施設・場所名": "高浜地区コミュニティセンター",
        "住所": "熊本県天草市天草町高浜南501-1",
        "指定緊急避難場所との住所同一": "1",
        "その他市町村長が必要と認める事項": null,
        "受入対象者": "要配慮者",
        "備考": ""
      }
    },
    {
      "type": "Feature",
      "geometry": {
        "type": "Point",
        "coordinates": [
          129.992636,
          32.324664
        ]
      },
      "properties": {
        "NO": "1138",
        "共通ID": "E4321500207111",
        "施設・場所名": "天草交流センター体育館",
        "住所": "熊本県天草市天草町大江504-2",
        "指定緊急避難場所との住所同一": "",
        "その他市町村長が必要と認める事項": null,
        "受入対象者": null,
        "備考": ""
      }
    },
    {
      "type": "Feature",
      "geometry": {
        "type": "Point",
        "coordinates": [
          130.072734,
          32.41895
        ]
      },
      "properties": {
        "NO": "1139",
        "共通ID": "E4321500211111",
        "施設・場所名": "福連木体育館",
        "住所": "熊本県天草市天草町福連木3505-1",
        "指定緊急避難場所との住所同一": "",
        "その他市町村長が必要と認める事項": null,
        "受入対象者": null,
        "備考": ""
      }
    },
    {
      "type": "Feature",
      "geometry": {
        "type": "Point",
        "coordinates": [
          130.198299,
          32.413341
        ]
      },
      "properties": {
        "NO": "1140",
        "共通ID": "E4321500217111",
        "施設・場所名": "楠浦小学校体育館",
        "住所": "熊本県天草市楠浦町2805",
        "指定緊急避難場所との住所同一": "1",
        "その他市町村長が必要と認める事項": "",
        "受入対象者": "",
        "備考": ""
      }
    },
    {
      "type": "Feature",
      "geometry": {
        "type": "Point",
        "coordinates": [
          130.025421,
          32.257068
        ]
      },
      "properties": {
        "NO": "1141",
        "共通ID": "E4321500220111",
        "施設・場所名": "姫の河内集会所",
        "住所": "熊本県天草市二浦町亀浦3504-3",
        "指定緊急避難場所との住所同一": "",
        "その他市町村長が必要と認める事項": null,
        "受入対象者": null,
        "備考": ""
      }
    },
    {
      "type": "Feature",
      "geometry": {
        "type": "Point",
        "coordinates": [
          130.037111,
          32.277153
        ]
      },
      "properties": {
        "NO": "1142",
        "共通ID": "E4321500221111",
        "施設・場所名": "二浦体育館",
        "住所": "熊本県天草市二浦町亀浦4403-8",
        "指定緊急避難場所との住所同一": "",
        "その他市町村長が必要と認める事項": null,
        "受入対象者": null,
        "備考": ""
      }
    },
    {
      "type": "Feature",
      "geometry": {
        "type": "Point",
        "coordinates": [
          130.046703,
          32.275826
        ]
      },
      "properties": {
        "NO": "1143",
        "共通ID": "E4321500222111",
        "施設・場所名": "早浦生活改善センター",
        "住所": "熊本県天草市二浦町早浦517-4",
        "指定緊急避難場所との住所同一": "",
        "その他市町村長が必要と認める事項": null,
        "受入対象者": null,
        "備考": ""
      }
    },
    {
      "type": "Feature",
      "geometry": {
        "type": "Point",
        "coordinates": [
          130.186551,
          32.463045
        ]
      },
      "properties": {
        "NO": "1144",
        "共通ID": "E4321500223111",
        "施設・場所名": "本渡北小学校体育館",
        "住所": "熊本県天草市浜崎町3-55",
        "指定緊急避難場所との住所同一": "1",
        "その他市町村長が必要と認める事項": "",
        "受入対象者": "",
        "備考": ""
      }
    },
    {
      "type": "Feature",
      "geometry": {
        "type": "Point",
        "coordinates": [
          130.188149,
          32.462533
        ]
      },
      "properties": {
        "NO": "1145",
        "共通ID": "E4321500224111",
        "施設・場所名": "本渡北幼稚園",
        "住所": "熊本県天草市浜崎町4-9",
        "指定緊急避難場所との住所同一": "",
        "その他市町村長が必要と認める事項": null,
        "受入対象者": null,
        "備考": ""
      }
    },
    {
      "type": "Feature",
      "geometry": {
        "type": "Point",
        "coordinates": [
          130.155988,
          32.469367
        ]
      },
      "properties": {
        "NO": "1146",
        "共通ID": "E4321500225111",
        "施設・場所名": "本町体育館",
        "住所": "熊本県天草市本町新休35",
        "指定緊急避難場所との住所同一": "1",
        "その他市町村長が必要と認める事項": null,
        "受入対象者": null,
        "備考": ""
      }
    },
    {
      "type": "Feature",
      "geometry": {
        "type": "Point",
        "coordinates": [
          130.134279,
          32.46786
        ]
      },
      "properties": {
        "NO": "1147",
        "共通ID": "E4321500226111",
        "施設・場所名": "本町小学校体育館",
        "住所": "熊本県天草市本町本815",
        "指定緊急避難場所との住所同一": "1",
        "その他市町村長が必要と認める事項": null,
        "受入対象者": null,
        "備考": ""
      }
    },
    {
      "type": "Feature",
      "geometry": {
        "type": "Point",
        "coordinates": [
          130.204833,
          32.465229
        ]
      },
      "properties": {
        "NO": "1148",
        "共通ID": "E4321500228111",
        "施設・場所名": "本渡中学校体育館",
        "住所": "熊本県天草市本渡町広瀬5-110",
        "指定緊急避難場所との住所同一": "",
        "その他市町村長が必要と認める事項": null,
        "受入対象者": null,
        "備考": ""
      }
    },
    {
      "type": "Feature",
      "geometry": {
        "type": "Point",
        "coordinates": [
          130.182248,
          32.46828
        ]
      },
      "properties": {
        "NO": "1149",
        "共通ID": "E4321500230111",
        "施設・場所名": "天草拓心高等学校体育館",
        "住所": "熊本県天草市本渡町本戸馬場495",
        "指定緊急避難場所との住所同一": "",
        "その他市町村長が必要と認める事項": null,
        "受入対象者": null,
        "備考": ""
      }
    },
    {
      "type": "Feature",
      "geometry": {
        "type": "Point",
        "coordinates": [
          130.276508,
          32.477637
        ]
      },
      "properties": {
        "NO": "1150",
        "共通ID": "E4321500236111",
        "施設・場所名": "小島子上地区集会所",
        "住所": "熊本県天草市有明町小島子1192-2",
        "指定緊急避難場所との住所同一": "",
        "その他市町村長が必要と認める事項": null,
        "受入対象者": null,
        "備考": ""
      }
    },
    {
      "type": "Feature",
      "geometry": {
        "type": "Point",
        "coordinates": [
          130.309402,
          32.507426
        ]
      },
      "properties": {
        "NO": "1151",
        "共通ID": "E4321500239111",
        "施設・場所名": "下津江センター",
        "住所": "熊本県天草市有明町上津浦2533-2",
        "指定緊急避難場所との住所同一": "",
        "その他市町村長が必要と認める事項": null,
        "受入対象者": null,
        "備考": ""
      }
    },
    {
      "type": "Feature",
      "geometry": {
        "type": "Point",
        "coordinates": [
          130.322974,
          32.514475
        ]
      },
      "properties": {
        "NO": "1152",
        "共通ID": "E4321500246111",
        "施設・場所名": "赤崎体育館",
        "住所": "熊本県天草市有明町赤崎1764",
        "指定緊急避難場所との住所同一": "",
        "その他市町村長が必要と認める事項": null,
        "受入対象者": null,
        "備考": ""
      }
    },
    {
      "type": "Feature",
      "geometry": {
        "type": "Point",
        "coordinates": [
          130.314512,
          32.511528
        ]
      },
      "properties": {
        "NO": "1153",
        "共通ID": "E4321500249111",
        "施設・場所名": "有明体育館",
        "住所": "熊本県天草市有明町赤崎3383",
        "指定緊急避難場所との住所同一": "1",
        "その他市町村長が必要と認める事項": "",
        "受入対象者": "",
        "備考": ""
      }
    },
    {
      "type": "Feature",
      "geometry": {
        "type": "Point",
        "coordinates": [
          130.314445,
          32.513017
        ]
      },
      "properties": {
        "NO": "1154",
        "共通ID": "E4321500249121",
        "施設・場所名": "有明町民センター",
        "住所": "熊本県天草市有明町赤崎3383",
        "指定緊急避難場所との住所同一": "1",
        "その他市町村長が必要と認める事項": "",
        "受入対象者": "要配慮者",
        "備考": ""
      }
    },
    {
      "type": "Feature",
      "geometry": {
        "type": "Point",
        "coordinates": [
          130.366526,
          32.517445
        ]
      },
      "properties": {
        "NO": "1155",
        "共通ID": "E4321500252111",
        "施設・場所名": "大楠体育館",
        "住所": "熊本県天草市有明町大浦533-1",
        "指定緊急避難場所との住所同一": "1",
        "その他市町村長が必要と認める事項": null,
        "受入対象者": null,
        "備考": ""
      }
    },
    {
      "type": "Feature",
      "geometry": {
        "type": "Point",
        "coordinates": [
          130.257493,
          32.474382
        ]
      },
      "properties": {
        "NO": "1156",
        "共通ID": "E4321500255111",
        "施設・場所名": "島子体育館",
        "住所": "熊本県天草市有明町大島子2669",
        "指定緊急避難場所との住所同一": "1",
        "その他市町村長が必要と認める事項": null,
        "受入対象者": null,
        "備考": ""
      }
    },
    {
      "type": "Feature",
      "geometry": {
        "type": "Point",
        "coordinates": [
          130.383954,
          32.514044
        ]
      },
      "properties": {
        "NO": "1157",
        "共通ID": "E4321500259111",
        "施設・場所名": "蛤里地区集会所",
        "住所": "熊本県天草市有明町楠甫5791-1",
        "指定緊急避難場所との住所同一": "",
        "その他市町村長が必要と認める事項": null,
        "受入対象者": null,
        "備考": ""
      }
    },
    {
      "type": "Feature",
      "geometry": {
        "type": "Point",
        "coordinates": [
          130.369848,
          32.497982
        ]
      },
      "properties": {
        "NO": "1158",
        "共通ID": "E4321500260111",
        "施設・場所名": "楠甫体育館",
        "住所": "熊本県天草市有明町楠甫756",
        "指定緊急避難場所との住所同一": "1",
        "その他市町村長が必要と認める事項": null,
        "受入対象者": null,
        "備考": ""
      }
    },
    {
      "type": "Feature",
      "geometry": {
        "type": "Point",
        "coordinates": [
          130.996716,
          32.272899
        ]
      },
      "properties": {
        "NO": "1159",
        "共通ID": "E4350600001111",
        "施設・場所名": "湯前町Ｂ＆Ｇ海洋センター",
        "住所": "熊本県湯前町1693-2",
        "指定緊急避難場所との住所同一": "1",
        "その他市町村長が必要と認める事項": "",
        "受入対象者": "",
        "備考": ""
      }
    },
    {
      "type": "Feature",
      "geometry": {
        "type": "Point",
        "coordinates": [
          130.98044,
          32.281318
        ]
      },
      "properties": {
        "NO": "1160",
        "共通ID": "E4350600003111",
        "施設・場所名": "湯前町避難防災交流施設",
        "住所": "熊本県湯前町1822-4",
        "指定緊急避難場所との住所同一": "1",
        "その他市町村長が必要と認める事項": "",
        "受入対象者": "",
        "備考": ""
      }
    },
    {
      "type": "Feature",
      "geometry": {
        "type": "Point",
        "coordinates": [
          130.981507,
          32.280418
        ]
      },
      "properties": {
        "NO": "1161",
        "共通ID": "E4350600004111",
        "施設・場所名": "湯前町農村環境改善センター",
        "住所": "熊本県湯前町1834-1",
        "指定緊急避難場所との住所同一": "1",
        "その他市町村長が必要と認める事項": "",
        "受入対象者": "",
        "備考": ""
      }
    },
    {
      "type": "Feature",
      "geometry": {
        "type": "Point",
        "coordinates": [
          130.980873,
          32.276679
        ]
      },
      "properties": {
        "NO": "1162",
        "共通ID": "E4350600005111",
        "施設・場所名": "湯前町保健センター",
        "住所": "熊本県湯前町1984",
        "指定緊急避難場所との住所同一": "1",
        "その他市町村長が必要と認める事項": "",
        "受入対象者": "",
        "備考": ""
      }
    },
    {
      "type": "Feature",
      "geometry": {
        "type": "Point",
        "coordinates": [
          130.985129,
          32.275521
        ]
      },
      "properties": {
        "NO": "1163",
        "共通ID": "E4350600010111",
        "施設・場所名": "湯前町立湯前小学校",
        "住所": "熊本県湯前町2120",
        "指定緊急避難場所との住所同一": "1",
        "その他市町村長が必要と認める事項": "",
        "受入対象者": "",
        "備考": ""
      }
    },
    {
      "type": "Feature",
      "geometry": {
        "type": "Point",
        "coordinates": [
          130.986567,
          32.274909
        ]
      },
      "properties": {
        "NO": "1164",
        "共通ID": "E4350600011111",
        "施設・場所名": "湯前町立湯前中学校",
        "住所": "熊本県湯前町2643",
        "指定緊急避難場所との住所同一": "1",
        "その他市町村長が必要と認める事項": "",
        "受入対象者": "",
        "備考": ""
      }
    },
    {
      "type": "Feature",
      "geometry": {
        "type": "Point",
        "coordinates": [
          130.981108,
          32.264382
        ]
      },
      "properties": {
        "NO": "1165",
        "共通ID": "E4350600009111",
        "施設・場所名": "旧南部保育所",
        "住所": "熊本県湯前町3446-1",
        "指定緊急避難場所との住所同一": "1",
        "その他市町村長が必要と認める事項": "",
        "受入対象者": "",
        "備考": ""
      }
    },
    {
      "type": "Feature",
      "geometry": {
        "type": "Point",
        "coordinates": [
          131.000988,
          32.858002
        ]
      },
      "properties": {
        "NO": "1166",
        "共通ID": "E4343300050111",
        "施設・場所名": "南阿蘇中学校第２体育館２階",
        "住所": "熊本県南阿蘇村河陽3545-1",
        "指定緊急避難場所との住所同一": "",
        "その他市町村長が必要と認める事項": "",
        "受入対象者": "",
        "備考": ""
      }
    },
    {
      "type": "Feature",
      "geometry": {
        "type": "Point",
        "coordinates": [
          131.036214,
          32.820385
        ]
      },
      "properties": {
        "NO": "1167",
        "共通ID": "E4343300001121",
        "施設・場所名": "久木野総合福祉センター",
        "住所": "熊本県南阿蘇村久石2705",
        "指定緊急避難場所との住所同一": "",
        "その他市町村長が必要と認める事項": null,
        "受入対象者": null,
        "備考": ""
      }
    },
    {
      "type": "Feature",
      "geometry": {
        "type": "Point",
        "coordinates": [
          131.030782,
          32.819352
        ]
      },
      "properties": {
        "NO": "1168",
        "共通ID": "E4343300024111",
        "施設・場所名": "久木野小学校体育館",
        "住所": "熊本県南阿蘇村大字河陰130",
        "指定緊急避難場所との住所同一": "1",
        "その他市町村長が必要と認める事項": null,
        "受入対象者": null,
        "備考": ""
      }
    },
    {
      "type": "Feature",
      "geometry": {
        "type": "Point",
        "coordinates": [
          131.028873,
          32.814261
        ]
      },
      "properties": {
        "NO": "1169",
        "共通ID": "E4343300025111",
        "施設・場所名": "久木野体育館",
        "住所": "熊本県南阿蘇村大字河陰5-2",
        "指定緊急避難場所との住所同一": "1",
        "その他市町村長が必要と認める事項": null,
        "受入対象者": null,
        "備考": ""
      }
    },
    {
      "type": "Feature",
      "geometry": {
        "type": "Point",
        "coordinates": [
          131.011678,
          32.849281
        ]
      },
      "properties": {
        "NO": "1170",
        "共通ID": "E4343300054111",
        "施設・場所名": "南阿蘇西小学校体育館",
        "住所": "熊本県南阿蘇村大字河陽2999-2",
        "指定緊急避難場所との住所同一": "",
        "その他市町村長が必要と認める事項": "",
        "受入対象者": "",
        "備考": ""
      }
    },
    {
      "type": "Feature",
      "geometry": {
        "type": "Point",
        "coordinates": [
          131.001065,
          32.858033
        ]
      },
      "properties": {
        "NO": "1171",
        "共通ID": "E4343300027111",
        "施設・場所名": "南阿蘇中学校第１体育館",
        "住所": "熊本県南阿蘇村大字河陽3545",
        "指定緊急避難場所との住所同一": "",
        "その他市町村長が必要と認める事項": null,
        "受入対象者": null,
        "備考": ""
      }
    },
    {
      "type": "Feature",
      "geometry": {
        "type": "Point",
        "coordinates": [
          131.000988,
          32.858002
        ]
      },
      "properties": {
        "NO": "1172",
        "共通ID": "E4343300028111",
        "施設・場所名": "南阿蘇中学校第２体育館１階",
        "住所": "熊本県南阿蘇村大字河陽3545-1",
        "指定緊急避難場所との住所同一": "1",
        "その他市町村長が必要と認める事項": "",
        "受入対象者": "",
        "備考": ""
      }
    },
    {
      "type": "Feature",
      "geometry": {
        "type": "Point",
        "coordinates": [
          131.071743,
          32.827264
        ]
      },
      "properties": {
        "NO": "1173",
        "共通ID": "E4343300032111",
        "施設・場所名": "白水体育館",
        "住所": "熊本県南阿蘇村大字吉田1700-1",
        "指定緊急避難場所との住所同一": "1",
        "その他市町村長が必要と認める事項": null,
        "受入対象者": null,
        "備考": ""
      }
    },
    {
      "type": "Feature",
      "geometry": {
        "type": "Point",
        "coordinates": [
          131.083166,
          32.826556
        ]
      },
      "properties": {
        "NO": "1174",
        "共通ID": "E4343300033111",
        "施設・場所名": "白水小学校体育館",
        "住所": "熊本県南阿蘇村大字吉田2301",
        "指定緊急避難場所との住所同一": "1",
        "その他市町村長が必要と認める事項": null,
        "受入対象者": null,
        "備考": ""
      }
    },
    {
      "type": "Feature",
      "geometry": {
        "type": "Point",
        "coordinates": [
          130.968176,
          32.877786
        ]
      },
      "properties": {
        "NO": "1175",
        "共通ID": "E4343300051111",
        "施設・場所名": "（旧）立野小学校",
        "住所": "熊本県南阿蘇村大字立野1596",
        "指定緊急避難場所との住所同一": "",
        "その他市町村長が必要と認める事項": "",
        "受入対象者": "",
        "備考": ""
      }
    },
    {
      "type": "Feature",
      "geometry": {
        "type": "Point",
        "coordinates": [
          131.101353,
          32.812042
        ]
      },
      "properties": {
        "NO": "1176",
        "共通ID": "E4342800025111",
        "施設・場所名": "両併小学校体育館",
        "住所": "熊本県南阿蘇村大字両併999-1",
        "指定緊急避難場所との住所同一": "",
        "その他市町村長が必要と認める事項": null,
        "受入対象者": null,
        "備考": ""
      }
    },
    {
      "type": "Feature",
      "geometry": {
        "type": "Point",
        "coordinates": [
          131.050565,
          32.83052
        ]
      },
      "properties": {
        "NO": "1177",
        "共通ID": "E4343300056111",
        "施設・場所名": "（旧）中松小学校体育館",
        "住所": "熊本県南阿蘇村中松2377",
        "指定緊急避難場所との住所同一": "",
        "その他市町村長が必要と認める事項": "",
        "受入対象者": "",
        "備考": ""
      }
    },
    {
      "type": "Feature",
      "geometry": {
        "type": "Point",
        "coordinates": [
          130.967684,
          32.877943
        ]
      },
      "properties": {
        "NO": "1178",
        "共通ID": "E4343300046111",
        "施設・場所名": "（旧）立野小学校体育館",
        "住所": "熊本県南阿蘇村立野1596",
        "指定緊急避難場所との住所同一": "",
        "その他市町村長が必要と認める事項": null,
        "受入対象者": null,
        "備考": ""
      }
    },
    {
      "type": "Feature",
      "geometry": {
        "type": "Point",
        "coordinates": [
          131.101023,
          32.81206
        ]
      },
      "properties": {
        "NO": "1179",
        "共通ID": "E4343300045111",
        "施設・場所名": "両併小学校体育館及び校舎",
        "住所": "熊本県南阿蘇村両併995",
        "指定緊急避難場所との住所同一": "1",
        "その他市町村長が必要と認める事項": "",
        "受入対象者": "",
        "備考": ""
      }
    },
    {
      "type": "Feature",
      "geometry": {
        "type": "Point",
        "coordinates": [
          130.560751,
          33.047369
        ]
      },
      "properties": {
        "NO": "1180",
        "共通ID": "E4336700017121",
        "施設・場所名": "南関町　交流センター　",
        "住所": "熊本県南関町小原1408",
        "指定緊急避難場所との住所同一": "",
        "その他市町村長が必要と認める事項": "",
        "受入対象者": "要配慮者",
        "備考": ""
      }
    },
    {
      "type": "Feature",
      "geometry": {
        "type": "Point",
        "coordinates": [
          130.546659,
          33.06312
        ]
      },
      "properties": {
        "NO": "1181",
        "共通ID": "E4336700005111",
        "施設・場所名": "南関第一小学校",
        "住所": "熊本県南関町大字関町188",
        "指定緊急避難場所との住所同一": "1",
        "その他市町村長が必要と認める事項": null,
        "受入対象者": null,
        "備考": ""
      }
    },
    {
      "type": "Feature",
      "geometry": {
        "type": "Point",
        "coordinates": [
          130.530839,
          33.026425
        ]
      },
      "properties": {
        "NO": "1182",
        "共通ID": "E4336700008111",
        "施設・場所名": "南関第二小学校",
        "住所": "熊本県南関町大字高久野754",
        "指定緊急避難場所との住所同一": "1",
        "その他市町村長が必要と認める事項": null,
        "受入対象者": null,
        "備考": ""
      }
    },
    {
      "type": "Feature",
      "geometry": {
        "type": "Point",
        "coordinates": [
          130.561578,
          33.042917
        ]
      },
      "properties": {
        "NO": "1183",
        "共通ID": "E4336700012111",
        "施設・場所名": "南関中学校",
        "住所": "熊本県南関町大字小原2121-1",
        "指定緊急避難場所との住所同一": "1",
        "その他市町村長が必要と認める事項": null,
        "受入対象者": null,
        "備考": ""
      }
    },
    {
      "type": "Feature",
      "geometry": {
        "type": "Point",
        "coordinates": [
          130.560518,
          33.01627
        ]
      },
      "properties": {
        "NO": "1184",
        "共通ID": "E4336700013111",
        "施設・場所名": "南関第四小学校",
        "住所": "熊本県南関町大字上坂下3528",
        "指定緊急避難場所との住所同一": "1",
        "その他市町村長が必要と認める事項": null,
        "受入対象者": null,
        "備考": ""
      }
    },
    {
      "type": "Feature",
      "geometry": {
        "type": "Point",
        "coordinates": [
          130.576106,
          33.042593
        ]
      },
      "properties": {
        "NO": "1185",
        "共通ID": "E4336700015111",
        "施設・場所名": "南関第三小学校",
        "住所": "熊本県南関町大字相谷1800",
        "指定緊急避難場所との住所同一": "1",
        "その他市町村長が必要と認める事項": null,
        "受入対象者": null,
        "備考": ""
      }
    },
    {
      "type": "Feature",
      "geometry": {
        "type": "Point",
        "coordinates": [
          131.070365,
          33.098658
        ]
      },
      "properties": {
        "NO": "1186",
        "共通ID": "E4342300003111",
        "施設・場所名": "南小国町役場",
        "住所": "熊本県南小国町大字赤馬場143",
        "指定緊急避難場所との住所同一": "1",
        "その他市町村長が必要と認める事項": null,
        "受入対象者": null,
        "備考": ""
      }
    },
    {
      "type": "Feature",
      "geometry": {
        "type": "Point",
        "coordinates": [
          131.0695,
          33.097372
        ]
      },
      "properties": {
        "NO": "1187",
        "共通ID": "E4342300005111",
        "施設・場所名": "市原小学校",
        "住所": "熊本県南小国町大字赤馬場1922",
        "指定緊急避難場所との住所同一": "1",
        "その他市町村長が必要と認める事項": null,
        "受入対象者": null,
        "備考": ""
      }
    },
    {
      "type": "Feature",
      "geometry": {
        "type": "Point",
        "coordinates": [
          131.069058,
          33.091644
        ]
      },
      "properties": {
        "NO": "1188",
        "共通ID": "E4342300006121",
        "施設・場所名": "グループホーム森園",
        "住所": "熊本県南小国町大字赤馬場3366",
        "指定緊急避難場所との住所同一": "",
        "その他市町村長が必要と認める事項": null,
        "受入対象者": "要配慮者",
        "備考": ""
      }
    },
    {
      "type": "Feature",
      "geometry": {
        "type": "Point",
        "coordinates": [
          131.068159,
          33.092598
        ]
      },
      "properties": {
        "NO": "1189",
        "共通ID": "E4342300007121",
        "施設・場所名": "りんどう荘",
        "住所": "熊本県南小国町大字赤馬場3388-1",
        "指定緊急避難場所との住所同一": "",
        "その他市町村長が必要と認める事項": null,
        "受入対象者": "要配慮者",
        "備考": ""
      }
    },
    {
      "type": "Feature",
      "geometry": {
        "type": "Point",
        "coordinates": [
          131.049977,
          33.082953
        ]
      },
      "properties": {
        "NO": "1190",
        "共通ID": "E4342300008111",
        "施設・場所名": "中原小学校",
        "住所": "熊本県南小国町大字中原2469",
        "指定緊急避難場所との住所同一": "",
        "その他市町村長が必要と認める事項": null,
        "受入対象者": null,
        "備考": ""
      }
    },
    {
      "type": "Feature",
      "geometry": {
        "type": "Point",
        "coordinates": [
          131.031887,
          33.072753
        ]
      },
      "properties": {
        "NO": "1191",
        "共通ID": "E4342300009111",
        "施設・場所名": "湯夢プラザ",
        "住所": "熊本県南小国町大字中原2489-3",
        "指定緊急避難場所との住所同一": "",
        "その他市町村長が必要と認める事項": null,
        "受入対象者": null,
        "備考": ""
      }
    },
    {
      "type": "Feature",
      "geometry": {
        "type": "Point",
        "coordinates": [
          131.050274,
          33.080925
        ]
      },
      "properties": {
        "NO": "1192",
        "共通ID": "E4342300010111",
        "施設・場所名": "元気プラザ中原",
        "住所": "熊本県南小国町大字中原4172",
        "指定緊急避難場所との住所同一": "1",
        "その他市町村長が必要と認める事項": null,
        "受入対象者": null,
        "備考": ""
      }
    },
    {
      "type": "Feature",
      "geometry": {
        "type": "Point",
        "coordinates": [
          131.131585,
          33.05308
        ]
      },
      "properties": {
        "NO": "1193",
        "共通ID": "E4342300011111",
        "施設・場所名": "南小国町公民館星和分館",
        "住所": "熊本県南小国町大字満願寺4400",
        "指定緊急避難場所との住所同一": "",
        "その他市町村長が必要と認める事項": null,
        "受入対象者": null,
        "備考": ""
      }
    },
    {
      "type": "Feature",
      "geometry": {
        "type": "Point",
        "coordinates": [
          131.126376,
          33.072616
        ]
      },
      "properties": {
        "NO": "1194",
        "共通ID": "E4342300012121",
        "施設・場所名": "悠清苑",
        "住所": "熊本県南小国町大字満願寺5854-1",
        "指定緊急避難場所との住所同一": "",
        "その他市町村長が必要と認める事項": null,
        "受入対象者": "要配慮者",
        "備考": ""
      }
    },
    {
      "type": "Feature",
      "geometry": {
        "type": "Point",
        "coordinates": [
          131.141766,
          33.077921
        ]
      },
      "properties": {
        "NO": "1195",
        "共通ID": "E4342300013111",
        "施設・場所名": "べっちん館",
        "住所": "熊本県南小国町大字満願寺6595-3",
        "指定緊急避難場所との住所同一": "",
        "その他市町村長が必要と認める事項": null,
        "受入対象者": null,
        "備考": ""
      }
    },
    {
      "type": "Feature",
      "geometry": {
        "type": "Point",
        "coordinates": [
          131.129165,
          33.076993
        ]
      },
      "properties": {
        "NO": "1196",
        "共通ID": "E4342300014111",
        "施設・場所名": "りんどうヶ丘小学校",
        "住所": "熊本県南小国町大字満願寺7045",
        "指定緊急避難場所との住所同一": "1",
        "その他市町村長が必要と認める事項": null,
        "受入対象者": null,
        "備考": ""
      }
    },
    {
      "type": "Feature",
      "geometry": {
        "type": "Point",
        "coordinates": [
          131.097548,
          33.090169
        ]
      },
      "properties": {
        "NO": "1197",
        "共通ID": "E4342300015111",
        "施設・場所名": "南小国町公民館波居原分館",
        "住所": "熊本県南小国町大字満願寺8120",
        "指定緊急避難場所との住所同一": "",
        "その他市町村長が必要と認める事項": null,
        "受入対象者": null,
        "備考": ""
      }
    },
    {
      "type": "Feature",
      "geometry": {
        "type": "Point",
        "coordinates": [
          130.59472,
          32.518797
        ]
      },
      "properties": {
        "NO": "1198",
        "共通ID": "E4320200004111",
        "施設・場所名": "八代市立松高小学校",
        "住所": "熊本県八代市永碇町828-1",
        "指定緊急避難場所との住所同一": "1",
        "その他市町村長が必要と認める事項": "",
        "受入対象者": "",
        "備考": ""
      }
    },
    {
      "type": "Feature",
      "geometry": {
        "type": "Point",
        "coordinates": [
          130.618191,
          32.561648
        ]
      },
      "properties": {
        "NO": "1199",
        "共通ID": "E4320200006121",
        "施設・場所名": "介護老人保健施設　かがみ苑",
        "住所": "熊本県八代市塩浜町11-235",
        "指定緊急避難場所との住所同一": "",
        "その他市町村長が必要と認める事項": null,
        "受入対象者": "要配慮者",
        "備考": ""
      }
    },
    {
      "type": "Feature",
      "geometry": {
        "type": "Point",
        "coordinates": [
          130.663814,
          32.530021
        ]
      },
      "properties": {
        "NO": "1200",
        "共通ID": "E4320200007111",
        "施設・場所名": "八代市立龍峯小学校",
        "住所": "熊本県八代市岡町谷川1043",
        "指定緊急避難場所との住所同一": "1",
        "その他市町村長が必要と認める事項": "",
        "受入対象者": "",
        "備考": ""
      }
    },
    {
      "type": "Feature",
      "geometry": {
        "type": "Point",
        "coordinates": [
          130.621898,
          32.523653
        ]
      },
      "properties": {
        "NO": "1201",
        "共通ID": "E4320200008121",
        "施設・場所名": "地域密着型特別養護老人ホーム八代草",
        "住所": "熊本県八代市海士江町2833-1",
        "指定緊急避難場所との住所同一": "",
        "その他市町村長が必要と認める事項": null,
        "受入対象者": "要配慮者",
        "備考": ""
      }
    },
    {
      "type": "Feature",
      "geometry": {
        "type": "Point",
        "coordinates": [
          130.640595,
          32.501334
        ]
      },
      "properties": {
        "NO": "1202",
        "共通ID": "E4320200009111",
        "施設・場所名": "八代市立宮地小学校",
        "住所": "熊本県八代市宮地町1826",
        "指定緊急避難場所との住所同一": "1",
        "その他市町村長が必要と認める事項": "",
        "受入対象者": "",
        "備考": ""
      }
    },
    {
      "type": "Feature",
      "geometry": {
        "type": "Point",
        "coordinates": [
          130.63515,
          32.498669
        ]
      },
      "properties": {
        "NO": "1203",
        "共通ID": "E4320200011111",
        "施設・場所名": "八代市立第八中学校",
        "住所": "熊本県八代市宮地町611-1",
        "指定緊急避難場所との住所同一": "1",
        "その他市町村長が必要と認める事項": "",
        "受入対象者": "",
        "備考": ""
      }
    },
    {
      "type": "Feature",
      "geometry": {
        "type": "Point",
        "coordinates": [
          130.659194,
          32.527607
        ]
      },
      "properties": {
        "NO": "1204",
        "共通ID": "E4320200014121",
        "施設・場所名": "地域密着型介護老人福祉施設　希望",
        "住所": "熊本県八代市興善寺町495-1",
        "指定緊急避難場所との住所同一": "",
        "その他市町村長が必要と認める事項": null,
        "受入対象者": "要配慮者",
        "備考": ""
      }
    },
    {
      "type": "Feature",
      "geometry": {
        "type": "Point",
        "coordinates": [
          130.662071,
          32.567894
        ]
      },
      "properties": {
        "NO": "1205",
        "共通ID": "E4320200016111",
        "施設・場所名": "八代市立鏡小学校",
        "住所": "熊本県八代市鏡町鏡村609-1",
        "指定緊急避難場所との住所同一": "1",
        "その他市町村長が必要と認める事項": "",
        "受入対象者": "",
        "備考": ""
      }
    },
    {
      "type": "Feature",
      "geometry": {
        "type": "Point",
        "coordinates": [
          130.665637,
          32.553253
        ]
      },
      "properties": {
        "NO": "1206",
        "共通ID": "E4320200018111",
        "施設・場所名": "八代市立有佐小学校",
        "住所": "熊本県八代市鏡町中島1360-1",
        "指定緊急避難場所との住所同一": "1",
        "その他市町村長が必要と認める事項": "",
        "受入対象者": "",
        "備考": ""
      }
    },
    {
      "type": "Feature",
      "geometry": {
        "type": "Point",
        "coordinates": [
          130.645953,
          32.560861
        ]
      },
      "properties": {
        "NO": "1207",
        "共通ID": "E4320200019111",
        "施設・場所名": "八代市立鏡中学校",
        "住所": "熊本県八代市鏡町内田1038-1",
        "指定緊急避難場所との住所同一": "1",
        "その他市町村長が必要と認める事項": "",
        "受入対象者": "",
        "備考": ""
      }
    },
    {
      "type": "Feature",
      "geometry": {
        "type": "Point",
        "coordinates": [
          130.633153,
          32.560591
        ]
      },
      "properties": {
        "NO": "1208",
        "共通ID": "E4320200021111",
        "施設・場所名": "八代市立文政小学校",
        "住所": "熊本県八代市鏡町両出1371-1",
        "指定緊急避難場所との住所同一": "1",
        "その他市町村長が必要と認める事項": "",
        "受入対象者": "",
        "備考": ""
      }
    },
    {
      "type": "Feature",
      "geometry": {
        "type": "Point",
        "coordinates": [
          130.635628,
          32.548563
        ]
      },
      "properties": {
        "NO": "1209",
        "共通ID": "E4320200023121",
        "施設・場所名": "特別養護老人ホーム安寿の里",
        "住所": "熊本県八代市鏡町両出880-1",
        "指定緊急避難場所との住所同一": "",
        "その他市町村長が必要と認める事項": null,
        "受入対象者": "要配慮者",
        "備考": ""
      }
    },
    {
      "type": "Feature",
      "geometry": {
        "type": "Point",
        "coordinates": [
          130.564681,
          32.515263
        ]
      },
      "properties": {
        "NO": "1210",
        "共通ID": "E4320200024121",
        "施設・場所名": "介護老人保健施設　とまと",
        "住所": "熊本県八代市郡築一番町180-1",
        "指定緊急避難場所との住所同一": "",
        "その他市町村長が必要と認める事項": null,
        "受入対象者": "要配慮者",
        "備考": ""
      }
    },
    {
      "type": "Feature",
      "geometry": {
        "type": "Point",
        "coordinates": [
          130.575983,
          32.5376
        ]
      },
      "properties": {
        "NO": "1211",
        "共通ID": "E4320200025111",
        "施設・場所名": "八代市立第七中学校",
        "住所": "熊本県八代市郡築七番町41-2",
        "指定緊急避難場所との住所同一": "1",
        "その他市町村長が必要と認める事項": "",
        "受入対象者": "",
        "備考": ""
      }
    },
    {
      "type": "Feature",
      "geometry": {
        "type": "Point",
        "coordinates": [
          130.574171,
          32.534195
        ]
      },
      "properties": {
        "NO": "1212",
        "共通ID": "E4320200026111",
        "施設・場所名": "八代市立郡築小学校",
        "住所": "熊本県八代市郡築六番町49-1",
        "指定緊急避難場所との住所同一": "1",
        "その他市町村長が必要と認める事項": "",
        "受入対象者": "",
        "備考": ""
      }
    },
    {
      "type": "Feature",
      "geometry": {
        "type": "Point",
        "coordinates": [
          130.601384,
          32.498578
        ]
      },
      "properties": {
        "NO": "1213",
        "共通ID": "E4320200028111",
        "施設・場所名": "八代市立麦島小学校",
        "住所": "熊本県八代市迎町1-16-1-1",
        "指定緊急避難場所との住所同一": "1",
        "その他市町村長が必要と認める事項": "",
        "受入対象者": "",
        "備考": ""
      }
    },
    {
      "type": "Feature",
      "geometry": {
        "type": "Point",
        "coordinates": [
          130.612428,
          32.519094
        ]
      },
      "properties": {
        "NO": "1214",
        "共通ID": "E4320200030111",
        "施設・場所名": "八代市立第四中学校",
        "住所": "熊本県八代市古閑上町182-2",
        "指定緊急避難場所との住所同一": "1",
        "その他市町村長が必要と認める事項": "",
        "受入対象者": "",
        "備考": ""
      }
    },
    {
      "type": "Feature",
      "geometry": {
        "type": "Point",
        "coordinates": [
          130.599774,
          32.537506
        ]
      },
      "properties": {
        "NO": "1215",
        "共通ID": "E4320200032121",
        "施設・場所名": "介護老人保健施設　アメニティゆうりん",
        "住所": "熊本県八代市古閑浜町3401",
        "指定緊急避難場所との住所同一": "",
        "その他市町村長が必要と認める事項": null,
        "受入対象者": "要配慮者",
        "備考": ""
      }
    },
    {
      "type": "Feature",
      "geometry": {
        "type": "Point",
        "coordinates": [
          130.597359,
          32.499862
        ]
      },
      "properties": {
        "NO": "1216",
        "共通ID": "E4320200123121",
        "施設・場所名": "キャッスル麦島",
        "住所": "熊本県八代市古城町1938-1",
        "指定緊急避難場所との住所同一": "",
        "その他市町村長が必要と認める事項": "",
        "受入対象者": "要配慮者",
        "備考": ""
      }
    },
    {
      "type": "Feature",
      "geometry": {
        "type": "Point",
        "coordinates": [
          130.592619,
          32.497425
        ]
      },
      "properties": {
        "NO": "1217",
        "共通ID": "E4320200033111",
        "施設・場所名": "麦島コミュニティセンター",
        "住所": "熊本県八代市古城町2259",
        "指定緊急避難場所との住所同一": "1",
        "その他市町村長が必要と認める事項": "",
        "受入対象者": "",
        "備考": ""
      }
    },
    {
      "type": "Feature",
      "geometry": {
        "type": "Point",
        "coordinates": [
          130.608113,
          32.487533
        ]
      },
      "properties": {
        "NO": "1218",
        "共通ID": "E4320200036111",
        "施設・場所名": "八代市保健センター",
        "住所": "熊本県八代市高下西町1726-5",
        "指定緊急避難場所との住所同一": "1",
        "その他市町村長が必要と認める事項": "",
        "受入対象者": "",
        "備考": ""
      }
    },
    {
      "type": "Feature",
      "geometry": {
        "type": "Point",
        "coordinates": [
          130.608542,
          32.486996
        ]
      },
      "properties": {
        "NO": "1219",
        "共通ID": "E4320200037121",
        "施設・場所名": "ふくしステーション　千の穂",
        "住所": "熊本県八代市高下西町1760",
        "指定緊急避難場所との住所同一": "",
        "その他市町村長が必要と認める事項": null,
        "受入対象者": "要配慮者",
        "備考": ""
      }
    },
    {
      "type": "Feature",
      "geometry": {
        "type": "Point",
        "coordinates": [
          130.583085,
          32.523619
        ]
      },
      "properties": {
        "NO": "1220",
        "共通ID": "E4320200041121",
        "施設・場所名": "特別養護老人ホームみやび園",
        "住所": "熊本県八代市高島町4221",
        "指定緊急避難場所との住所同一": "",
        "その他市町村長が必要と認める事項": null,
        "受入対象者": "要配慮者",
        "備考": ""
      }
    },
    {
      "type": "Feature",
      "geometry": {
        "type": "Point",
        "coordinates": [
          130.65242,
          32.433667
        ]
      },
      "properties": {
        "NO": "1221",
        "共通ID": "E4320200044111",
        "施設・場所名": "八代市立坂本中学校",
        "住所": "熊本県八代市坂本町荒瀬6000",
        "指定緊急避難場所との住所同一": "1",
        "その他市町村長が必要と認める事項": "",
        "受入対象者": "",
        "備考": ""
      }
    },
    {
      "type": "Feature",
      "geometry": {
        "type": "Point",
        "coordinates": [
          130.669416,
          32.441074
        ]
      },
      "properties": {
        "NO": "1222",
        "共通ID": "E4320200046121",
        "施設・場所名": "特別養護老人ホーム坂本の里一灯苑",
        "住所": "熊本県八代市坂本町坂本1071",
        "指定緊急避難場所との住所同一": "",
        "その他市町村長が必要と認める事項": null,
        "受入対象者": "要配慮者",
        "備考": ""
      }
    },
    {
      "type": "Feature",
      "geometry": {
        "type": "Point",
        "coordinates": [
          130.574572,
          32.487146
        ]
      },
      "properties": {
        "NO": "1223",
        "共通ID": "E4320200053111",
        "施設・場所名": "八代市立金剛小学校弥次分校",
        "住所": "熊本県八代市三江湖町1472-1",
        "指定緊急避難場所との住所同一": "1",
        "その他市町村長が必要と認める事項": "",
        "受入対象者": "",
        "備考": ""
      }
    },
    {
      "type": "Feature",
      "geometry": {
        "type": "Point",
        "coordinates": [
          130.603616,
          32.559676
        ]
      },
      "properties": {
        "NO": "1224",
        "共通ID": "E4320200054111",
        "施設・場所名": "昭和コミュニティセンター",
        "住所": "熊本県八代市昭和明徴町730-1",
        "指定緊急避難場所との住所同一": "1",
        "その他市町村長が必要と認める事項": "",
        "受入対象者": "",
        "備考": ""
      }
    },
    {
      "type": "Feature",
      "geometry": {
        "type": "Point",
        "coordinates": [
          130.603601,
          32.560851
        ]
      },
      "properties": {
        "NO": "1225",
        "共通ID": "E4320200055111",
        "施設・場所名": "八代市立昭和小学校",
        "住所": "熊本県八代市昭和明徴町731-2",
        "指定緊急避難場所との住所同一": "1",
        "その他市町村長が必要と認める事項": "",
        "受入対象者": "",
        "備考": ""
      }
    },
    {
      "type": "Feature",
      "geometry": {
        "type": "Point",
        "coordinates": [
          130.624493,
          32.51131
        ]
      },
      "properties": {
        "NO": "1226",
        "共通ID": "E4320200056111",
        "施設・場所名": "八代市立第二中学校",
        "住所": "熊本県八代市上日置町2248-1",
        "指定緊急避難場所との住所同一": "1",
        "その他市町村長が必要と認める事項": "",
        "受入対象者": "",
        "備考": ""
      }
    },
    {
      "type": "Feature",
      "geometry": {
        "type": "Point",
        "coordinates": [
          130.62794,
          32.50934
        ]
      },
      "properties": {
        "NO": "1227",
        "共通ID": "E4320200057121",
        "施設・場所名": "特別養護老人ホームあさひ園",
        "住所": "熊本県八代市上日置町2345",
        "指定緊急避難場所との住所同一": "",
        "その他市町村長が必要と認める事項": null,
        "受入対象者": "要配慮者",
        "備考": ""
      }
    },
    {
      "type": "Feature",
      "geometry": {
        "type": "Point",
        "coordinates": [
          130.614026,
          32.517323
        ]
      },
      "properties": {
        "NO": "1228",
        "共通ID": "E4320200058111",
        "施設・場所名": "八代市立八千把小学校",
        "住所": "熊本県八代市上野町1131",
        "指定緊急避難場所との住所同一": "1",
        "その他市町村長が必要と認める事項": "",
        "受入対象者": "",
        "備考": ""
      }
    },
    {
      "type": "Feature",
      "geometry": {
        "type": "Point",
        "coordinates": [
          130.614194,
          32.518417
        ]
      },
      "properties": {
        "NO": "1229",
        "共通ID": "E4320200059111",
        "施設・場所名": "八千把コミュニティセンター",
        "住所": "熊本県八代市上野町1193-1",
        "指定緊急避難場所との住所同一": "1",
        "その他市町村長が必要と認める事項": "",
        "受入対象者": "",
        "備考": ""
      }
    },
    {
      "type": "Feature",
      "geometry": {
        "type": "Point",
        "coordinates": [
          130.603194,
          32.492154
        ]
      },
      "properties": {
        "NO": "1230",
        "共通ID": "E4320200061111",
        "施設・場所名": "八代市立植柳小学校",
        "住所": "熊本県八代市植柳上町449",
        "指定緊急避難場所との住所同一": "1",
        "その他市町村長が必要と認める事項": "",
        "受入対象者": "",
        "備考": ""
      }
    },
    {
      "type": "Feature",
      "geometry": {
        "type": "Point",
        "coordinates": [
          130.591663,
          32.509315
        ]
      },
      "properties": {
        "NO": "1231",
        "共通ID": "E4320200063111",
        "施設・場所名": "八代市立八代小学校",
        "住所": "熊本県八代市新地町4-1",
        "指定緊急避難場所との住所同一": "1",
        "その他市町村長が必要と認める事項": "",
        "受入対象者": "",
        "備考": ""
      }
    },
    {
      "type": "Feature",
      "geometry": {
        "type": "Point",
        "coordinates": [
          130.630798,
          32.53707
        ]
      },
      "properties": {
        "NO": "1232",
        "共通ID": "E4320200070111",
        "施設・場所名": "八代市立千丁中学校",
        "住所": "熊本県八代市千丁町古閑出2493-1",
        "指定緊急避難場所との住所同一": "1",
        "その他市町村長が必要と認める事項": "",
        "受入対象者": "",
        "備考": ""
      }
    },
    {
      "type": "Feature",
      "geometry": {
        "type": "Point",
        "coordinates": [
          130.635025,
          32.536472
        ]
      },
      "properties": {
        "NO": "1233",
        "共通ID": "E4320200071111",
        "施設・場所名": "八代市立千丁小学校",
        "住所": "熊本県八代市千丁町新牟田1345",
        "指定緊急避難場所との住所同一": "1",
        "その他市町村長が必要と認める事項": "",
        "受入対象者": "",
        "備考": ""
      }
    },
    {
      "type": "Feature",
      "geometry": {
        "type": "Point",
        "coordinates": [
          130.630074,
          32.536089
        ]
      },
      "properties": {
        "NO": "1234",
        "共通ID": "E4320200073111",
        "施設・場所名": "千丁体育館",
        "住所": "熊本県八代市千丁町新牟田1869-1",
        "指定緊急避難場所との住所同一": "1",
        "その他市町村長が必要と認める事項": "",
        "受入対象者": "",
        "備考": ""
      }
    },
    {
      "type": "Feature",
      "geometry": {
        "type": "Point",
        "coordinates": [
          130.647797,
          32.541756
        ]
      },
      "properties": {
        "NO": "1235",
        "共通ID": "E4320200074121",
        "施設・場所名": "特別養護老人ホーム　康和苑",
        "住所": "熊本県八代市千丁町太牟田1300-8",
        "指定緊急避難場所との住所同一": "",
        "その他市町村長が必要と認める事項": null,
        "受入対象者": "要配慮者",
        "備考": ""
      }
    },
    {
      "type": "Feature",
      "geometry": {
        "type": "Point",
        "coordinates": [
          130.791197,
          32.575944
        ]
      },
      "properties": {
        "NO": "1236",
        "共通ID": "E4320200076121",
        "施設・場所名": "八代市泉憩いの家",
        "住所": "熊本県八代市泉町下岳2974",
        "指定緊急避難場所との住所同一": "1",
        "その他市町村長が必要と認める事項": null,
        "受入対象者": "要配慮者",
        "備考": ""
      }
    },
    {
      "type": "Feature",
      "geometry": {
        "type": "Point",
        "coordinates": [
          130.787058,
          32.568111
        ]
      },
      "properties": {
        "NO": "1237",
        "共通ID": "E4320200077121",
        "施設・場所名": "小規模多機能型居宅介護紗綾",
        "住所": "熊本県八代市泉町下岳4350",
        "指定緊急避難場所との住所同一": "",
        "その他市町村長が必要と認める事項": null,
        "受入対象者": "要配慮者",
        "備考": ""
      }
    },
    {
      "type": "Feature",
      "geometry": {
        "type": "Point",
        "coordinates": [
          130.808106,
          32.545799
        ]
      },
      "properties": {
        "NO": "1238",
        "共通ID": "E4320200081111",
        "施設・場所名": "泉コミュニティセンター",
        "住所": "熊本県八代市泉町栗木5866",
        "指定緊急避難場所との住所同一": "1",
        "その他市町村長が必要と認める事項": "",
        "受入対象者": "",
        "備考": ""
      }
    },
    {
      "type": "Feature",
      "geometry": {
        "type": "Point",
        "coordinates": [
          130.902933,
          32.489882
        ]
      },
      "properties": {
        "NO": "1239",
        "共通ID": "E4320200127121",
        "施設・場所名": "八代五家荘デイサービスセンター福寿草",
        "住所": "熊本県八代市泉町椎原又1-1",
        "指定緊急避難場所との住所同一": "",
        "その他市町村長が必要と認める事項": "",
        "受入対象者": "要配慮者",
        "備考": ""
      }
    },
    {
      "type": "Feature",
      "geometry": {
        "type": "Point",
        "coordinates": [
          130.591845,
          32.473483
        ]
      },
      "properties": {
        "NO": "1240",
        "共通ID": "E4320200087121",
        "施設・場所名": "介護老人保健施設　向春苑",
        "住所": "熊本県八代市大福寺町2411-1",
        "指定緊急避難場所との住所同一": "",
        "その他市町村長が必要と認める事項": null,
        "受入対象者": "要配慮者",
        "備考": ""
      }
    },
    {
      "type": "Feature",
      "geometry": {
        "type": "Point",
        "coordinates": [
          130.584461,
          32.496479
        ]
      },
      "properties": {
        "NO": "1241",
        "共通ID": "E4320200090111",
        "施設・場所名": "八代市立第三中学校",
        "住所": "熊本県八代市中北町3378-5",
        "指定緊急避難場所との住所同一": "1",
        "その他市町村長が必要と認める事項": "",
        "受入対象者": "",
        "備考": ""
      }
    },
    {
      "type": "Feature",
      "geometry": {
        "type": "Point",
        "coordinates": [
          130.711343,
          32.543944
        ]
      },
      "properties": {
        "NO": "1242",
        "共通ID": "E4320200095111",
        "施設・場所名": "東陽コミュニティセンター及び東陽スポーツセンター",
        "住所": "熊本県八代市東陽町南1285",
        "指定緊急避難場所との住所同一": "1",
        "その他市町村長が必要と認める事項": "",
        "受入対象者": "",
        "備考": ""
      }
    },
    {
      "type": "Feature",
      "geometry": {
        "type": "Point",
        "coordinates": [
          130.710681,
          32.548174
        ]
      },
      "properties": {
        "NO": "1243",
        "共通ID": "E4320200097121",
        "施設・場所名": "特別養護老人ホームひかわの里",
        "住所": "熊本県八代市東陽町南752-1",
        "指定緊急避難場所との住所同一": "",
        "その他市町村長が必要と認める事項": null,
        "受入対象者": "要配慮者",
        "備考": ""
      }
    },
    {
      "type": "Feature",
      "geometry": {
        "type": "Point",
        "coordinates": [
          130.559894,
          32.407403
        ]
      },
      "properties": {
        "NO": "1244",
        "共通ID": "E4320200098111",
        "施設・場所名": "八代市立二見小学校",
        "住所": "熊本県八代市二見下大野町2258-1",
        "指定緊急避難場所との住所同一": "1",
        "その他市町村長が必要と認める事項": "",
        "受入対象者": "",
        "備考": ""
      }
    },
    {
      "type": "Feature",
      "geometry": {
        "type": "Point",
        "coordinates": [
          130.550467,
          32.401008
        ]
      },
      "properties": {
        "NO": "1245",
        "共通ID": "E4320200100121",
        "施設・場所名": "八代学園",
        "住所": "熊本県八代市二見本町240",
        "指定緊急避難場所との住所同一": "",
        "その他市町村長が必要と認める事項": null,
        "受入対象者": "要配慮者",
        "備考": ""
      }
    },
    {
      "type": "Feature",
      "geometry": {
        "type": "Point",
        "coordinates": [
          130.552234,
          32.402232
        ]
      },
      "properties": {
        "NO": "1246",
        "共通ID": "E4320200101121",
        "施設・場所名": "身体障害者療護施設　かんねさこ荘",
        "住所": "熊本県八代市二見本町433",
        "指定緊急避難場所との住所同一": "",
        "その他市町村長が必要と認める事項": null,
        "受入対象者": "要配慮者",
        "備考": ""
      }
    },
    {
      "type": "Feature",
      "geometry": {
        "type": "Point",
        "coordinates": [
          130.557937,
          32.403399
        ]
      },
      "properties": {
        "NO": "1247",
        "共通ID": "E4320200102111",
        "施設・場所名": "八代市立二見中学校",
        "住所": "熊本県八代市二見本町852",
        "指定緊急避難場所との住所同一": "1",
        "その他市町村長が必要と認める事項": "",
        "受入対象者": "",
        "備考": ""
      }
    },
    {
      "type": "Feature",
      "geometry": {
        "type": "Point",
        "coordinates": [
          130.622696,
          32.509952
        ]
      },
      "properties": {
        "NO": "1248",
        "共通ID": "E4320200103111",
        "施設・場所名": "八代市立太田郷小学校",
        "住所": "熊本県八代市日置町445",
        "指定緊急避難場所との住所同一": "1",
        "その他市町村長が必要と認める事項": "",
        "受入対象者": "",
        "備考": ""
      }
    },
    {
      "type": "Feature",
      "geometry": {
        "type": "Point",
        "coordinates": [
          130.577516,
          32.435672
        ]
      },
      "properties": {
        "NO": "1249",
        "共通ID": "E4320200105121",
        "施設・場所名": "特別養護老人ホーム行楽園（みなみ園）",
        "住所": "熊本県八代市日奈久塩南町54",
        "指定緊急避難場所との住所同一": "",
        "その他市町村長が必要と認める事項": null,
        "受入対象者": "要配慮者",
        "備考": ""
      }
    },
    {
      "type": "Feature",
      "geometry": {
        "type": "Point",
        "coordinates": [
          130.578889,
          32.434944
        ]
      },
      "properties": {
        "NO": "1250",
        "共通ID": "E4320200106111",
        "施設・場所名": "日奈久コミュニティセンター",
        "住所": "熊本県八代市日奈久塩南町甲13",
        "指定緊急避難場所との住所同一": "1",
        "その他市町村長が必要と認める事項": "",
        "受入対象者": "",
        "備考": ""
      }
    },
    {
      "type": "Feature",
      "geometry": {
        "type": "Point",
        "coordinates": [
          130.570632,
          32.432819
        ]
      },
      "properties": {
        "NO": "1251",
        "共通ID": "E4320200110121",
        "施設・場所名": "養護老人ホーム保寿寮",
        "住所": "熊本県八代市日奈久平成町1-1",
        "指定緊急避難場所との住所同一": "",
        "その他市町村長が必要と認める事項": "",
        "受入対象者": "要配慮者",
        "備考": ""
      }
    },
    {
      "type": "Feature",
      "geometry": {
        "type": "Point",
        "coordinates": [
          130.599128,
          32.457458
        ]
      },
      "properties": {
        "NO": "1252",
        "共通ID": "E4320200111121",
        "施設・場所名": "特別養護老人ホームま心苑",
        "住所": "熊本県八代市敷川内町2251-1",
        "指定緊急避難場所との住所同一": "1",
        "その他市町村長が必要と認める事項": "",
        "受入対象者": "要配慮者",
        "備考": ""
      }
    },
    {
      "type": "Feature",
      "geometry": {
        "type": "Point",
        "coordinates": [
          130.599058,
          32.45757
        ]
      },
      "properties": {
        "NO": "1253",
        "共通ID": "E4320200111111",
        "施設・場所名": "特別養護老人ホームま心苑",
        "住所": "熊本県八代市敷川内町2251-1",
        "指定緊急避難場所との住所同一": "1",
        "その他市町村長が必要と認める事項": "",
        "受入対象者": "",
        "備考": ""
      }
    },
    {
      "type": "Feature",
      "geometry": {
        "type": "Point",
        "coordinates": [
          130.615254,
          32.483646
        ]
      },
      "properties": {
        "NO": "1254",
        "共通ID": "E4320200114111",
        "施設・場所名": "八代市立第五中学校",
        "住所": "熊本県八代市豊原下町3807",
        "指定緊急避難場所との住所同一": "1",
        "その他市町村長が必要と認める事項": "",
        "受入対象者": "",
        "備考": ""
      }
    },
    {
      "type": "Feature",
      "geometry": {
        "type": "Point",
        "coordinates": [
          130.616823,
          32.489076
        ]
      },
      "properties": {
        "NO": "1255",
        "共通ID": "E4320200115111",
        "施設・場所名": "八代市立高田小学校",
        "住所": "熊本県八代市豊原中町317",
        "指定緊急避難場所との住所同一": "1",
        "その他市町村長が必要と認める事項": "",
        "受入対象者": "",
        "備考": ""
      }
    },
    {
      "type": "Feature",
      "geometry": {
        "type": "Point",
        "coordinates": [
          130.599395,
          32.510622
        ]
      },
      "properties": {
        "NO": "1256",
        "共通ID": "E4320200116111",
        "施設・場所名": "八代市立第一中学校",
        "住所": "熊本県八代市北の丸町1-29",
        "指定緊急避難場所との住所同一": "1",
        "その他市町村長が必要と認める事項": "",
        "受入対象者": "",
        "備考": ""
      }
    },
    {
      "type": "Feature",
      "geometry": {
        "type": "Point",
        "coordinates": [
          130.601826,
          32.509526
        ]
      },
      "properties": {
        "NO": "1257",
        "共通ID": "E4320200117111",
        "施設・場所名": "八代市立代陽小学校",
        "住所": "熊本県八代市北の丸町1-7",
        "指定緊急避難場所との住所同一": "1",
        "その他市町村長が必要と認める事項": "",
        "受入対象者": "",
        "備考": ""
      }
    },
    {
      "type": "Feature",
      "geometry": {
        "type": "Point",
        "coordinates": [
          130.616722,
          32.487085
        ]
      },
      "properties": {
        "NO": "1258",
        "共通ID": "E4320200118111",
        "施設・場所名": "高田コミュニティセンター",
        "住所": "熊本県八代市本野町505",
        "指定緊急避難場所との住所同一": "1",
        "その他市町村長が必要と認める事項": "",
        "受入対象者": "",
        "備考": ""
      }
    },
    {
      "type": "Feature",
      "geometry": {
        "type": "Point",
        "coordinates": [
          130.61055,
          32.504737
        ]
      },
      "properties": {
        "NO": "1259",
        "共通ID": "E4320200119111",
        "施設・場所名": "八代トヨオカ地建アリーナ（総合体育館）",
        "住所": "熊本県八代市緑町11-1",
        "指定緊急避難場所との住所同一": "1",
        "その他市町村長が必要と認める事項": "",
        "受入対象者": "",
        "備考": ""
      }
    },
    {
      "type": "Feature",
      "geometry": {
        "type": "Point",
        "coordinates": [
          130.578827,
          32.493562
        ]
      },
      "properties": {
        "NO": "1260",
        "共通ID": "E4320200120121",
        "施設・場所名": "特別養護老人ホームすずらんの里",
        "住所": "熊本県八代市葭牟田町435",
        "指定緊急避難場所との住所同一": "",
        "その他市町村長が必要と認める事項": null,
        "受入対象者": "要配慮者",
        "備考": ""
      }
    },
    {
      "type": "Feature",
      "geometry": {
        "type": "Point",
        "coordinates": [
          130.863446,
          32.616502
        ]
      },
      "properties": {
        "NO": "1261",
        "共通ID": "E4334800001111",
        "施設・場所名": "美里町老人福祉センター",
        "住所": "熊本県美里町永富1510",
        "指定緊急避難場所との住所同一": "1",
        "その他市町村長が必要と認める事項": null,
        "受入対象者": null,
        "備考": ""
      }
    },
    {
      "type": "Feature",
      "geometry": {
        "type": "Point",
        "coordinates": [
          130.809187,
          32.63312
        ]
      },
      "properties": {
        "NO": "1262",
        "共通ID": "E4334800002111",
        "施設・場所名": "美里町総合体育館",
        "住所": "熊本県美里町萱野745",
        "指定緊急避難場所との住所同一": "1",
        "その他市町村長が必要と認める事項": null,
        "受入対象者": null,
        "備考": ""
      }
    },
    {
      "type": "Feature",
      "geometry": {
        "type": "Point",
        "coordinates": [
          130.790568,
          32.646971
        ]
      },
      "properties": {
        "NO": "1263",
        "共通ID": "E4344400001121",
        "施設・場所名": "医療法人興和会老人保健施設　なごみの里",
        "住所": "熊本県美里町堅志田192-1",
        "指定緊急避難場所との住所同一": "",
        "その他市町村長が必要と認める事項": "事前に福祉課に要相談",
        "受入対象者": "要介護高齢者、障害者、妊産婦、乳幼児等",
        "備考": ""
      }
    },
    {
      "type": "Feature",
      "geometry": {
        "type": "Point",
        "coordinates": [
          130.867433,
          32.620117
        ]
      },
      "properties": {
        "NO": "1264",
        "共通ID": "E4334800003111",
        "施設・場所名": "砥用中学校",
        "住所": "熊本県美里町原町330",
        "指定緊急避難場所との住所同一": "1",
        "その他市町村長が必要と認める事項": null,
        "受入対象者": null,
        "備考": ""
      }
    },
    {
      "type": "Feature",
      "geometry": {
        "type": "Point",
        "coordinates": [
          130.820803,
          32.62167
        ]
      },
      "properties": {
        "NO": "1265",
        "共通ID": "E4334800004111",
        "施設・場所名": "美里町福祉保健センター湯の香苑",
        "住所": "熊本県美里町佐俣338",
        "指定緊急避難場所との住所同一": "1",
        "その他市町村長が必要と認める事項": "",
        "受入対象者": "",
        "備考": ""
      }
    },
    {
      "type": "Feature",
      "geometry": {
        "type": "Point",
        "coordinates": [
          130.820624,
          32.622232
        ]
      },
      "properties": {
        "NO": "1266",
        "共通ID": "E4334800004121",
        "施設・場所名": "美里町福祉保健センター湯の香苑",
        "住所": "熊本県美里町佐俣338",
        "指定緊急避難場所との住所同一": "1",
        "その他市町村長が必要と認める事項": null,
        "受入対象者": "要配慮者（高齢者優先）",
        "備考": ""
      }
    },
    {
      "type": "Feature",
      "geometry": {
        "type": "Point",
        "coordinates": [
          130.868678,
          32.621979
        ]
      },
      "properties": {
        "NO": "1267",
        "共通ID": "E4334800005111",
        "施設・場所名": "美里町役場砥用庁舎会議棟",
        "住所": "熊本県美里町三和420",
        "指定緊急避難場所との住所同一": "1",
        "その他市町村長が必要と認める事項": null,
        "受入対象者": null,
        "備考": ""
      }
    },
    {
      "type": "Feature",
      "geometry": {
        "type": "Point",
        "coordinates": [
          130.918879,
          32.639921
        ]
      },
      "properties": {
        "NO": "1268",
        "共通ID": "E4334800006111",
        "施設・場所名": "励徳小学校",
        "住所": "熊本県美里町畝野1944",
        "指定緊急避難場所との住所同一": "1",
        "その他市町村長が必要と認める事項": null,
        "受入対象者": null,
        "備考": ""
      }
    },
    {
      "type": "Feature",
      "geometry": {
        "type": "Point",
        "coordinates": [
          130.903588,
          32.631902
        ]
      },
      "properties": {
        "NO": "1269",
        "共通ID": "E4334800007111",
        "施設・場所名": "美里町砥用Ｂ＆Ｇ海洋センター",
        "住所": "熊本県美里町畝野3701-1",
        "指定緊急避難場所との住所同一": "1",
        "その他市町村長が必要と認める事項": null,
        "受入対象者": null,
        "備考": ""
      }
    },
    {
      "type": "Feature",
      "geometry": {
        "type": "Point",
        "coordinates": [
          130.78889,
          32.639618
        ]
      },
      "properties": {
        "NO": "1270",
        "共通ID": "E4334800009111",
        "施設・場所名": "美里町役場中央庁舎会議室",
        "住所": "熊本県美里町馬場1100",
        "指定緊急避難場所との住所同一": "1",
        "その他市町村長が必要と認める事項": null,
        "受入対象者": null,
        "備考": ""
      }
    },
    {
      "type": "Feature",
      "geometry": {
        "type": "Point",
        "coordinates": [
          130.679452,
          32.553974
        ]
      },
      "properties": {
        "NO": "1271",
        "共通ID": "E4346800001111",
        "施設・場所名": "氷川町公民館・宮原体育館",
        "住所": "熊本県氷川町宮原690-2",
        "指定緊急避難場所との住所同一": "1",
        "その他市町村長が必要と認める事項": null,
        "受入対象者": null,
        "備考": ""
      }
    },
    {
      "type": "Feature",
      "geometry": {
        "type": "Point",
        "coordinates": [
          130.682269,
          32.554201
        ]
      },
      "properties": {
        "NO": "1272",
        "共通ID": "E4346800002121",
        "施設・場所名": "宮原福祉センター",
        "住所": "熊本県氷川町宮原702-5",
        "指定緊急避難場所との住所同一": "1",
        "その他市町村長が必要と認める事項": null,
        "受入対象者": "要配慮者",
        "備考": ""
      }
    },
    {
      "type": "Feature",
      "geometry": {
        "type": "Point",
        "coordinates": [
          130.682367,
          32.554369
        ]
      },
      "properties": {
        "NO": "1273",
        "共通ID": "E4346800002111",
        "施設・場所名": "宮原福祉センター",
        "住所": "熊本県氷川町宮原702-5",
        "指定緊急避難場所との住所同一": "1",
        "その他市町村長が必要と認める事項": null,
        "受入対象者": null,
        "備考": ""
      }
    },
    {
      "type": "Feature",
      "geometry": {
        "type": "Point",
        "coordinates": [
          130.683832,
          32.554056
        ]
      },
      "properties": {
        "NO": "1274",
        "共通ID": "E4346800004111",
        "施設・場所名": "常葉保育所",
        "住所": "熊本県氷川町宮原823",
        "指定緊急避難場所との住所同一": "1",
        "その他市町村長が必要と認める事項": null,
        "受入対象者": null,
        "備考": ""
      }
    },
    {
      "type": "Feature",
      "geometry": {
        "type": "Point",
        "coordinates": [
          130.674319,
          32.553254
        ]
      },
      "properties": {
        "NO": "1275",
        "共通ID": "E4346800005111",
        "施設・場所名": "氷川町及び八代市中学校組合立氷川中学校",
        "住所": "熊本県氷川町今39",
        "指定緊急避難場所との住所同一": "1",
        "その他市町村長が必要と認める事項": null,
        "受入対象者": null,
        "備考": ""
      }
    },
    {
      "type": "Feature",
      "geometry": {
        "type": "Point",
        "coordinates": [
          130.681501,
          32.55194
        ]
      },
      "properties": {
        "NO": "1276",
        "共通ID": "E4346800006111",
        "施設・場所名": "氷川町立宮原小学校",
        "住所": "熊本県氷川町今762",
        "指定緊急避難場所との住所同一": "1",
        "その他市町村長が必要と認める事項": "",
        "受入対象者": "",
        "備考": ""
      }
    },
    {
      "type": "Feature",
      "geometry": {
        "type": "Point",
        "coordinates": [
          130.66435,
          32.584055
        ]
      },
      "properties": {
        "NO": "1277",
        "共通ID": "E4346800007111",
        "施設・場所名": "氷川町農産加工研修センター",
        "住所": "熊本県氷川町鹿島1624-1",
        "指定緊急避難場所との住所同一": "1",
        "その他市町村長が必要と認める事項": "",
        "受入対象者": "",
        "備考": ""
      }
    },
    {
      "type": "Feature",
      "geometry": {
        "type": "Point",
        "coordinates": [
          130.663846,
          32.582521
        ]
      },
      "properties": {
        "NO": "1278",
        "共通ID": "E4346800008111",
        "施設・場所名": "氷川町立竜北西部小学校",
        "住所": "熊本県氷川町鹿島746",
        "指定緊急避難場所との住所同一": "1",
        "その他市町村長が必要と認める事項": null,
        "受入対象者": null,
        "備考": ""
      }
    },
    {
      "type": "Feature",
      "geometry": {
        "type": "Point",
        "coordinates": [
          130.673658,
          32.582818
        ]
      },
      "properties": {
        "NO": "1279",
        "共通ID": "E4346800009111",
        "施設・場所名": "氷川町文化センター",
        "住所": "熊本県氷川町島地642",
        "指定緊急避難場所との住所同一": "1",
        "その他市町村長が必要と認める事項": null,
        "受入対象者": null,
        "備考": ""
      }
    },
    {
      "type": "Feature",
      "geometry": {
        "type": "Point",
        "coordinates": [
          130.674119,
          32.583388
        ]
      },
      "properties": {
        "NO": "1280",
        "共通ID": "E4346800010111",
        "施設・場所名": "竜北福祉センター",
        "住所": "熊本県氷川町島地651",
        "指定緊急避難場所との住所同一": "1",
        "その他市町村長が必要と認める事項": null,
        "受入対象者": null,
        "備考": ""
      }
    },
    {
      "type": "Feature",
      "geometry": {
        "type": "Point",
        "coordinates": [
          130.673907,
          32.583325
        ]
      },
      "properties": {
        "NO": "1281",
        "共通ID": "E4346800010121",
        "施設・場所名": "竜北福祉センター",
        "住所": "熊本県氷川町島地651",
        "指定緊急避難場所との住所同一": "1",
        "その他市町村長が必要と認める事項": null,
        "受入対象者": "要配慮者",
        "備考": ""
      }
    },
    {
      "type": "Feature",
      "geometry": {
        "type": "Point",
        "coordinates": [
          130.67597,
          32.582191
        ]
      },
      "properties": {
        "NO": "1282",
        "共通ID": "E4346800011111",
        "施設・場所名": "氷川町立竜北中学校",
        "住所": "熊本県氷川町島地665",
        "指定緊急避難場所との住所同一": "1",
        "その他市町村長が必要と認める事項": null,
        "受入対象者": null,
        "備考": ""
      }
    },
    {
      "type": "Feature",
      "geometry": {
        "type": "Point",
        "coordinates": [
          130.690069,
          32.575354
        ]
      },
      "properties": {
        "NO": "1283",
        "共通ID": "E4346800012111",
        "施設・場所名": "氷川町立竜北東小学校",
        "住所": "熊本県氷川町野津2336",
        "指定緊急避難場所との住所同一": "1",
        "その他市町村長が必要と認める事項": null,
        "受入対象者": null,
        "備考": ""
      }
    },
    {
      "type": "Feature",
      "geometry": {
        "type": "Point",
        "coordinates": [
          130.090743,
          32.525753
        ]
      },
      "properties": {
        "NO": "1284",
        "共通ID": "E4353100002111",
        "施設・場所名": "苓北町坂瀬川体育館",
        "住所": "熊本県苓北町坂瀬川2600",
        "指定緊急避難場所との住所同一": "1",
        "その他市町村長が必要と認める事項": null,
        "受入対象者": null,
        "備考": ""
      }
    },
    {
      "type": "Feature",
      "geometry": {
        "type": "Point",
        "coordinates": [
          130.097884,
          32.527071
        ]
      },
      "properties": {
        "NO": "1285",
        "共通ID": "E4353100002112",
        "施設・場所名": "坂瀬川公民館",
        "住所": "熊本県苓北町坂瀬川2600",
        "指定緊急避難場所との住所同一": "1",
        "その他市町村長が必要と認める事項": null,
        "受入対象者": null,
        "備考": ""
      }
    },
    {
      "type": "Feature",
      "geometry": {
        "type": "Point",
        "coordinates": [
          130.092607,
          32.528287
        ]
      },
      "properties": {
        "NO": "1286",
        "共通ID": "E4353100004111",
        "施設・場所名": "坂瀬川集会所",
        "住所": "熊本県苓北町坂瀬川3756",
        "指定緊急避難場所との住所同一": "1",
        "その他市町村長が必要と認める事項": null,
        "受入対象者": null,
        "備考": ""
      }
    },
    {
      "type": "Feature",
      "geometry": {
        "type": "Point",
        "coordinates": [
          130.090467,
          32.52655
        ]
      },
      "properties": {
        "NO": "1287",
        "共通ID": "E4353100006111",
        "施設・場所名": "坂瀬川小学校体育館",
        "住所": "熊本県苓北町坂瀬川83",
        "指定緊急避難場所との住所同一": "1",
        "その他市町村長が必要と認める事項": null,
        "受入対象者": null,
        "備考": ""
      }
    },
    {
      "type": "Feature",
      "geometry": {
        "type": "Point",
        "coordinates": [
          130.054369,
          32.503292
        ]
      },
      "properties": {
        "NO": "1288",
        "共通ID": "E4353100008111",
        "施設・場所名": "総合武道館",
        "住所": "熊本県苓北町志岐1183",
        "指定緊急避難場所との住所同一": "1",
        "その他市町村長が必要と認める事項": null,
        "受入対象者": null,
        "備考": ""
      }
    },
    {
      "type": "Feature",
      "geometry": {
        "type": "Point",
        "coordinates": [
          130.054316,
          32.504364
        ]
      },
      "properties": {
        "NO": "1289",
        "共通ID": "E4353100009121",
        "施設・場所名": "町民総合センター",
        "住所": "熊本県苓北町志岐1220-2",
        "指定緊急避難場所との住所同一": "1",
        "その他市町村長が必要と認める事項": null,
        "受入対象者": "要配慮者",
        "備考": ""
      }
    },
    {
      "type": "Feature",
      "geometry": {
        "type": "Point",
        "coordinates": [
          130.054186,
          32.503891
        ]
      },
      "properties": {
        "NO": "1290",
        "共通ID": "E4353100009111",
        "施設・場所名": "体育センター",
        "住所": "熊本県苓北町志岐1220-2",
        "指定緊急避難場所との住所同一": "1",
        "その他市町村長が必要と認める事項": null,
        "受入対象者": null,
        "備考": ""
      }
    },
    {
      "type": "Feature",
      "geometry": {
        "type": "Point",
        "coordinates": [
          130.054316,
          32.504364
        ]
      },
      "properties": {
        "NO": "1291",
        "共通ID": "E4353100009112",
        "施設・場所名": "町民総合センター",
        "住所": "熊本県苓北町志岐1220-2",
        "指定緊急避難場所との住所同一": "1",
        "その他市町村長が必要と認める事項": null,
        "受入対象者": null,
        "備考": ""
      }
    },
    {
      "type": "Feature",
      "geometry": {
        "type": "Point",
        "coordinates": [
          130.046279,
          32.508425
        ]
      },
      "properties": {
        "NO": "1292",
        "共通ID": "E4353100013111",
        "施設・場所名": "苓北中学校体育館",
        "住所": "熊本県苓北町志岐294-4",
        "指定緊急避難場所との住所同一": "1",
        "その他市町村長が必要と認める事項": null,
        "受入対象者": null,
        "備考": ""
      }
    },
    {
      "type": "Feature",
      "geometry": {
        "type": "Point",
        "coordinates": [
          130.05372,
          32.512021
        ]
      },
      "properties": {
        "NO": "1293",
        "共通ID": "E4353100015111",
        "施設・場所名": "志岐小学校体育館",
        "住所": "熊本県苓北町志岐410",
        "指定緊急避難場所との住所同一": "1",
        "その他市町村長が必要と認める事項": null,
        "受入対象者": null,
        "備考": ""
      }
    },
    {
      "type": "Feature",
      "geometry": {
        "type": "Point",
        "coordinates": [
          130.054789,
          32.513074
        ]
      },
      "properties": {
        "NO": "1294",
        "共通ID": "E4353100018111",
        "施設・場所名": "苓北町役場",
        "住所": "熊本県苓北町志岐660",
        "指定緊急避難場所との住所同一": "1",
        "その他市町村長が必要と認める事項": null,
        "受入対象者": null,
        "備考": ""
      }
    },
    {
      "type": "Feature",
      "geometry": {
        "type": "Point",
        "coordinates": [
          130.075137,
          32.51939
        ]
      },
      "properties": {
        "NO": "1295",
        "共通ID": "E4353100021111",
        "施設・場所名": "上津深江集会所",
        "住所": "熊本県苓北町上津深江1186",
        "指定緊急避難場所との住所同一": "1",
        "その他市町村長が必要と認める事項": null,
        "受入対象者": null,
        "備考": ""
      }
    },
    {
      "type": "Feature",
      "geometry": {
        "type": "Point",
        "coordinates": [
          130.041396,
          32.470895
        ]
      },
      "properties": {
        "NO": "1296",
        "共通ID": "E4353100023111",
        "施設・場所名": "都呂々公民館",
        "住所": "熊本県苓北町都呂々114",
        "指定緊急避難場所との住所同一": "1",
        "その他市町村長が必要と認める事項": null,
        "受入対象者": null,
        "備考": ""
      }
    },
    {
      "type": "Feature",
      "geometry": {
        "type": "Point",
        "coordinates": [
          130.040135,
          32.468558
        ]
      },
      "properties": {
        "NO": "1297",
        "共通ID": "E4353100024112",
        "施設・場所名": "都呂々小学校体育館",
        "住所": "熊本県苓北町都呂々1245-1",
        "指定緊急避難場所との住所同一": "1",
        "その他市町村長が必要と認める事項": null,
        "受入対象者": null,
        "備考": ""
      }
    },
    {
      "type": "Feature",
      "geometry": {
        "type": "Point",
        "coordinates": [
          130.039615,
          32.4685
        ]
      },
      "properties": {
        "NO": "1298",
        "共通ID": "E4353100024111",
        "施設・場所名": "苓北町都呂々体育館",
        "住所": "熊本県苓北町都呂々1245-1",
        "指定緊急避難場所との住所同一": "1",
        "その他市町村長が必要と認める事項": null,
        "受入対象者": null,
        "備考": ""
      }
    },
    {
      "type": "Feature",
      "geometry": {
        "type": "Point",
        "coordinates": [
          130.076583,
          32.450788
        ]
      },
      "properties": {
        "NO": "1299",
        "共通ID": "E4353100025111",
        "施設・場所名": "木場集会所",
        "住所": "熊本県苓北町都呂々5153-2",
        "指定緊急避難場所との住所同一": "1",
        "その他市町村長が必要と認める事項": null,
        "受入対象者": null,
        "備考": ""
      }
    },
    {
      "type": "Feature",
      "geometry": {
        "type": "Point",
        "coordinates": [
          130.080153,
          32.448778
        ]
      },
      "properties": {
        "NO": "1300",
        "共通ID": "E4353100026111",
        "施設・場所名": "木場地区交流施設",
        "住所": "熊本県苓北町都呂々6118-2",
        "指定緊急避難場所との住所同一": "1",
        "その他市町村長が必要と認める事項": null,
        "受入対象者": null,
        "備考": ""
      }
    },
    {
      "type": "Feature",
      "geometry": {
        "type": "Point",
        "coordinates": [
          130.032409,
          32.522473
        ]
      },
      "properties": {
        "NO": "1301",
        "共通ID": "E4353100032111",
        "施設・場所名": "富岡小学校体育館",
        "住所": "熊本県苓北町富岡2480",
        "指定緊急避難場所との住所同一": "1",
        "その他市町村長が必要と認める事項": null,
        "受入対象者": null,
        "備考": ""
      }
    },
    {
      "type": "Feature",
      "geometry": {
        "type": "Point",
        "coordinates": [
          130.035835,
          32.51836
        ]
      },
      "properties": {
        "NO": "1302",
        "共通ID": "E4353100033111",
        "施設・場所名": "富岡公民館",
        "住所": "熊本県苓北町富岡2910",
        "指定緊急避難場所との住所同一": "1",
        "その他市町村長が必要と認める事項": null,
        "受入対象者": null,
        "備考": ""
      }
    },
    {
      "type": "Feature",
      "geometry": {
        "type": "Point",
        "coordinates": [
          130.037942,
          32.512095
        ]
      },
      "properties": {
        "NO": "1303",
        "共通ID": "E4353100036111",
        "施設・場所名": "天草拓心高校マリン校舎体育館",
        "住所": "熊本県苓北町富岡3757",
        "指定緊急避難場所との住所同一": "1",
        "その他市町村長が必要と認める事項": null,
        "受入対象者": null,
        "備考": ""
      }
    },
    {
      "type": "Feature",
      "geometry": {
        "type": "Point",
        "coordinates": [
          130.611073,
          32.974893
        ]
      },
      "properties": {
        "NO": "1304",
        "共通ID": "E4336900009111",
        "施設・場所名": "菊水小学校体育館",
        "住所": "熊本県和水町江田2891",
        "指定緊急避難場所との住所同一": "1",
        "その他市町村長が必要と認める事項": null,
        "受入対象者": null,
        "備考": ""
      }
    },
    {
      "type": "Feature",
      "geometry": {
        "type": "Point",
        "coordinates": [
          130.605685,
          32.977123
        ]
      },
      "properties": {
        "NO": "1305",
        "共通ID": "E4336900010111",
        "施設・場所名": "和水町中央公民館",
        "住所": "熊本県和水町江田3883-1",
        "指定緊急避難場所との住所同一": "1",
        "その他市町村長が必要と認める事項": null,
        "受入対象者": null,
        "備考": ""
      }
    },
    {
      "type": "Feature",
      "geometry": {
        "type": "Point",
        "coordinates": [
          130.605573,
          32.98182
        ]
      },
      "properties": {
        "NO": "1306",
        "共通ID": "E4336900012121",
        "施設・場所名": "特別養護老人ホーム　きくすい荘",
        "住所": "熊本県和水町江田4025",
        "指定緊急避難場所との住所同一": "",
        "その他市町村長が必要と認める事項": null,
        "受入対象者": "要配慮者",
        "備考": ""
      }
    },
    {
      "type": "Feature",
      "geometry": {
        "type": "Point",
        "coordinates": [
          130.604363,
          32.979573
        ]
      },
      "properties": {
        "NO": "1307",
        "共通ID": "E4336900013111",
        "施設・場所名": "菊水中学校体育館",
        "住所": "熊本県和水町江田4250",
        "指定緊急避難場所との住所同一": "1",
        "その他市町村長が必要と認める事項": null,
        "受入対象者": null,
        "備考": ""
      }
    },
    {
      "type": "Feature",
      "geometry": {
        "type": "Point",
        "coordinates": [
          130.614921,
          33.07057
        ]
      },
      "properties": {
        "NO": "1308",
        "共通ID": "E4336900016121",
        "施設・場所名": "介護老人保健施設　清風苑",
        "住所": "熊本県和水町上板楠1697-1",
        "指定緊急避難場所との住所同一": "",
        "その他市町村長が必要と認める事項": null,
        "受入対象者": "要配慮者",
        "備考": ""
      }
    },
    {
      "type": "Feature",
      "geometry": {
        "type": "Point",
        "coordinates": [
          130.612748,
          32.987041
        ]
      },
      "properties": {
        "NO": "1309",
        "共通ID": "E4336900018111",
        "施設・場所名": "和水町体育館",
        "住所": "熊本県和水町前原437-1",
        "指定緊急避難場所との住所同一": "1",
        "その他市町村長が必要と認める事項": null,
        "受入対象者": null,
        "備考": ""
      }
    },
    {
      "type": "Feature",
      "geometry": {
        "type": "Point",
        "coordinates": [
          130.605206,
          32.99074
        ]
      },
      "properties": {
        "NO": "1310",
        "共通ID": "E4336900019121",
        "施設・場所名": "特定非営利法人　黎明グループホーム夢路",
        "住所": "熊本県和水町前原90-1",
        "指定緊急避難場所との住所同一": "",
        "その他市町村長が必要と認める事項": null,
        "受入対象者": "要配慮者",
        "備考": ""
      }
    },
    {
      "type": "Feature",
      "geometry": {
        "type": "Point",
        "coordinates": [
          130.614158,
          33.035836
        ]
      },
      "properties": {
        "NO": "1311",
        "共通ID": "E4336900021111",
        "施設・場所名": "スカイドーム２０００",
        "住所": "熊本県和水町大田黒964",
        "指定緊急避難場所との住所同一": "1",
        "その他市町村長が必要と認める事項": null,
        "受入対象者": null,
        "備考": ""
      }
    },
    {
      "type": "Feature",
      "geometry": {
        "type": "Point",
        "coordinates": [
          130.621673,
          33.060487
        ]
      },
      "properties": {
        "NO": "1312",
        "共通ID": "E4336900026111",
        "施設・場所名": "三加和小学校体育館",
        "住所": "熊本県和水町板楠1001",
        "指定緊急避難場所との住所同一": "1",
        "その他市町村長が必要と認める事項": null,
        "受入対象者": null,
        "備考": ""
      }
    },
    {
      "type": "Feature",
      "geometry": {
        "type": "Point",
        "coordinates": [
          130.62435,
          33.070449
        ]
      },
      "properties": {
        "NO": "1313",
        "共通ID": "E4336900027111",
        "施設・場所名": "旧緑小学校体育館",
        "住所": "熊本県和水町板楠2982",
        "指定緊急避難場所との住所同一": "1",
        "その他市町村長が必要と認める事項": null,
        "受入対象者": null,
        "備考": ""
      }
    },
    {
      "type": "Feature",
      "geometry": {
        "type": "Point",
        "coordinates": [
          130.621719,
          33.06519
        ]
      },
      "properties": {
        "NO": "1314",
        "共通ID": "E4336900029111",
        "施設・場所名": "和水町三加和公民館",
        "住所": "熊本県和水町板楠76",
        "指定緊急避難場所との住所同一": "1",
        "その他市町村長が必要と認める事項": null,
        "受入対象者": null,
        "備考": ""
      }
    },
    {
      "type": "Feature",
      "geometry": {
        "type": "Point",
        "coordinates": [
          130.62274,
          33.03586
        ]
      },
      "properties": {
        "NO": "1315",
        "共通ID": "E4336900031111",
        "施設・場所名": "和水町福祉センター",
        "住所": "熊本県和水町平野1276-3",
        "指定緊急避難場所との住所同一": "1",
        "その他市町村長が必要と認める事項": null,
        "受入対象者": null,
        "備考": ""
      }
    },
    {
      "type": "Feature",
      "geometry": {
        "type": "Point",
        "coordinates": [
          130.621541,
          33.037096
        ]
      },
      "properties": {
        "NO": "1316",
        "共通ID": "E4336900032121",
        "施設・場所名": "特別養護老人ホーム　和楽荘",
        "住所": "熊本県和水町平野1300",
        "指定緊急避難場所との住所同一": "",
        "その他市町村長が必要と認める事項": null,
        "受入対象者": "要配慮者",
        "備考": ""
      }
    }
  ]
}